ISO-10303-21;
HEADER;
/* Generated by software containing ST-Developer
 * from STEP Tools, Inc. (www.steptools.com) 
 */

FILE_DESCRIPTION(
/* description */ (''),
/* implementation_level */ '2;1');

FILE_NAME(
/* name */ 'Jarned V1 -assembled-final.step',
/* time_stamp */ '2026-08-03T11:02:10+01:00',
/* author */ (''),
/* organization */ (''),
/* preprocessor_version */ 'ST-DEVELOPER v20.1',
/* originating_system */ 'Autodesk Translation Framework v15.8.0.0',
/* authorisation */ '');

FILE_SCHEMA (('AUTOMOTIVE_DESIGN { 1 0 10303 214 3 1 1 }'));
ENDSEC;

DATA;
#10=MECHANICAL_DESIGN_GEOMETRIC_PRESENTATION_REPRESENTATION('',(#43,#44,
#45,#46,#47,#48,#49,#50,#51,#52,#53,#54,#55,#56,#57,#58,#59,#60,#61,#62,
#63,#64,#65,#66,#67,#68,#69,#70,#71,#72,#73,#74,#75,#76,#77,#78,#79,#80,
#81,#82,#83,#84,#85,#86,#87,#88,#89,#90,#91,#92,#93,#94,#95,#96,#97,#98,
#99,#100,#101,#102,#103,#104,#105,#106,#107,#108,#109,#110,#111,#112,#113,
#114,#115,#116,#117,#118,#119,#120,#121,#122,#123,#124,#125,#126,#127,#128,
#129,#130,#131,#132,#133,#134,#135,#136,#137,#138,#139,#140,#141,#142,#143,
#144,#145),#7087);
#11=ITEM_DEFINED_TRANSFORMATION($,$,#4438,#4542);
#12=ITEM_DEFINED_TRANSFORMATION($,$,#4437,#4713);
#13=ITEM_DEFINED_TRANSFORMATION($,$,#4543,#4714);
#14=ITEM_DEFINED_TRANSFORMATION($,$,#4409,#4762);
#15=ITEM_DEFINED_TRANSFORMATION($,$,#4436,#4763);
#16=ITEM_DEFINED_TRANSFORMATION($,$,#4715,#4764);
#17=(
REPRESENTATION_RELATIONSHIP($,$,#7116,#7115)
REPRESENTATION_RELATIONSHIP_WITH_TRANSFORMATION(#11)
SHAPE_REPRESENTATION_RELATIONSHIP()
);
#18=(
REPRESENTATION_RELATIONSHIP($,$,#7115,#7114)
REPRESENTATION_RELATIONSHIP_WITH_TRANSFORMATION(#12)
SHAPE_REPRESENTATION_RELATIONSHIP()
);
#19=(
REPRESENTATION_RELATIONSHIP($,$,#7117,#7114)
REPRESENTATION_RELATIONSHIP_WITH_TRANSFORMATION(#13)
SHAPE_REPRESENTATION_RELATIONSHIP()
);
#20=(
REPRESENTATION_RELATIONSHIP($,$,#7113,#7112)
REPRESENTATION_RELATIONSHIP_WITH_TRANSFORMATION(#14)
SHAPE_REPRESENTATION_RELATIONSHIP()
);
#21=(
REPRESENTATION_RELATIONSHIP($,$,#7114,#7112)
REPRESENTATION_RELATIONSHIP_WITH_TRANSFORMATION(#15)
SHAPE_REPRESENTATION_RELATIONSHIP()
);
#22=(
REPRESENTATION_RELATIONSHIP($,$,#7118,#7112)
REPRESENTATION_RELATIONSHIP_WITH_TRANSFORMATION(#16)
SHAPE_REPRESENTATION_RELATIONSHIP()
);
#23=CONTEXT_DEPENDENT_SHAPE_REPRESENTATION(#17,#7104);
#24=CONTEXT_DEPENDENT_SHAPE_REPRESENTATION(#18,#7106);
#25=CONTEXT_DEPENDENT_SHAPE_REPRESENTATION(#19,#7107);
#26=CONTEXT_DEPENDENT_SHAPE_REPRESENTATION(#20,#7109);
#27=CONTEXT_DEPENDENT_SHAPE_REPRESENTATION(#21,#7110);
#28=CONTEXT_DEPENDENT_SHAPE_REPRESENTATION(#22,#7111);
#29=NEXT_ASSEMBLY_USAGE_OCCURRENCE('Fan_Pin_Header_Straight_1x04:1',
'Fan_Pin_Header_Straight_1x04:1','Fan_Pin_Header_Straight_1x04:1',#7123,
#7124,'Fan_Pin_Header_Straight_1x04:1');
#30=NEXT_ASSEMBLY_USAGE_OCCURRENCE(
'FanPinHeader_1x04_P2.54mm_Vertical:1',
'FanPinHeader_1x04_P2.54mm_Vertical:1',
'FanPinHeader_1x04_P2.54mm_Vertical:1',#7122,#7123,
'FanPinHeader_1x04_P2.54mm_Vertical:1');
#31=NEXT_ASSEMBLY_USAGE_OCCURRENCE('Jarned V1_PCB:1','Jarned V1_PCB:1',
'Jarned V1_PCB:1',#7122,#7125,'Jarned V1_PCB:1');
#32=NEXT_ASSEMBLY_USAGE_OCCURRENCE('Jarned V1 - Bottom 2:1',
'Jarned V1 - Bottom 2:1','Jarned V1 - Bottom 2:1',#7120,#7121,
'Jarned V1 - Bottom 2:1');
#33=NEXT_ASSEMBLY_USAGE_OCCURRENCE('pcb:1','pcb:1','pcb:1',#7120,#7122,
'pcb:1');
#34=NEXT_ASSEMBLY_USAGE_OCCURRENCE('Jarned V1 - Top 2:1',
'Jarned V1 - Top 2:1','Jarned V1 - Top 2:1',#7120,#7126,
'Jarned V1 - Top 2:1');
#35=SHAPE_REPRESENTATION_RELATIONSHIP('SRR','None',#7113,#39);
#36=SHAPE_REPRESENTATION_RELATIONSHIP('SRR','None',#7116,#40);
#37=SHAPE_REPRESENTATION_RELATIONSHIP('SRR','None',#7117,#41);
#38=SHAPE_REPRESENTATION_RELATIONSHIP('SRR','None',#7118,#42);
#39=ADVANCED_BREP_SHAPE_REPRESENTATION('',(#146),#7081);
#40=ADVANCED_BREP_SHAPE_REPRESENTATION('',(#147),#7084);
#41=ADVANCED_BREP_SHAPE_REPRESENTATION('',(#148),#7085);
#42=ADVANCED_BREP_SHAPE_REPRESENTATION('',(#149),#7086);
#43=STYLED_ITEM('',(#7151),#146);
#44=STYLED_ITEM('',(#7152),#4159);
#45=STYLED_ITEM('',(#7152),#4160);
#46=STYLED_ITEM('',(#7152),#4161);
#47=STYLED_ITEM('',(#7152),#4162);
#48=STYLED_ITEM('',(#7152),#4163);
#49=STYLED_ITEM('',(#7152),#4164);
#50=STYLED_ITEM('',(#7152),#4165);
#51=STYLED_ITEM('',(#7152),#4166);
#52=STYLED_ITEM('',(#7152),#4167);
#53=STYLED_ITEM('',(#7152),#4168);
#54=STYLED_ITEM('',(#7152),#4169);
#55=STYLED_ITEM('',(#7152),#4170);
#56=STYLED_ITEM('',(#7152),#4171);
#57=STYLED_ITEM('',(#7152),#4172);
#58=STYLED_ITEM('',(#7152),#4173);
#59=STYLED_ITEM('',(#7152),#4174);
#60=STYLED_ITEM('',(#7152),#4175);
#61=STYLED_ITEM('',(#7153),#4176);
#62=STYLED_ITEM('',(#7153),#4177);
#63=STYLED_ITEM('',(#7153),#4178);
#64=STYLED_ITEM('',(#7153),#4179);
#65=STYLED_ITEM('',(#7153),#4180);
#66=STYLED_ITEM('',(#7153),#4181);
#67=STYLED_ITEM('',(#7153),#4182);
#68=STYLED_ITEM('',(#7153),#4183);
#69=STYLED_ITEM('',(#7153),#4184);
#70=STYLED_ITEM('',(#7153),#4185);
#71=STYLED_ITEM('',(#7153),#4186);
#72=STYLED_ITEM('',(#7153),#4187);
#73=STYLED_ITEM('',(#7153),#4188);
#74=STYLED_ITEM('',(#7153),#4189);
#75=STYLED_ITEM('',(#7153),#4190);
#76=STYLED_ITEM('',(#7153),#4191);
#77=STYLED_ITEM('',(#7153),#4192);
#78=STYLED_ITEM('',(#7153),#4193);
#79=STYLED_ITEM('',(#7153),#4194);
#80=STYLED_ITEM('',(#7153),#4195);
#81=STYLED_ITEM('',(#7153),#4196);
#82=STYLED_ITEM('',(#7153),#4197);
#83=STYLED_ITEM('',(#7153),#4198);
#84=STYLED_ITEM('',(#7153),#4199);
#85=STYLED_ITEM('',(#7153),#4200);
#86=STYLED_ITEM('',(#7153),#4201);
#87=STYLED_ITEM('',(#7153),#4202);
#88=STYLED_ITEM('',(#7153),#4203);
#89=STYLED_ITEM('',(#7153),#4204);
#90=STYLED_ITEM('',(#7153),#4205);
#91=STYLED_ITEM('',(#7153),#4206);
#92=STYLED_ITEM('',(#7153),#4207);
#93=STYLED_ITEM('',(#7152),#4208);
#94=STYLED_ITEM('',(#7152),#4209);
#95=STYLED_ITEM('',(#7152),#4210);
#96=STYLED_ITEM('',(#7152),#4211);
#97=STYLED_ITEM('',(#7152),#4212);
#98=STYLED_ITEM('',(#7153),#4213);
#99=STYLED_ITEM('',(#7153),#4214);
#100=STYLED_ITEM('',(#7153),#4215);
#101=STYLED_ITEM('',(#7153),#4216);
#102=STYLED_ITEM('',(#7153),#4217);
#103=STYLED_ITEM('',(#7153),#4218);
#104=STYLED_ITEM('',(#7153),#4219);
#105=STYLED_ITEM('',(#7153),#4220);
#106=STYLED_ITEM('',(#7153),#4221);
#107=STYLED_ITEM('',(#7153),#4222);
#108=STYLED_ITEM('',(#7153),#4223);
#109=STYLED_ITEM('',(#7153),#4224);
#110=STYLED_ITEM('',(#7153),#4225);
#111=STYLED_ITEM('',(#7153),#4226);
#112=STYLED_ITEM('',(#7153),#4227);
#113=STYLED_ITEM('',(#7153),#4228);
#114=STYLED_ITEM('',(#7153),#4229);
#115=STYLED_ITEM('',(#7153),#4230);
#116=STYLED_ITEM('',(#7153),#4231);
#117=STYLED_ITEM('',(#7153),#4232);
#118=STYLED_ITEM('',(#7153),#4233);
#119=STYLED_ITEM('',(#7153),#4234);
#120=STYLED_ITEM('',(#7153),#4235);
#121=STYLED_ITEM('',(#7153),#4236);
#122=STYLED_ITEM('',(#7153),#4237);
#123=STYLED_ITEM('',(#7153),#4238);
#124=STYLED_ITEM('',(#7153),#4239);
#125=STYLED_ITEM('',(#7153),#4240);
#126=STYLED_ITEM('',(#7153),#4241);
#127=STYLED_ITEM('',(#7153),#4242);
#128=STYLED_ITEM('',(#7153),#4243);
#129=STYLED_ITEM('',(#7153),#4244);
#130=STYLED_ITEM('',(#7152),#4245);
#131=STYLED_ITEM('',(#7152),#4246);
#132=STYLED_ITEM('',(#7152),#4247);
#133=STYLED_ITEM('',(#7152),#4248);
#134=STYLED_ITEM('',(#7153),#4249);
#135=STYLED_ITEM('',(#7153),#4250);
#136=STYLED_ITEM('',(#7153),#4251);
#137=STYLED_ITEM('',(#7153),#4252);
#138=STYLED_ITEM('',(#7153),#4253);
#139=STYLED_ITEM('',(#7153),#4254);
#140=STYLED_ITEM('',(#7153),#4255);
#141=STYLED_ITEM('',(#7153),#4256);
#142=STYLED_ITEM('',(#7152),#4257);
#143=STYLED_ITEM('',(#7151),#147);
#144=STYLED_ITEM('',(#7154),#148);
#145=STYLED_ITEM('',(#7151),#149);
#146=MANIFOLD_SOLID_BREP('Body1',#4359);
#147=MANIFOLD_SOLID_BREP('Body1',#4360);
#148=MANIFOLD_SOLID_BREP('Body1',#4361);
#149=MANIFOLD_SOLID_BREP('Body1',#4362);
#150=FACE_BOUND('',#714,.T.);
#151=FACE_BOUND('',#718,.T.);
#152=FACE_BOUND('',#719,.T.);
#153=FACE_BOUND('',#720,.T.);
#154=FACE_BOUND('',#721,.T.);
#155=FACE_BOUND('',#722,.T.);
#156=FACE_BOUND('',#724,.T.);
#157=FACE_BOUND('',#725,.T.);
#158=FACE_BOUND('',#726,.T.);
#159=FACE_BOUND('',#727,.T.);
#160=FACE_BOUND('',#732,.T.);
#161=FACE_BOUND('',#734,.T.);
#162=FACE_BOUND('',#735,.T.);
#163=FACE_BOUND('',#736,.T.);
#164=FACE_BOUND('',#737,.T.);
#165=FACE_BOUND('',#741,.T.);
#166=FACE_BOUND('',#742,.T.);
#167=FACE_BOUND('',#743,.T.);
#168=FACE_BOUND('',#744,.T.);
#169=FACE_BOUND('',#840,.T.);
#170=FACE_BOUND('',#841,.T.);
#171=FACE_BOUND('',#842,.T.);
#172=FACE_BOUND('',#843,.T.);
#173=FACE_BOUND('',#844,.T.);
#174=FACE_BOUND('',#845,.T.);
#175=FACE_BOUND('',#846,.T.);
#176=FACE_BOUND('',#847,.T.);
#177=FACE_BOUND('',#848,.T.);
#178=FACE_BOUND('',#849,.T.);
#179=FACE_BOUND('',#850,.T.);
#180=FACE_BOUND('',#851,.T.);
#181=FACE_BOUND('',#852,.T.);
#182=FACE_BOUND('',#853,.T.);
#183=FACE_BOUND('',#854,.T.);
#184=FACE_BOUND('',#855,.T.);
#185=FACE_BOUND('',#856,.T.);
#186=FACE_BOUND('',#857,.T.);
#187=FACE_BOUND('',#858,.T.);
#188=FACE_BOUND('',#859,.T.);
#189=FACE_BOUND('',#860,.T.);
#190=FACE_BOUND('',#861,.T.);
#191=FACE_BOUND('',#862,.T.);
#192=FACE_BOUND('',#863,.T.);
#193=FACE_BOUND('',#864,.T.);
#194=FACE_BOUND('',#865,.T.);
#195=FACE_BOUND('',#866,.T.);
#196=FACE_BOUND('',#867,.T.);
#197=FACE_BOUND('',#868,.T.);
#198=FACE_BOUND('',#869,.T.);
#199=FACE_BOUND('',#870,.T.);
#200=FACE_BOUND('',#871,.T.);
#201=FACE_BOUND('',#872,.T.);
#202=FACE_BOUND('',#873,.T.);
#203=FACE_BOUND('',#874,.T.);
#204=FACE_BOUND('',#875,.T.);
#205=FACE_BOUND('',#876,.T.);
#206=FACE_BOUND('',#877,.T.);
#207=FACE_BOUND('',#878,.T.);
#208=FACE_BOUND('',#879,.T.);
#209=FACE_BOUND('',#880,.T.);
#210=FACE_BOUND('',#881,.T.);
#211=FACE_BOUND('',#882,.T.);
#212=FACE_BOUND('',#883,.T.);
#213=FACE_BOUND('',#884,.T.);
#214=FACE_BOUND('',#885,.T.);
#215=FACE_BOUND('',#886,.T.);
#216=FACE_BOUND('',#887,.T.);
#217=FACE_BOUND('',#888,.T.);
#218=FACE_BOUND('',#889,.T.);
#219=FACE_BOUND('',#890,.T.);
#220=FACE_BOUND('',#892,.T.);
#221=FACE_BOUND('',#893,.T.);
#222=FACE_BOUND('',#894,.T.);
#223=FACE_BOUND('',#895,.T.);
#224=FACE_BOUND('',#896,.T.);
#225=FACE_BOUND('',#897,.T.);
#226=FACE_BOUND('',#898,.T.);
#227=FACE_BOUND('',#899,.T.);
#228=FACE_BOUND('',#900,.T.);
#229=FACE_BOUND('',#901,.T.);
#230=FACE_BOUND('',#902,.T.);
#231=FACE_BOUND('',#903,.T.);
#232=FACE_BOUND('',#904,.T.);
#233=FACE_BOUND('',#905,.T.);
#234=FACE_BOUND('',#906,.T.);
#235=FACE_BOUND('',#907,.T.);
#236=FACE_BOUND('',#908,.T.);
#237=FACE_BOUND('',#909,.T.);
#238=FACE_BOUND('',#910,.T.);
#239=FACE_BOUND('',#911,.T.);
#240=FACE_BOUND('',#912,.T.);
#241=FACE_BOUND('',#913,.T.);
#242=FACE_BOUND('',#914,.T.);
#243=FACE_BOUND('',#915,.T.);
#244=FACE_BOUND('',#916,.T.);
#245=FACE_BOUND('',#917,.T.);
#246=FACE_BOUND('',#918,.T.);
#247=FACE_BOUND('',#919,.T.);
#248=FACE_BOUND('',#920,.T.);
#249=FACE_BOUND('',#921,.T.);
#250=FACE_BOUND('',#922,.T.);
#251=FACE_BOUND('',#923,.T.);
#252=FACE_BOUND('',#924,.T.);
#253=FACE_BOUND('',#925,.T.);
#254=FACE_BOUND('',#926,.T.);
#255=FACE_BOUND('',#927,.T.);
#256=FACE_BOUND('',#928,.T.);
#257=FACE_BOUND('',#929,.T.);
#258=FACE_BOUND('',#930,.T.);
#259=FACE_BOUND('',#931,.T.);
#260=FACE_BOUND('',#932,.T.);
#261=FACE_BOUND('',#933,.T.);
#262=FACE_BOUND('',#934,.T.);
#263=FACE_BOUND('',#935,.T.);
#264=FACE_BOUND('',#936,.T.);
#265=FACE_BOUND('',#937,.T.);
#266=FACE_BOUND('',#938,.T.);
#267=FACE_BOUND('',#939,.T.);
#268=FACE_BOUND('',#940,.T.);
#269=FACE_BOUND('',#941,.T.);
#270=FACE_BOUND('',#942,.T.);
#271=FACE_BOUND('',#1038,.T.);
#272=FACE_BOUND('',#1039,.T.);
#273=FACE_BOUND('',#1040,.T.);
#274=FACE_BOUND('',#1041,.T.);
#275=FACE_BOUND('',#1042,.T.);
#276=FACE_BOUND('',#1043,.T.);
#277=FACE_BOUND('',#1044,.T.);
#278=FACE_BOUND('',#1045,.T.);
#279=FACE_BOUND('',#1046,.T.);
#280=FACE_BOUND('',#1047,.T.);
#281=FACE_BOUND('',#1048,.T.);
#282=FACE_BOUND('',#1050,.T.);
#283=FACE_BOUND('',#1051,.T.);
#284=FACE_BOUND('',#1052,.T.);
#285=FACE_BOUND('',#1053,.T.);
#286=FACE_BOUND('',#1054,.T.);
#287=FACE_BOUND('',#1055,.T.);
#288=FACE_BOUND('',#1056,.T.);
#289=FACE_BOUND('',#1057,.T.);
#290=FACE_BOUND('',#1058,.T.);
#291=FACE_BOUND('',#1059,.T.);
#292=FACE_BOUND('',#1060,.T.);
#293=CIRCLE('',#4415,1.6);
#294=CIRCLE('',#4416,1.6);
#295=CIRCLE('',#4418,1.6);
#296=CIRCLE('',#4419,1.6);
#297=CIRCLE('',#4421,1.6);
#298=CIRCLE('',#4422,1.6);
#299=CIRCLE('',#4424,1.6);
#300=CIRCLE('',#4425,1.6);
#301=CIRCLE('',#4441,0.5);
#302=CIRCLE('',#4443,0.5);
#303=CIRCLE('',#4445,0.475);
#304=CIRCLE('',#4457,0.475);
#305=CIRCLE('',#4548,0.85);
#306=CIRCLE('',#4549,2.);
#307=CIRCLE('',#4550,0.75);
#308=CIRCLE('',#4551,0.85);
#309=CIRCLE('',#4552,0.75);
#310=CIRCLE('',#4553,0.85);
#311=CIRCLE('',#4554,0.75);
#312=CIRCLE('',#4555,2.);
#313=CIRCLE('',#4556,0.85);
#314=CIRCLE('',#4557,0.85);
#315=CIRCLE('',#4558,0.75);
#316=CIRCLE('',#4559,0.85);
#317=CIRCLE('',#4560,2.);
#318=CIRCLE('',#4561,0.75);
#319=CIRCLE('',#4562,0.85);
#320=CIRCLE('',#4563,0.75);
#321=CIRCLE('',#4564,2.);
#322=CIRCLE('',#4565,0.85);
#323=CIRCLE('',#4566,0.85);
#324=CIRCLE('',#4567,0.75);
#325=CIRCLE('',#4568,2.);
#326=CIRCLE('',#4569,0.85);
#327=CIRCLE('',#4570,0.75);
#328=CIRCLE('',#4571,0.5);
#329=CIRCLE('',#4572,0.5);
#330=CIRCLE('',#4573,0.5);
#331=CIRCLE('',#4574,0.5);
#332=CIRCLE('',#4575,0.5);
#333=CIRCLE('',#4576,0.5);
#334=CIRCLE('',#4577,0.5);
#335=CIRCLE('',#4578,0.5);
#336=CIRCLE('',#4579,0.5);
#337=CIRCLE('',#4580,0.5);
#338=CIRCLE('',#4581,0.5);
#339=CIRCLE('',#4582,0.5);
#340=CIRCLE('',#4583,0.5);
#341=CIRCLE('',#4584,0.5);
#342=CIRCLE('',#4585,0.75);
#343=CIRCLE('',#4586,0.75);
#344=CIRCLE('',#4587,0.51);
#345=CIRCLE('',#4588,0.51);
#346=CIRCLE('',#4589,0.55);
#347=CIRCLE('',#4590,0.5);
#348=CIRCLE('',#4591,0.5);
#349=CIRCLE('',#4592,0.51);
#350=CIRCLE('',#4593,0.51);
#351=CIRCLE('',#4594,0.5);
#352=CIRCLE('',#4595,0.75);
#353=CIRCLE('',#4596,0.75);
#354=CIRCLE('',#4597,0.5);
#355=CIRCLE('',#4598,0.75);
#356=CIRCLE('',#4599,0.75);
#357=CIRCLE('',#4600,0.5);
#358=CIRCLE('',#4602,0.85);
#359=CIRCLE('',#4603,2.);
#360=CIRCLE('',#4604,0.75);
#361=CIRCLE('',#4605,0.85);
#362=CIRCLE('',#4606,0.75);
#363=CIRCLE('',#4607,0.85);
#364=CIRCLE('',#4608,0.75);
#365=CIRCLE('',#4609,2.);
#366=CIRCLE('',#4610,0.85);
#367=CIRCLE('',#4611,0.85);
#368=CIRCLE('',#4612,0.75);
#369=CIRCLE('',#4613,0.85);
#370=CIRCLE('',#4614,2.);
#371=CIRCLE('',#4615,0.75);
#372=CIRCLE('',#4616,0.85);
#373=CIRCLE('',#4617,0.75);
#374=CIRCLE('',#4618,2.);
#375=CIRCLE('',#4619,0.85);
#376=CIRCLE('',#4620,0.85);
#377=CIRCLE('',#4621,0.75);
#378=CIRCLE('',#4622,2.);
#379=CIRCLE('',#4623,0.85);
#380=CIRCLE('',#4624,0.75);
#381=CIRCLE('',#4625,0.5);
#382=CIRCLE('',#4626,0.5);
#383=CIRCLE('',#4627,0.5);
#384=CIRCLE('',#4628,0.5);
#385=CIRCLE('',#4629,0.5);
#386=CIRCLE('',#4630,0.5);
#387=CIRCLE('',#4631,0.5);
#388=CIRCLE('',#4632,0.5);
#389=CIRCLE('',#4633,0.5);
#390=CIRCLE('',#4634,0.5);
#391=CIRCLE('',#4635,0.5);
#392=CIRCLE('',#4636,0.5);
#393=CIRCLE('',#4637,0.5);
#394=CIRCLE('',#4638,0.5);
#395=CIRCLE('',#4639,0.75);
#396=CIRCLE('',#4640,0.75);
#397=CIRCLE('',#4641,0.51);
#398=CIRCLE('',#4642,0.51);
#399=CIRCLE('',#4643,0.55);
#400=CIRCLE('',#4644,0.5);
#401=CIRCLE('',#4645,0.5);
#402=CIRCLE('',#4646,0.51);
#403=CIRCLE('',#4647,0.51);
#404=CIRCLE('',#4648,0.5);
#405=CIRCLE('',#4649,0.75);
#406=CIRCLE('',#4650,0.75);
#407=CIRCLE('',#4651,0.5);
#408=CIRCLE('',#4652,0.75);
#409=CIRCLE('',#4653,0.75);
#410=CIRCLE('',#4654,0.5);
#411=CIRCLE('',#4745,2.05);
#412=CIRCLE('',#4746,2.05);
#413=CIRCLE('',#4748,2.05);
#414=CIRCLE('',#4749,2.05);
#415=CIRCLE('',#4751,2.05);
#416=CIRCLE('',#4752,2.05);
#417=CIRCLE('',#4754,2.05);
#418=CIRCLE('',#4755,2.05);
#419=CYLINDRICAL_SURFACE('',#4414,1.6);
#420=CYLINDRICAL_SURFACE('',#4417,1.6);
#421=CYLINDRICAL_SURFACE('',#4420,1.6);
#422=CYLINDRICAL_SURFACE('',#4423,1.6);
#423=CYLINDRICAL_SURFACE('',#4451,0.5);
#424=CYLINDRICAL_SURFACE('',#4456,0.475);
#425=CYLINDRICAL_SURFACE('',#4656,0.85);
#426=CYLINDRICAL_SURFACE('',#4657,2.);
#427=CYLINDRICAL_SURFACE('',#4658,0.75);
#428=CYLINDRICAL_SURFACE('',#4659,0.85);
#429=CYLINDRICAL_SURFACE('',#4660,0.75);
#430=CYLINDRICAL_SURFACE('',#4661,0.85);
#431=CYLINDRICAL_SURFACE('',#4662,0.75);
#432=CYLINDRICAL_SURFACE('',#4663,2.);
#433=CYLINDRICAL_SURFACE('',#4664,0.85);
#434=CYLINDRICAL_SURFACE('',#4665,0.85);
#435=CYLINDRICAL_SURFACE('',#4666,0.75);
#436=CYLINDRICAL_SURFACE('',#4667,0.85);
#437=CYLINDRICAL_SURFACE('',#4668,2.);
#438=CYLINDRICAL_SURFACE('',#4669,0.75);
#439=CYLINDRICAL_SURFACE('',#4670,0.85);
#440=CYLINDRICAL_SURFACE('',#4671,0.75);
#441=CYLINDRICAL_SURFACE('',#4672,2.);
#442=CYLINDRICAL_SURFACE('',#4673,0.85);
#443=CYLINDRICAL_SURFACE('',#4674,0.85);
#444=CYLINDRICAL_SURFACE('',#4675,0.75);
#445=CYLINDRICAL_SURFACE('',#4676,2.);
#446=CYLINDRICAL_SURFACE('',#4677,0.85);
#447=CYLINDRICAL_SURFACE('',#4678,0.75);
#448=CYLINDRICAL_SURFACE('',#4679,0.5);
#449=CYLINDRICAL_SURFACE('',#4680,0.5);
#450=CYLINDRICAL_SURFACE('',#4681,0.5);
#451=CYLINDRICAL_SURFACE('',#4682,0.5);
#452=CYLINDRICAL_SURFACE('',#4683,0.5);
#453=CYLINDRICAL_SURFACE('',#4684,0.5);
#454=CYLINDRICAL_SURFACE('',#4685,0.5);
#455=CYLINDRICAL_SURFACE('',#4686,0.5);
#456=CYLINDRICAL_SURFACE('',#4687,0.5);
#457=CYLINDRICAL_SURFACE('',#4688,0.5);
#458=CYLINDRICAL_SURFACE('',#4689,0.5);
#459=CYLINDRICAL_SURFACE('',#4690,0.5);
#460=CYLINDRICAL_SURFACE('',#4691,0.5);
#461=CYLINDRICAL_SURFACE('',#4692,0.5);
#462=CYLINDRICAL_SURFACE('',#4693,0.75);
#463=CYLINDRICAL_SURFACE('',#4694,0.75);
#464=CYLINDRICAL_SURFACE('',#4695,0.51);
#465=CYLINDRICAL_SURFACE('',#4696,0.51);
#466=CYLINDRICAL_SURFACE('',#4697,0.55);
#467=CYLINDRICAL_SURFACE('',#4698,0.5);
#468=CYLINDRICAL_SURFACE('',#4699,0.5);
#469=CYLINDRICAL_SURFACE('',#4700,0.51);
#470=CYLINDRICAL_SURFACE('',#4701,0.51);
#471=CYLINDRICAL_SURFACE('',#4702,0.5);
#472=CYLINDRICAL_SURFACE('',#4703,0.75);
#473=CYLINDRICAL_SURFACE('',#4705,0.75);
#474=CYLINDRICAL_SURFACE('',#4707,0.5);
#475=CYLINDRICAL_SURFACE('',#4708,0.75);
#476=CYLINDRICAL_SURFACE('',#4710,0.75);
#477=CYLINDRICAL_SURFACE('',#4712,0.5);
#478=CYLINDRICAL_SURFACE('',#4744,2.05);
#479=CYLINDRICAL_SURFACE('',#4747,2.05);
#480=CYLINDRICAL_SURFACE('',#4750,2.05);
#481=CYLINDRICAL_SURFACE('',#4753,2.05);
#482=FACE_OUTER_BOUND('',#700,.T.);
#483=FACE_OUTER_BOUND('',#701,.T.);
#484=FACE_OUTER_BOUND('',#702,.T.);
#485=FACE_OUTER_BOUND('',#703,.T.);
#486=FACE_OUTER_BOUND('',#704,.T.);
#487=FACE_OUTER_BOUND('',#705,.T.);
#488=FACE_OUTER_BOUND('',#706,.T.);
#489=FACE_OUTER_BOUND('',#707,.T.);
#490=FACE_OUTER_BOUND('',#708,.T.);
#491=FACE_OUTER_BOUND('',#709,.T.);
#492=FACE_OUTER_BOUND('',#710,.T.);
#493=FACE_OUTER_BOUND('',#711,.T.);
#494=FACE_OUTER_BOUND('',#712,.T.);
#495=FACE_OUTER_BOUND('',#713,.T.);
#496=FACE_OUTER_BOUND('',#715,.T.);
#497=FACE_OUTER_BOUND('',#716,.T.);
#498=FACE_OUTER_BOUND('',#717,.T.);
#499=FACE_OUTER_BOUND('',#723,.T.);
#500=FACE_OUTER_BOUND('',#728,.T.);
#501=FACE_OUTER_BOUND('',#729,.T.);
#502=FACE_OUTER_BOUND('',#730,.T.);
#503=FACE_OUTER_BOUND('',#731,.T.);
#504=FACE_OUTER_BOUND('',#733,.T.);
#505=FACE_OUTER_BOUND('',#738,.T.);
#506=FACE_OUTER_BOUND('',#739,.T.);
#507=FACE_OUTER_BOUND('',#740,.T.);
#508=FACE_OUTER_BOUND('',#745,.T.);
#509=FACE_OUTER_BOUND('',#746,.T.);
#510=FACE_OUTER_BOUND('',#747,.T.);
#511=FACE_OUTER_BOUND('',#748,.T.);
#512=FACE_OUTER_BOUND('',#749,.T.);
#513=FACE_OUTER_BOUND('',#750,.T.);
#514=FACE_OUTER_BOUND('',#751,.T.);
#515=FACE_OUTER_BOUND('',#752,.T.);
#516=FACE_OUTER_BOUND('',#753,.T.);
#517=FACE_OUTER_BOUND('',#754,.T.);
#518=FACE_OUTER_BOUND('',#755,.T.);
#519=FACE_OUTER_BOUND('',#756,.T.);
#520=FACE_OUTER_BOUND('',#757,.T.);
#521=FACE_OUTER_BOUND('',#758,.T.);
#522=FACE_OUTER_BOUND('',#759,.T.);
#523=FACE_OUTER_BOUND('',#760,.T.);
#524=FACE_OUTER_BOUND('',#761,.T.);
#525=FACE_OUTER_BOUND('',#762,.T.);
#526=FACE_OUTER_BOUND('',#763,.T.);
#527=FACE_OUTER_BOUND('',#764,.T.);
#528=FACE_OUTER_BOUND('',#765,.T.);
#529=FACE_OUTER_BOUND('',#766,.T.);
#530=FACE_OUTER_BOUND('',#767,.T.);
#531=FACE_OUTER_BOUND('',#768,.T.);
#532=FACE_OUTER_BOUND('',#769,.T.);
#533=FACE_OUTER_BOUND('',#770,.T.);
#534=FACE_OUTER_BOUND('',#771,.T.);
#535=FACE_OUTER_BOUND('',#772,.T.);
#536=FACE_OUTER_BOUND('',#773,.T.);
#537=FACE_OUTER_BOUND('',#774,.T.);
#538=FACE_OUTER_BOUND('',#775,.T.);
#539=FACE_OUTER_BOUND('',#776,.T.);
#540=FACE_OUTER_BOUND('',#777,.T.);
#541=FACE_OUTER_BOUND('',#778,.T.);
#542=FACE_OUTER_BOUND('',#779,.T.);
#543=FACE_OUTER_BOUND('',#780,.T.);
#544=FACE_OUTER_BOUND('',#781,.T.);
#545=FACE_OUTER_BOUND('',#782,.T.);
#546=FACE_OUTER_BOUND('',#783,.T.);
#547=FACE_OUTER_BOUND('',#784,.T.);
#548=FACE_OUTER_BOUND('',#785,.T.);
#549=FACE_OUTER_BOUND('',#786,.T.);
#550=FACE_OUTER_BOUND('',#787,.T.);
#551=FACE_OUTER_BOUND('',#788,.T.);
#552=FACE_OUTER_BOUND('',#789,.T.);
#553=FACE_OUTER_BOUND('',#790,.T.);
#554=FACE_OUTER_BOUND('',#791,.T.);
#555=FACE_OUTER_BOUND('',#792,.T.);
#556=FACE_OUTER_BOUND('',#793,.T.);
#557=FACE_OUTER_BOUND('',#794,.T.);
#558=FACE_OUTER_BOUND('',#795,.T.);
#559=FACE_OUTER_BOUND('',#796,.T.);
#560=FACE_OUTER_BOUND('',#797,.T.);
#561=FACE_OUTER_BOUND('',#798,.T.);
#562=FACE_OUTER_BOUND('',#799,.T.);
#563=FACE_OUTER_BOUND('',#800,.T.);
#564=FACE_OUTER_BOUND('',#801,.T.);
#565=FACE_OUTER_BOUND('',#802,.T.);
#566=FACE_OUTER_BOUND('',#803,.T.);
#567=FACE_OUTER_BOUND('',#804,.T.);
#568=FACE_OUTER_BOUND('',#805,.T.);
#569=FACE_OUTER_BOUND('',#806,.T.);
#570=FACE_OUTER_BOUND('',#807,.T.);
#571=FACE_OUTER_BOUND('',#808,.T.);
#572=FACE_OUTER_BOUND('',#809,.T.);
#573=FACE_OUTER_BOUND('',#810,.T.);
#574=FACE_OUTER_BOUND('',#811,.T.);
#575=FACE_OUTER_BOUND('',#812,.T.);
#576=FACE_OUTER_BOUND('',#813,.T.);
#577=FACE_OUTER_BOUND('',#814,.T.);
#578=FACE_OUTER_BOUND('',#815,.T.);
#579=FACE_OUTER_BOUND('',#816,.T.);
#580=FACE_OUTER_BOUND('',#817,.T.);
#581=FACE_OUTER_BOUND('',#818,.T.);
#582=FACE_OUTER_BOUND('',#819,.T.);
#583=FACE_OUTER_BOUND('',#820,.T.);
#584=FACE_OUTER_BOUND('',#821,.T.);
#585=FACE_OUTER_BOUND('',#822,.T.);
#586=FACE_OUTER_BOUND('',#823,.T.);
#587=FACE_OUTER_BOUND('',#824,.T.);
#588=FACE_OUTER_BOUND('',#825,.T.);
#589=FACE_OUTER_BOUND('',#826,.T.);
#590=FACE_OUTER_BOUND('',#827,.T.);
#591=FACE_OUTER_BOUND('',#828,.T.);
#592=FACE_OUTER_BOUND('',#829,.T.);
#593=FACE_OUTER_BOUND('',#830,.T.);
#594=FACE_OUTER_BOUND('',#831,.T.);
#595=FACE_OUTER_BOUND('',#832,.T.);
#596=FACE_OUTER_BOUND('',#833,.T.);
#597=FACE_OUTER_BOUND('',#834,.T.);
#598=FACE_OUTER_BOUND('',#835,.T.);
#599=FACE_OUTER_BOUND('',#836,.T.);
#600=FACE_OUTER_BOUND('',#837,.T.);
#601=FACE_OUTER_BOUND('',#838,.T.);
#602=FACE_OUTER_BOUND('',#839,.T.);
#603=FACE_OUTER_BOUND('',#891,.T.);
#604=FACE_OUTER_BOUND('',#943,.T.);
#605=FACE_OUTER_BOUND('',#944,.T.);
#606=FACE_OUTER_BOUND('',#945,.T.);
#607=FACE_OUTER_BOUND('',#946,.T.);
#608=FACE_OUTER_BOUND('',#947,.T.);
#609=FACE_OUTER_BOUND('',#948,.T.);
#610=FACE_OUTER_BOUND('',#949,.T.);
#611=FACE_OUTER_BOUND('',#950,.T.);
#612=FACE_OUTER_BOUND('',#951,.T.);
#613=FACE_OUTER_BOUND('',#952,.T.);
#614=FACE_OUTER_BOUND('',#953,.T.);
#615=FACE_OUTER_BOUND('',#954,.T.);
#616=FACE_OUTER_BOUND('',#955,.T.);
#617=FACE_OUTER_BOUND('',#956,.T.);
#618=FACE_OUTER_BOUND('',#957,.T.);
#619=FACE_OUTER_BOUND('',#958,.T.);
#620=FACE_OUTER_BOUND('',#959,.T.);
#621=FACE_OUTER_BOUND('',#960,.T.);
#622=FACE_OUTER_BOUND('',#961,.T.);
#623=FACE_OUTER_BOUND('',#962,.T.);
#624=FACE_OUTER_BOUND('',#963,.T.);
#625=FACE_OUTER_BOUND('',#964,.T.);
#626=FACE_OUTER_BOUND('',#965,.T.);
#627=FACE_OUTER_BOUND('',#966,.T.);
#628=FACE_OUTER_BOUND('',#967,.T.);
#629=FACE_OUTER_BOUND('',#968,.T.);
#630=FACE_OUTER_BOUND('',#969,.T.);
#631=FACE_OUTER_BOUND('',#970,.T.);
#632=FACE_OUTER_BOUND('',#971,.T.);
#633=FACE_OUTER_BOUND('',#972,.T.);
#634=FACE_OUTER_BOUND('',#973,.T.);
#635=FACE_OUTER_BOUND('',#974,.T.);
#636=FACE_OUTER_BOUND('',#975,.T.);
#637=FACE_OUTER_BOUND('',#976,.T.);
#638=FACE_OUTER_BOUND('',#977,.T.);
#639=FACE_OUTER_BOUND('',#978,.T.);
#640=FACE_OUTER_BOUND('',#979,.T.);
#641=FACE_OUTER_BOUND('',#980,.T.);
#642=FACE_OUTER_BOUND('',#981,.T.);
#643=FACE_OUTER_BOUND('',#982,.T.);
#644=FACE_OUTER_BOUND('',#983,.T.);
#645=FACE_OUTER_BOUND('',#984,.T.);
#646=FACE_OUTER_BOUND('',#985,.T.);
#647=FACE_OUTER_BOUND('',#986,.T.);
#648=FACE_OUTER_BOUND('',#987,.T.);
#649=FACE_OUTER_BOUND('',#988,.T.);
#650=FACE_OUTER_BOUND('',#989,.T.);
#651=FACE_OUTER_BOUND('',#990,.T.);
#652=FACE_OUTER_BOUND('',#991,.T.);
#653=FACE_OUTER_BOUND('',#992,.T.);
#654=FACE_OUTER_BOUND('',#993,.T.);
#655=FACE_OUTER_BOUND('',#994,.T.);
#656=FACE_OUTER_BOUND('',#995,.T.);
#657=FACE_OUTER_BOUND('',#996,.T.);
#658=FACE_OUTER_BOUND('',#997,.T.);
#659=FACE_OUTER_BOUND('',#998,.T.);
#660=FACE_OUTER_BOUND('',#999,.T.);
#661=FACE_OUTER_BOUND('',#1000,.T.);
#662=FACE_OUTER_BOUND('',#1001,.T.);
#663=FACE_OUTER_BOUND('',#1002,.T.);
#664=FACE_OUTER_BOUND('',#1003,.T.);
#665=FACE_OUTER_BOUND('',#1004,.T.);
#666=FACE_OUTER_BOUND('',#1005,.T.);
#667=FACE_OUTER_BOUND('',#1006,.T.);
#668=FACE_OUTER_BOUND('',#1007,.T.);
#669=FACE_OUTER_BOUND('',#1008,.T.);
#670=FACE_OUTER_BOUND('',#1009,.T.);
#671=FACE_OUTER_BOUND('',#1010,.T.);
#672=FACE_OUTER_BOUND('',#1011,.T.);
#673=FACE_OUTER_BOUND('',#1012,.T.);
#674=FACE_OUTER_BOUND('',#1013,.T.);
#675=FACE_OUTER_BOUND('',#1014,.T.);
#676=FACE_OUTER_BOUND('',#1015,.T.);
#677=FACE_OUTER_BOUND('',#1016,.T.);
#678=FACE_OUTER_BOUND('',#1017,.T.);
#679=FACE_OUTER_BOUND('',#1018,.T.);
#680=FACE_OUTER_BOUND('',#1019,.T.);
#681=FACE_OUTER_BOUND('',#1020,.T.);
#682=FACE_OUTER_BOUND('',#1021,.T.);
#683=FACE_OUTER_BOUND('',#1022,.T.);
#684=FACE_OUTER_BOUND('',#1023,.T.);
#685=FACE_OUTER_BOUND('',#1024,.T.);
#686=FACE_OUTER_BOUND('',#1025,.T.);
#687=FACE_OUTER_BOUND('',#1026,.T.);
#688=FACE_OUTER_BOUND('',#1027,.T.);
#689=FACE_OUTER_BOUND('',#1028,.T.);
#690=FACE_OUTER_BOUND('',#1029,.T.);
#691=FACE_OUTER_BOUND('',#1030,.T.);
#692=FACE_OUTER_BOUND('',#1031,.T.);
#693=FACE_OUTER_BOUND('',#1032,.T.);
#694=FACE_OUTER_BOUND('',#1033,.T.);
#695=FACE_OUTER_BOUND('',#1034,.T.);
#696=FACE_OUTER_BOUND('',#1035,.T.);
#697=FACE_OUTER_BOUND('',#1036,.T.);
#698=FACE_OUTER_BOUND('',#1037,.T.);
#699=FACE_OUTER_BOUND('',#1049,.T.);
#700=EDGE_LOOP('',(#2860,#2861,#2862,#2863));
#701=EDGE_LOOP('',(#2864,#2865,#2866,#2867));
#702=EDGE_LOOP('',(#2868,#2869,#2870,#2871));
#703=EDGE_LOOP('',(#2872,#2873,#2874,#2875,#2876,#2877,#2878,#2879));
#704=EDGE_LOOP('',(#2880,#2881,#2882,#2883));
#705=EDGE_LOOP('',(#2884,#2885,#2886,#2887));
#706=EDGE_LOOP('',(#2888,#2889,#2890,#2891));
#707=EDGE_LOOP('',(#2892,#2893,#2894,#2895));
#708=EDGE_LOOP('',(#2896,#2897,#2898,#2899,#2900,#2901,#2902,#2903));
#709=EDGE_LOOP('',(#2904,#2905,#2906,#2907));
#710=EDGE_LOOP('',(#2908,#2909,#2910,#2911));
#711=EDGE_LOOP('',(#2912,#2913,#2914,#2915));
#712=EDGE_LOOP('',(#2916,#2917,#2918,#2919));
#713=EDGE_LOOP('',(#2920,#2921,#2922,#2923));
#714=EDGE_LOOP('',(#2924,#2925,#2926,#2927));
#715=EDGE_LOOP('',(#2928,#2929,#2930,#2931));
#716=EDGE_LOOP('',(#2932,#2933,#2934,#2935));
#717=EDGE_LOOP('',(#2936,#2937,#2938,#2939));
#718=EDGE_LOOP('',(#2940));
#719=EDGE_LOOP('',(#2941));
#720=EDGE_LOOP('',(#2942));
#721=EDGE_LOOP('',(#2943));
#722=EDGE_LOOP('',(#2944,#2945,#2946,#2947));
#723=EDGE_LOOP('',(#2948,#2949,#2950,#2951));
#724=EDGE_LOOP('',(#2952));
#725=EDGE_LOOP('',(#2953));
#726=EDGE_LOOP('',(#2954));
#727=EDGE_LOOP('',(#2955));
#728=EDGE_LOOP('',(#2956,#2957,#2958,#2959));
#729=EDGE_LOOP('',(#2960,#2961,#2962,#2963,#2964,#2965,#2966,#2967,#2968,
#2969));
#730=EDGE_LOOP('',(#2970,#2971,#2972,#2973,#2974,#2975,#2976,#2977,#2978,
#2979));
#731=EDGE_LOOP('',(#2980,#2981,#2982,#2983));
#732=EDGE_LOOP('',(#2984,#2985,#2986,#2987));
#733=EDGE_LOOP('',(#2988,#2989,#2990,#2991));
#734=EDGE_LOOP('',(#2992,#2993,#2994,#2995));
#735=EDGE_LOOP('',(#2996,#2997,#2998,#2999));
#736=EDGE_LOOP('',(#3000,#3001,#3002,#3003));
#737=EDGE_LOOP('',(#3004,#3005,#3006,#3007));
#738=EDGE_LOOP('',(#3008,#3009,#3010,#3011));
#739=EDGE_LOOP('',(#3012,#3013,#3014,#3015));
#740=EDGE_LOOP('',(#3016,#3017,#3018,#3019));
#741=EDGE_LOOP('',(#3020,#3021,#3022,#3023));
#742=EDGE_LOOP('',(#3024,#3025,#3026,#3027));
#743=EDGE_LOOP('',(#3028,#3029,#3030,#3031));
#744=EDGE_LOOP('',(#3032,#3033,#3034,#3035));
#745=EDGE_LOOP('',(#3036,#3037,#3038,#3039));
#746=EDGE_LOOP('',(#3040,#3041,#3042,#3043,#3044,#3045));
#747=EDGE_LOOP('',(#3046,#3047,#3048,#3049));
#748=EDGE_LOOP('',(#3050,#3051,#3052,#3053,#3054,#3055));
#749=EDGE_LOOP('',(#3056,#3057,#3058,#3059));
#750=EDGE_LOOP('',(#3060,#3061,#3062,#3063));
#751=EDGE_LOOP('',(#3064,#3065,#3066,#3067));
#752=EDGE_LOOP('',(#3068,#3069,#3070,#3071));
#753=EDGE_LOOP('',(#3072,#3073,#3074,#3075));
#754=EDGE_LOOP('',(#3076,#3077,#3078,#3079));
#755=EDGE_LOOP('',(#3080,#3081,#3082,#3083));
#756=EDGE_LOOP('',(#3084,#3085,#3086,#3087));
#757=EDGE_LOOP('',(#3088,#3089,#3090,#3091));
#758=EDGE_LOOP('',(#3092,#3093,#3094,#3095));
#759=EDGE_LOOP('',(#3096,#3097,#3098,#3099));
#760=EDGE_LOOP('',(#3100,#3101,#3102,#3103));
#761=EDGE_LOOP('',(#3104,#3105,#3106,#3107));
#762=EDGE_LOOP('',(#3108,#3109,#3110,#3111));
#763=EDGE_LOOP('',(#3112,#3113,#3114,#3115));
#764=EDGE_LOOP('',(#3116,#3117,#3118,#3119));
#765=EDGE_LOOP('',(#3120,#3121,#3122,#3123));
#766=EDGE_LOOP('',(#3124,#3125,#3126,#3127));
#767=EDGE_LOOP('',(#3128,#3129,#3130,#3131));
#768=EDGE_LOOP('',(#3132,#3133,#3134,#3135));
#769=EDGE_LOOP('',(#3136,#3137,#3138,#3139));
#770=EDGE_LOOP('',(#3140,#3141,#3142,#3143));
#771=EDGE_LOOP('',(#3144,#3145,#3146,#3147));
#772=EDGE_LOOP('',(#3148,#3149,#3150,#3151));
#773=EDGE_LOOP('',(#3152,#3153,#3154,#3155));
#774=EDGE_LOOP('',(#3156,#3157,#3158,#3159));
#775=EDGE_LOOP('',(#3160,#3161,#3162,#3163));
#776=EDGE_LOOP('',(#3164,#3165,#3166,#3167));
#777=EDGE_LOOP('',(#3168,#3169,#3170,#3171));
#778=EDGE_LOOP('',(#3172,#3173,#3174,#3175));
#779=EDGE_LOOP('',(#3176,#3177,#3178,#3179));
#780=EDGE_LOOP('',(#3180,#3181,#3182,#3183));
#781=EDGE_LOOP('',(#3184,#3185,#3186,#3187));
#782=EDGE_LOOP('',(#3188,#3189,#3190,#3191));
#783=EDGE_LOOP('',(#3192,#3193,#3194,#3195));
#784=EDGE_LOOP('',(#3196,#3197,#3198,#3199));
#785=EDGE_LOOP('',(#3200,#3201,#3202,#3203));
#786=EDGE_LOOP('',(#3204,#3205,#3206,#3207));
#787=EDGE_LOOP('',(#3208,#3209,#3210,#3211,#3212));
#788=EDGE_LOOP('',(#3213,#3214,#3215,#3216));
#789=EDGE_LOOP('',(#3217,#3218,#3219,#3220,#3221));
#790=EDGE_LOOP('',(#3222,#3223,#3224,#3225));
#791=EDGE_LOOP('',(#3226,#3227,#3228,#3229));
#792=EDGE_LOOP('',(#3230,#3231,#3232,#3233));
#793=EDGE_LOOP('',(#3234,#3235,#3236,#3237));
#794=EDGE_LOOP('',(#3238,#3239,#3240,#3241));
#795=EDGE_LOOP('',(#3242,#3243,#3244,#3245));
#796=EDGE_LOOP('',(#3246,#3247,#3248,#3249));
#797=EDGE_LOOP('',(#3250,#3251,#3252,#3253));
#798=EDGE_LOOP('',(#3254,#3255,#3256,#3257));
#799=EDGE_LOOP('',(#3258,#3259,#3260,#3261));
#800=EDGE_LOOP('',(#3262,#3263,#3264,#3265));
#801=EDGE_LOOP('',(#3266,#3267,#3268,#3269));
#802=EDGE_LOOP('',(#3270,#3271,#3272,#3273));
#803=EDGE_LOOP('',(#3274,#3275,#3276,#3277));
#804=EDGE_LOOP('',(#3278,#3279,#3280,#3281));
#805=EDGE_LOOP('',(#3282,#3283,#3284,#3285));
#806=EDGE_LOOP('',(#3286,#3287,#3288,#3289));
#807=EDGE_LOOP('',(#3290,#3291,#3292,#3293));
#808=EDGE_LOOP('',(#3294,#3295,#3296,#3297));
#809=EDGE_LOOP('',(#3298,#3299,#3300,#3301));
#810=EDGE_LOOP('',(#3302,#3303,#3304,#3305));
#811=EDGE_LOOP('',(#3306,#3307,#3308,#3309));
#812=EDGE_LOOP('',(#3310,#3311,#3312,#3313));
#813=EDGE_LOOP('',(#3314,#3315,#3316,#3317));
#814=EDGE_LOOP('',(#3318,#3319,#3320,#3321));
#815=EDGE_LOOP('',(#3322,#3323,#3324,#3325));
#816=EDGE_LOOP('',(#3326,#3327,#3328,#3329));
#817=EDGE_LOOP('',(#3330,#3331,#3332,#3333));
#818=EDGE_LOOP('',(#3334,#3335,#3336,#3337));
#819=EDGE_LOOP('',(#3338,#3339,#3340,#3341));
#820=EDGE_LOOP('',(#3342,#3343,#3344,#3345));
#821=EDGE_LOOP('',(#3346,#3347,#3348,#3349));
#822=EDGE_LOOP('',(#3350,#3351,#3352,#3353));
#823=EDGE_LOOP('',(#3354,#3355,#3356,#3357));
#824=EDGE_LOOP('',(#3358,#3359,#3360,#3361));
#825=EDGE_LOOP('',(#3362,#3363,#3364));
#826=EDGE_LOOP('',(#3365,#3366,#3367));
#827=EDGE_LOOP('',(#3368,#3369,#3370,#3371));
#828=EDGE_LOOP('',(#3372,#3373,#3374,#3375));
#829=EDGE_LOOP('',(#3376,#3377,#3378,#3379));
#830=EDGE_LOOP('',(#3380,#3381,#3382,#3383));
#831=EDGE_LOOP('',(#3384,#3385,#3386,#3387));
#832=EDGE_LOOP('',(#3388,#3389,#3390,#3391));
#833=EDGE_LOOP('',(#3392,#3393,#3394,#3395));
#834=EDGE_LOOP('',(#3396,#3397,#3398,#3399));
#835=EDGE_LOOP('',(#3400,#3401,#3402,#3403));
#836=EDGE_LOOP('',(#3404,#3405,#3406,#3407));
#837=EDGE_LOOP('',(#3408,#3409,#3410,#3411));
#838=EDGE_LOOP('',(#3412,#3413,#3414,#3415));
#839=EDGE_LOOP('',(#3416,#3417,#3418,#3419));
#840=EDGE_LOOP('',(#3420));
#841=EDGE_LOOP('',(#3421));
#842=EDGE_LOOP('',(#3422));
#843=EDGE_LOOP('',(#3423));
#844=EDGE_LOOP('',(#3424));
#845=EDGE_LOOP('',(#3425));
#846=EDGE_LOOP('',(#3426));
#847=EDGE_LOOP('',(#3427));
#848=EDGE_LOOP('',(#3428));
#849=EDGE_LOOP('',(#3429));
#850=EDGE_LOOP('',(#3430));
#851=EDGE_LOOP('',(#3431));
#852=EDGE_LOOP('',(#3432));
#853=EDGE_LOOP('',(#3433));
#854=EDGE_LOOP('',(#3434));
#855=EDGE_LOOP('',(#3435));
#856=EDGE_LOOP('',(#3436));
#857=EDGE_LOOP('',(#3437));
#858=EDGE_LOOP('',(#3438));
#859=EDGE_LOOP('',(#3439));
#860=EDGE_LOOP('',(#3440));
#861=EDGE_LOOP('',(#3441));
#862=EDGE_LOOP('',(#3442));
#863=EDGE_LOOP('',(#3443));
#864=EDGE_LOOP('',(#3444));
#865=EDGE_LOOP('',(#3445));
#866=EDGE_LOOP('',(#3446));
#867=EDGE_LOOP('',(#3447));
#868=EDGE_LOOP('',(#3448));
#869=EDGE_LOOP('',(#3449));
#870=EDGE_LOOP('',(#3450));
#871=EDGE_LOOP('',(#3451));
#872=EDGE_LOOP('',(#3452));
#873=EDGE_LOOP('',(#3453));
#874=EDGE_LOOP('',(#3454));
#875=EDGE_LOOP('',(#3455));
#876=EDGE_LOOP('',(#3456));
#877=EDGE_LOOP('',(#3457));
#878=EDGE_LOOP('',(#3458));
#879=EDGE_LOOP('',(#3459));
#880=EDGE_LOOP('',(#3460));
#881=EDGE_LOOP('',(#3461));
#882=EDGE_LOOP('',(#3462));
#883=EDGE_LOOP('',(#3463));
#884=EDGE_LOOP('',(#3464));
#885=EDGE_LOOP('',(#3465));
#886=EDGE_LOOP('',(#3466));
#887=EDGE_LOOP('',(#3467,#3468,#3469,#3470));
#888=EDGE_LOOP('',(#3471));
#889=EDGE_LOOP('',(#3472,#3473,#3474,#3475));
#890=EDGE_LOOP('',(#3476));
#891=EDGE_LOOP('',(#3477,#3478,#3479,#3480));
#892=EDGE_LOOP('',(#3481));
#893=EDGE_LOOP('',(#3482));
#894=EDGE_LOOP('',(#3483));
#895=EDGE_LOOP('',(#3484));
#896=EDGE_LOOP('',(#3485));
#897=EDGE_LOOP('',(#3486));
#898=EDGE_LOOP('',(#3487));
#899=EDGE_LOOP('',(#3488));
#900=EDGE_LOOP('',(#3489));
#901=EDGE_LOOP('',(#3490));
#902=EDGE_LOOP('',(#3491));
#903=EDGE_LOOP('',(#3492));
#904=EDGE_LOOP('',(#3493));
#905=EDGE_LOOP('',(#3494));
#906=EDGE_LOOP('',(#3495));
#907=EDGE_LOOP('',(#3496));
#908=EDGE_LOOP('',(#3497));
#909=EDGE_LOOP('',(#3498));
#910=EDGE_LOOP('',(#3499));
#911=EDGE_LOOP('',(#3500));
#912=EDGE_LOOP('',(#3501));
#913=EDGE_LOOP('',(#3502));
#914=EDGE_LOOP('',(#3503));
#915=EDGE_LOOP('',(#3504));
#916=EDGE_LOOP('',(#3505));
#917=EDGE_LOOP('',(#3506));
#918=EDGE_LOOP('',(#3507));
#919=EDGE_LOOP('',(#3508));
#920=EDGE_LOOP('',(#3509));
#921=EDGE_LOOP('',(#3510));
#922=EDGE_LOOP('',(#3511));
#923=EDGE_LOOP('',(#3512));
#924=EDGE_LOOP('',(#3513));
#925=EDGE_LOOP('',(#3514));
#926=EDGE_LOOP('',(#3515));
#927=EDGE_LOOP('',(#3516));
#928=EDGE_LOOP('',(#3517));
#929=EDGE_LOOP('',(#3518));
#930=EDGE_LOOP('',(#3519));
#931=EDGE_LOOP('',(#3520));
#932=EDGE_LOOP('',(#3521));
#933=EDGE_LOOP('',(#3522));
#934=EDGE_LOOP('',(#3523));
#935=EDGE_LOOP('',(#3524));
#936=EDGE_LOOP('',(#3525));
#937=EDGE_LOOP('',(#3526));
#938=EDGE_LOOP('',(#3527));
#939=EDGE_LOOP('',(#3528,#3529,#3530,#3531));
#940=EDGE_LOOP('',(#3532));
#941=EDGE_LOOP('',(#3533,#3534,#3535,#3536));
#942=EDGE_LOOP('',(#3537));
#943=EDGE_LOOP('',(#3538,#3539,#3540,#3541));
#944=EDGE_LOOP('',(#3542,#3543,#3544,#3545));
#945=EDGE_LOOP('',(#3546,#3547,#3548,#3549));
#946=EDGE_LOOP('',(#3550,#3551,#3552,#3553));
#947=EDGE_LOOP('',(#3554,#3555,#3556,#3557));
#948=EDGE_LOOP('',(#3558,#3559,#3560,#3561));
#949=EDGE_LOOP('',(#3562,#3563,#3564,#3565));
#950=EDGE_LOOP('',(#3566,#3567,#3568,#3569));
#951=EDGE_LOOP('',(#3570,#3571,#3572,#3573));
#952=EDGE_LOOP('',(#3574,#3575,#3576,#3577));
#953=EDGE_LOOP('',(#3578,#3579,#3580,#3581));
#954=EDGE_LOOP('',(#3582,#3583,#3584,#3585));
#955=EDGE_LOOP('',(#3586,#3587,#3588,#3589));
#956=EDGE_LOOP('',(#3590,#3591,#3592,#3593));
#957=EDGE_LOOP('',(#3594,#3595,#3596,#3597));
#958=EDGE_LOOP('',(#3598,#3599,#3600,#3601));
#959=EDGE_LOOP('',(#3602,#3603,#3604,#3605));
#960=EDGE_LOOP('',(#3606,#3607,#3608,#3609));
#961=EDGE_LOOP('',(#3610,#3611,#3612,#3613));
#962=EDGE_LOOP('',(#3614,#3615,#3616,#3617));
#963=EDGE_LOOP('',(#3618,#3619,#3620,#3621));
#964=EDGE_LOOP('',(#3622,#3623,#3624,#3625));
#965=EDGE_LOOP('',(#3626,#3627,#3628,#3629));
#966=EDGE_LOOP('',(#3630,#3631,#3632,#3633));
#967=EDGE_LOOP('',(#3634,#3635,#3636,#3637));
#968=EDGE_LOOP('',(#3638,#3639,#3640,#3641));
#969=EDGE_LOOP('',(#3642,#3643,#3644,#3645));
#970=EDGE_LOOP('',(#3646,#3647,#3648,#3649));
#971=EDGE_LOOP('',(#3650,#3651,#3652,#3653));
#972=EDGE_LOOP('',(#3654,#3655,#3656,#3657));
#973=EDGE_LOOP('',(#3658,#3659,#3660,#3661));
#974=EDGE_LOOP('',(#3662,#3663,#3664,#3665));
#975=EDGE_LOOP('',(#3666,#3667,#3668,#3669));
#976=EDGE_LOOP('',(#3670,#3671,#3672,#3673));
#977=EDGE_LOOP('',(#3674,#3675,#3676,#3677));
#978=EDGE_LOOP('',(#3678,#3679,#3680,#3681));
#979=EDGE_LOOP('',(#3682,#3683,#3684,#3685));
#980=EDGE_LOOP('',(#3686,#3687,#3688,#3689));
#981=EDGE_LOOP('',(#3690,#3691,#3692,#3693));
#982=EDGE_LOOP('',(#3694,#3695,#3696,#3697));
#983=EDGE_LOOP('',(#3698,#3699,#3700,#3701));
#984=EDGE_LOOP('',(#3702,#3703,#3704,#3705));
#985=EDGE_LOOP('',(#3706,#3707,#3708,#3709));
#986=EDGE_LOOP('',(#3710,#3711,#3712,#3713));
#987=EDGE_LOOP('',(#3714,#3715,#3716,#3717));
#988=EDGE_LOOP('',(#3718,#3719,#3720,#3721));
#989=EDGE_LOOP('',(#3722,#3723,#3724,#3725));
#990=EDGE_LOOP('',(#3726,#3727,#3728,#3729));
#991=EDGE_LOOP('',(#3730,#3731,#3732,#3733));
#992=EDGE_LOOP('',(#3734,#3735,#3736,#3737));
#993=EDGE_LOOP('',(#3738,#3739,#3740,#3741));
#994=EDGE_LOOP('',(#3742,#3743,#3744,#3745));
#995=EDGE_LOOP('',(#3746,#3747,#3748,#3749));
#996=EDGE_LOOP('',(#3750,#3751,#3752,#3753));
#997=EDGE_LOOP('',(#3754,#3755,#3756,#3757));
#998=EDGE_LOOP('',(#3758,#3759,#3760,#3761));
#999=EDGE_LOOP('',(#3762,#3763,#3764,#3765));
#1000=EDGE_LOOP('',(#3766,#3767,#3768,#3769));
#1001=EDGE_LOOP('',(#3770,#3771,#3772,#3773));
#1002=EDGE_LOOP('',(#3774,#3775,#3776,#3777));
#1003=EDGE_LOOP('',(#3778,#3779,#3780,#3781));
#1004=EDGE_LOOP('',(#3782,#3783,#3784,#3785));
#1005=EDGE_LOOP('',(#3786,#3787,#3788,#3789));
#1006=EDGE_LOOP('',(#3790,#3791,#3792,#3793));
#1007=EDGE_LOOP('',(#3794,#3795,#3796,#3797));
#1008=EDGE_LOOP('',(#3798,#3799,#3800,#3801));
#1009=EDGE_LOOP('',(#3802,#3803,#3804,#3805));
#1010=EDGE_LOOP('',(#3806,#3807,#3808,#3809));
#1011=EDGE_LOOP('',(#3810,#3811,#3812,#3813));
#1012=EDGE_LOOP('',(#3814,#3815,#3816,#3817));
#1013=EDGE_LOOP('',(#3818,#3819,#3820,#3821));
#1014=EDGE_LOOP('',(#3822,#3823,#3824,#3825));
#1015=EDGE_LOOP('',(#3826,#3827,#3828,#3829));
#1016=EDGE_LOOP('',(#3830,#3831,#3832,#3833));
#1017=EDGE_LOOP('',(#3834,#3835,#3836,#3837));
#1018=EDGE_LOOP('',(#3838,#3839,#3840,#3841));
#1019=EDGE_LOOP('',(#3842,#3843,#3844,#3845));
#1020=EDGE_LOOP('',(#3846,#3847,#3848,#3849));
#1021=EDGE_LOOP('',(#3850,#3851,#3852,#3853));
#1022=EDGE_LOOP('',(#3854,#3855,#3856,#3857));
#1023=EDGE_LOOP('',(#3858,#3859,#3860,#3861));
#1024=EDGE_LOOP('',(#3862,#3863,#3864,#3865));
#1025=EDGE_LOOP('',(#3866,#3867,#3868,#3869));
#1026=EDGE_LOOP('',(#3870,#3871,#3872,#3873));
#1027=EDGE_LOOP('',(#3874,#3875,#3876,#3877));
#1028=EDGE_LOOP('',(#3878,#3879,#3880,#3881));
#1029=EDGE_LOOP('',(#3882,#3883,#3884,#3885));
#1030=EDGE_LOOP('',(#3886,#3887,#3888,#3889));
#1031=EDGE_LOOP('',(#3890,#3891,#3892,#3893));
#1032=EDGE_LOOP('',(#3894,#3895,#3896,#3897));
#1033=EDGE_LOOP('',(#3898,#3899,#3900,#3901));
#1034=EDGE_LOOP('',(#3902,#3903,#3904,#3905));
#1035=EDGE_LOOP('',(#3906,#3907,#3908,#3909));
#1036=EDGE_LOOP('',(#3910,#3911,#3912,#3913));
#1037=EDGE_LOOP('',(#3914,#3915,#3916,#3917));
#1038=EDGE_LOOP('',(#3918,#3919,#3920,#3921));
#1039=EDGE_LOOP('',(#3922,#3923,#3924,#3925));
#1040=EDGE_LOOP('',(#3926));
#1041=EDGE_LOOP('',(#3927));
#1042=EDGE_LOOP('',(#3928));
#1043=EDGE_LOOP('',(#3929));
#1044=EDGE_LOOP('',(#3930,#3931,#3932,#3933));
#1045=EDGE_LOOP('',(#3934,#3935,#3936,#3937));
#1046=EDGE_LOOP('',(#3938,#3939,#3940,#3941));
#1047=EDGE_LOOP('',(#3942,#3943,#3944,#3945));
#1048=EDGE_LOOP('',(#3946,#3947,#3948,#3949));
#1049=EDGE_LOOP('',(#3950,#3951,#3952,#3953));
#1050=EDGE_LOOP('',(#3954,#3955,#3956,#3957));
#1051=EDGE_LOOP('',(#3958,#3959,#3960,#3961));
#1052=EDGE_LOOP('',(#3962,#3963,#3964,#3965));
#1053=EDGE_LOOP('',(#3966,#3967,#3968,#3969));
#1054=EDGE_LOOP('',(#3970,#3971,#3972,#3973));
#1055=EDGE_LOOP('',(#3974));
#1056=EDGE_LOOP('',(#3975));
#1057=EDGE_LOOP('',(#3976));
#1058=EDGE_LOOP('',(#3977));
#1059=EDGE_LOOP('',(#3978,#3979,#3980,#3981));
#1060=EDGE_LOOP('',(#3982,#3983,#3984,#3985));
#1061=LINE('',#5921,#1498);
#1062=LINE('',#5923,#1499);
#1063=LINE('',#5925,#1500);
#1064=LINE('',#5926,#1501);
#1065=LINE('',#5929,#1502);
#1066=LINE('',#5931,#1503);
#1067=LINE('',#5932,#1504);
#1068=LINE('',#5935,#1505);
#1069=LINE('',#5937,#1506);
#1070=LINE('',#5938,#1507);
#1071=LINE('',#5941,#1508);
#1072=LINE('',#5943,#1509);
#1073=LINE('',#5945,#1510);
#1074=LINE('',#5947,#1511);
#1075=LINE('',#5948,#1512);
#1076=LINE('',#5953,#1513);
#1077=LINE('',#5959,#1514);
#1078=LINE('',#5965,#1515);
#1079=LINE('',#5971,#1516);
#1080=LINE('',#5976,#1517);
#1081=LINE('',#5977,#1518);
#1082=LINE('',#5978,#1519);
#1083=LINE('',#5979,#1520);
#1084=LINE('',#5982,#1521);
#1085=LINE('',#5983,#1522);
#1086=LINE('',#5986,#1523);
#1087=LINE('',#5987,#1524);
#1088=LINE('',#5989,#1525);
#1089=LINE('',#5993,#1526);
#1090=LINE('',#5995,#1527);
#1091=LINE('',#5997,#1528);
#1092=LINE('',#5998,#1529);
#1093=LINE('',#6001,#1530);
#1094=LINE('',#6003,#1531);
#1095=LINE('',#6004,#1532);
#1096=LINE('',#6007,#1533);
#1097=LINE('',#6009,#1534);
#1098=LINE('',#6010,#1535);
#1099=LINE('',#6012,#1536);
#1100=LINE('',#6013,#1537);
#1101=LINE('',#6022,#1538);
#1102=LINE('',#6024,#1539);
#1103=LINE('',#6026,#1540);
#1104=LINE('',#6027,#1541);
#1105=LINE('',#6031,#1542);
#1106=LINE('',#6033,#1543);
#1107=LINE('',#6035,#1544);
#1108=LINE('',#6037,#1545);
#1109=LINE('',#6038,#1546);
#1110=LINE('',#6040,#1547);
#1111=LINE('',#6044,#1548);
#1112=LINE('',#6045,#1549);
#1113=LINE('',#6048,#1550);
#1114=LINE('',#6050,#1551);
#1115=LINE('',#6052,#1552);
#1116=LINE('',#6054,#1553);
#1117=LINE('',#6056,#1554);
#1118=LINE('',#6058,#1555);
#1119=LINE('',#6060,#1556);
#1120=LINE('',#6063,#1557);
#1121=LINE('',#6065,#1558);
#1122=LINE('',#6068,#1559);
#1123=LINE('',#6070,#1560);
#1124=LINE('',#6072,#1561);
#1125=LINE('',#6075,#1562);
#1126=LINE('',#6078,#1563);
#1127=LINE('',#6080,#1564);
#1128=LINE('',#6082,#1565);
#1129=LINE('',#6083,#1566);
#1130=LINE('',#6086,#1567);
#1131=LINE('',#6088,#1568);
#1132=LINE('',#6090,#1569);
#1133=LINE('',#6091,#1570);
#1134=LINE('',#6094,#1571);
#1135=LINE('',#6096,#1572);
#1136=LINE('',#6098,#1573);
#1137=LINE('',#6099,#1574);
#1138=LINE('',#6102,#1575);
#1139=LINE('',#6104,#1576);
#1140=LINE('',#6106,#1577);
#1141=LINE('',#6107,#1578);
#1142=LINE('',#6109,#1579);
#1143=LINE('',#6110,#1580);
#1144=LINE('',#6112,#1581);
#1145=LINE('',#6114,#1582);
#1146=LINE('',#6117,#1583);
#1147=LINE('',#6119,#1584);
#1148=LINE('',#6121,#1585);
#1149=LINE('',#6122,#1586);
#1150=LINE('',#6125,#1587);
#1151=LINE('',#6127,#1588);
#1152=LINE('',#6129,#1589);
#1153=LINE('',#6130,#1590);
#1154=LINE('',#6133,#1591);
#1155=LINE('',#6135,#1592);
#1156=LINE('',#6137,#1593);
#1157=LINE('',#6138,#1594);
#1158=LINE('',#6141,#1595);
#1159=LINE('',#6143,#1596);
#1160=LINE('',#6145,#1597);
#1161=LINE('',#6146,#1598);
#1162=LINE('',#6150,#1599);
#1163=LINE('',#6152,#1600);
#1164=LINE('',#6153,#1601);
#1165=LINE('',#6156,#1602);
#1166=LINE('',#6157,#1603);
#1167=LINE('',#6160,#1604);
#1168=LINE('',#6161,#1605);
#1169=LINE('',#6163,#1606);
#1170=LINE('',#6166,#1607);
#1171=LINE('',#6168,#1608);
#1172=LINE('',#6169,#1609);
#1173=LINE('',#6172,#1610);
#1174=LINE('',#6176,#1611);
#1175=LINE('',#6177,#1612);
#1176=LINE('',#6179,#1613);
#1177=LINE('',#6182,#1614);
#1178=LINE('',#6184,#1615);
#1179=LINE('',#6185,#1616);
#1180=LINE('',#6188,#1617);
#1181=LINE('',#6189,#1618);
#1182=LINE('',#6192,#1619);
#1183=LINE('',#6193,#1620);
#1184=LINE('',#6195,#1621);
#1185=LINE('',#6198,#1622);
#1186=LINE('',#6200,#1623);
#1187=LINE('',#6201,#1624);
#1188=LINE('',#6204,#1625);
#1189=LINE('',#6205,#1626);
#1190=LINE('',#6208,#1627);
#1191=LINE('',#6209,#1628);
#1192=LINE('',#6211,#1629);
#1193=LINE('',#6214,#1630);
#1194=LINE('',#6216,#1631);
#1195=LINE('',#6217,#1632);
#1196=LINE('',#6220,#1633);
#1197=LINE('',#6221,#1634);
#1198=LINE('',#6224,#1635);
#1199=LINE('',#6225,#1636);
#1200=LINE('',#6227,#1637);
#1201=LINE('',#6230,#1638);
#1202=LINE('',#6232,#1639);
#1203=LINE('',#6233,#1640);
#1204=LINE('',#6236,#1641);
#1205=LINE('',#6237,#1642);
#1206=LINE('',#6240,#1643);
#1207=LINE('',#6241,#1644);
#1208=LINE('',#6243,#1645);
#1209=LINE('',#6247,#1646);
#1210=LINE('',#6248,#1647);
#1211=LINE('',#6249,#1648);
#1212=LINE('',#6252,#1649);
#1213=LINE('',#6253,#1650);
#1214=LINE('',#6256,#1651);
#1215=LINE('',#6257,#1652);
#1216=LINE('',#6259,#1653);
#1217=LINE('',#6263,#1654);
#1218=LINE('',#6264,#1655);
#1219=LINE('',#6265,#1656);
#1220=LINE('',#6268,#1657);
#1221=LINE('',#6269,#1658);
#1222=LINE('',#6272,#1659);
#1223=LINE('',#6273,#1660);
#1224=LINE('',#6275,#1661);
#1225=LINE('',#6279,#1662);
#1226=LINE('',#6280,#1663);
#1227=LINE('',#6281,#1664);
#1228=LINE('',#6284,#1665);
#1229=LINE('',#6285,#1666);
#1230=LINE('',#6288,#1667);
#1231=LINE('',#6289,#1668);
#1232=LINE('',#6291,#1669);
#1233=LINE('',#6295,#1670);
#1234=LINE('',#6296,#1671);
#1235=LINE('',#6297,#1672);
#1236=LINE('',#6300,#1673);
#1237=LINE('',#6301,#1674);
#1238=LINE('',#6304,#1675);
#1239=LINE('',#6305,#1676);
#1240=LINE('',#6307,#1677);
#1241=LINE('',#6310,#1678);
#1242=LINE('',#6312,#1679);
#1243=LINE('',#6313,#1680);
#1244=LINE('',#6316,#1681);
#1245=LINE('',#6318,#1682);
#1246=LINE('',#6319,#1683);
#1247=LINE('',#6322,#1684);
#1248=LINE('',#6323,#1685);
#1249=LINE('',#6326,#1686);
#1250=LINE('',#6327,#1687);
#1251=LINE('',#6331,#1688);
#1252=LINE('',#6333,#1689);
#1253=LINE('',#6334,#1690);
#1254=LINE('',#6337,#1691);
#1255=LINE('',#6338,#1692);
#1256=LINE('',#6341,#1693);
#1257=LINE('',#6342,#1694);
#1258=LINE('',#6344,#1695);
#1259=LINE('',#6347,#1696);
#1260=LINE('',#6349,#1697);
#1261=LINE('',#6350,#1698);
#1262=LINE('',#6353,#1699);
#1263=LINE('',#6354,#1700);
#1264=LINE('',#6357,#1701);
#1265=LINE('',#6358,#1702);
#1266=LINE('',#6360,#1703);
#1267=LINE('',#6363,#1704);
#1268=LINE('',#6365,#1705);
#1269=LINE('',#6366,#1706);
#1270=LINE('',#6369,#1707);
#1271=LINE('',#6370,#1708);
#1272=LINE('',#6373,#1709);
#1273=LINE('',#6374,#1710);
#1274=LINE('',#6376,#1711);
#1275=LINE('',#6379,#1712);
#1276=LINE('',#6381,#1713);
#1277=LINE('',#6382,#1714);
#1278=LINE('',#6385,#1715);
#1279=LINE('',#6386,#1716);
#1280=LINE('',#6389,#1717);
#1281=LINE('',#6390,#1718);
#1282=LINE('',#6392,#1719);
#1283=LINE('',#6395,#1720);
#1284=LINE('',#6397,#1721);
#1285=LINE('',#6398,#1722);
#1286=LINE('',#6401,#1723);
#1287=LINE('',#6402,#1724);
#1288=LINE('',#6405,#1725);
#1289=LINE('',#6406,#1726);
#1290=LINE('',#6408,#1727);
#1291=LINE('',#6411,#1728);
#1292=LINE('',#6413,#1729);
#1293=LINE('',#6414,#1730);
#1294=LINE('',#6417,#1731);
#1295=LINE('',#6418,#1732);
#1296=LINE('',#6421,#1733);
#1297=LINE('',#6422,#1734);
#1298=LINE('',#6424,#1735);
#1299=LINE('',#6427,#1736);
#1300=LINE('',#6429,#1737);
#1301=LINE('',#6430,#1738);
#1302=LINE('',#6433,#1739);
#1303=LINE('',#6434,#1740);
#1304=LINE('',#6437,#1741);
#1305=LINE('',#6438,#1742);
#1306=LINE('',#6440,#1743);
#1307=LINE('',#6443,#1744);
#1308=LINE('',#6445,#1745);
#1309=LINE('',#6446,#1746);
#1310=LINE('',#6449,#1747);
#1311=LINE('',#6450,#1748);
#1312=LINE('',#6453,#1749);
#1313=LINE('',#6454,#1750);
#1314=LINE('',#6456,#1751);
#1315=LINE('',#6459,#1752);
#1316=LINE('',#6461,#1753);
#1317=LINE('',#6462,#1754);
#1318=LINE('',#6464,#1755);
#1319=LINE('',#6466,#1756);
#1320=LINE('',#6468,#1757);
#1321=LINE('',#6483,#1758);
#1322=LINE('',#6485,#1759);
#1323=LINE('',#6487,#1760);
#1324=LINE('',#6488,#1761);
#1325=LINE('',#6492,#1762);
#1326=LINE('',#6493,#1763);
#1327=LINE('',#6494,#1764);
#1328=LINE('',#6497,#1765);
#1329=LINE('',#6499,#1766);
#1330=LINE('',#6500,#1767);
#1331=LINE('',#6502,#1768);
#1332=LINE('',#6601,#1769);
#1333=LINE('',#6604,#1770);
#1334=LINE('',#6611,#1771);
#1335=LINE('',#6614,#1772);
#1336=LINE('',#6618,#1773);
#1337=LINE('',#6717,#1774);
#1338=LINE('',#6720,#1775);
#1339=LINE('',#6727,#1776);
#1340=LINE('',#6730,#1777);
#1341=LINE('',#6735,#1778);
#1342=LINE('',#6737,#1779);
#1343=LINE('',#6739,#1780);
#1344=LINE('',#6741,#1781);
#1345=LINE('',#6743,#1782);
#1346=LINE('',#6745,#1783);
#1347=LINE('',#6747,#1784);
#1348=LINE('',#6749,#1785);
#1349=LINE('',#6751,#1786);
#1350=LINE('',#6753,#1787);
#1351=LINE('',#6755,#1788);
#1352=LINE('',#6757,#1789);
#1353=LINE('',#6759,#1790);
#1354=LINE('',#6761,#1791);
#1355=LINE('',#6763,#1792);
#1356=LINE('',#6765,#1793);
#1357=LINE('',#6767,#1794);
#1358=LINE('',#6769,#1795);
#1359=LINE('',#6771,#1796);
#1360=LINE('',#6773,#1797);
#1361=LINE('',#6775,#1798);
#1362=LINE('',#6777,#1799);
#1363=LINE('',#6779,#1800);
#1364=LINE('',#6781,#1801);
#1365=LINE('',#6783,#1802);
#1366=LINE('',#6785,#1803);
#1367=LINE('',#6787,#1804);
#1368=LINE('',#6789,#1805);
#1369=LINE('',#6791,#1806);
#1370=LINE('',#6793,#1807);
#1371=LINE('',#6795,#1808);
#1372=LINE('',#6797,#1809);
#1373=LINE('',#6799,#1810);
#1374=LINE('',#6801,#1811);
#1375=LINE('',#6803,#1812);
#1376=LINE('',#6805,#1813);
#1377=LINE('',#6807,#1814);
#1378=LINE('',#6809,#1815);
#1379=LINE('',#6811,#1816);
#1380=LINE('',#6813,#1817);
#1381=LINE('',#6815,#1818);
#1382=LINE('',#6817,#1819);
#1383=LINE('',#6819,#1820);
#1384=LINE('',#6821,#1821);
#1385=LINE('',#6823,#1822);
#1386=LINE('',#6825,#1823);
#1387=LINE('',#6827,#1824);
#1388=LINE('',#6829,#1825);
#1389=LINE('',#6830,#1826);
#1390=LINE('',#6832,#1827);
#1391=LINE('',#6834,#1828);
#1392=LINE('',#6837,#1829);
#1393=LINE('',#6839,#1830);
#1394=LINE('',#6840,#1831);
#1395=LINE('',#6842,#1832);
#1396=LINE('',#6844,#1833);
#1397=LINE('',#6847,#1834);
#1398=LINE('',#6854,#1835);
#1399=LINE('',#6856,#1836);
#1400=LINE('',#6858,#1837);
#1401=LINE('',#6859,#1838);
#1402=LINE('',#6862,#1839);
#1403=LINE('',#6864,#1840);
#1404=LINE('',#6865,#1841);
#1405=LINE('',#6868,#1842);
#1406=LINE('',#6870,#1843);
#1407=LINE('',#6871,#1844);
#1408=LINE('',#6873,#1845);
#1409=LINE('',#6874,#1846);
#1410=LINE('',#6878,#1847);
#1411=LINE('',#6880,#1848);
#1412=LINE('',#6882,#1849);
#1413=LINE('',#6883,#1850);
#1414=LINE('',#6886,#1851);
#1415=LINE('',#6888,#1852);
#1416=LINE('',#6889,#1853);
#1417=LINE('',#6892,#1854);
#1418=LINE('',#6894,#1855);
#1419=LINE('',#6895,#1856);
#1420=LINE('',#6897,#1857);
#1421=LINE('',#6898,#1858);
#1422=LINE('',#6902,#1859);
#1423=LINE('',#6904,#1860);
#1424=LINE('',#6906,#1861);
#1425=LINE('',#6907,#1862);
#1426=LINE('',#6910,#1863);
#1427=LINE('',#6912,#1864);
#1428=LINE('',#6913,#1865);
#1429=LINE('',#6916,#1866);
#1430=LINE('',#6918,#1867);
#1431=LINE('',#6919,#1868);
#1432=LINE('',#6921,#1869);
#1433=LINE('',#6922,#1870);
#1434=LINE('',#6926,#1871);
#1435=LINE('',#6928,#1872);
#1436=LINE('',#6930,#1873);
#1437=LINE('',#6931,#1874);
#1438=LINE('',#6934,#1875);
#1439=LINE('',#6936,#1876);
#1440=LINE('',#6937,#1877);
#1441=LINE('',#6940,#1878);
#1442=LINE('',#6942,#1879);
#1443=LINE('',#6943,#1880);
#1444=LINE('',#6945,#1881);
#1445=LINE('',#6946,#1882);
#1446=LINE('',#6950,#1883);
#1447=LINE('',#6952,#1884);
#1448=LINE('',#6954,#1885);
#1449=LINE('',#6955,#1886);
#1450=LINE('',#6958,#1887);
#1451=LINE('',#6960,#1888);
#1452=LINE('',#6961,#1889);
#1453=LINE('',#6964,#1890);
#1454=LINE('',#6966,#1891);
#1455=LINE('',#6967,#1892);
#1456=LINE('',#6969,#1893);
#1457=LINE('',#6970,#1894);
#1458=LINE('',#6974,#1895);
#1459=LINE('',#6976,#1896);
#1460=LINE('',#6978,#1897);
#1461=LINE('',#6979,#1898);
#1462=LINE('',#6982,#1899);
#1463=LINE('',#6984,#1900);
#1464=LINE('',#6985,#1901);
#1465=LINE('',#6988,#1902);
#1466=LINE('',#6990,#1903);
#1467=LINE('',#6991,#1904);
#1468=LINE('',#6993,#1905);
#1469=LINE('',#6994,#1906);
#1470=LINE('',#6998,#1907);
#1471=LINE('',#7000,#1908);
#1472=LINE('',#7002,#1909);
#1473=LINE('',#7003,#1910);
#1474=LINE('',#7006,#1911);
#1475=LINE('',#7008,#1912);
#1476=LINE('',#7009,#1913);
#1477=LINE('',#7012,#1914);
#1478=LINE('',#7014,#1915);
#1479=LINE('',#7015,#1916);
#1480=LINE('',#7017,#1917);
#1481=LINE('',#7018,#1918);
#1482=LINE('',#7023,#1919);
#1483=LINE('',#7029,#1920);
#1484=LINE('',#7035,#1921);
#1485=LINE('',#7041,#1922);
#1486=LINE('',#7046,#1923);
#1487=LINE('',#7048,#1924);
#1488=LINE('',#7050,#1925);
#1489=LINE('',#7051,#1926);
#1490=LINE('',#7054,#1927);
#1491=LINE('',#7056,#1928);
#1492=LINE('',#7057,#1929);
#1493=LINE('',#7060,#1930);
#1494=LINE('',#7062,#1931);
#1495=LINE('',#7063,#1932);
#1496=LINE('',#7065,#1933);
#1497=LINE('',#7066,#1934);
#1498=VECTOR('',#4771,10.);
#1499=VECTOR('',#4772,10.);
#1500=VECTOR('',#4773,10.);
#1501=VECTOR('',#4774,10.);
#1502=VECTOR('',#4777,10.);
#1503=VECTOR('',#4778,10.);
#1504=VECTOR('',#4779,10.);
#1505=VECTOR('',#4782,10.);
#1506=VECTOR('',#4783,10.);
#1507=VECTOR('',#4784,10.);
#1508=VECTOR('',#4787,10.);
#1509=VECTOR('',#4788,10.);
#1510=VECTOR('',#4789,10.);
#1511=VECTOR('',#4790,10.);
#1512=VECTOR('',#4791,10.);
#1513=VECTOR('',#4796,1.6);
#1514=VECTOR('',#4803,1.6);
#1515=VECTOR('',#4810,1.6);
#1516=VECTOR('',#4817,1.6);
#1517=VECTOR('',#4822,10.);
#1518=VECTOR('',#4823,10.);
#1519=VECTOR('',#4824,10.);
#1520=VECTOR('',#4825,10.);
#1521=VECTOR('',#4828,10.);
#1522=VECTOR('',#4829,10.);
#1523=VECTOR('',#4832,10.);
#1524=VECTOR('',#4833,10.);
#1525=VECTOR('',#4836,10.);
#1526=VECTOR('',#4839,10.);
#1527=VECTOR('',#4840,10.);
#1528=VECTOR('',#4841,10.);
#1529=VECTOR('',#4842,10.);
#1530=VECTOR('',#4845,10.);
#1531=VECTOR('',#4846,10.);
#1532=VECTOR('',#4847,10.);
#1533=VECTOR('',#4850,10.);
#1534=VECTOR('',#4851,10.);
#1535=VECTOR('',#4852,10.);
#1536=VECTOR('',#4855,10.);
#1537=VECTOR('',#4856,10.);
#1538=VECTOR('',#4869,1.);
#1539=VECTOR('',#4870,1.);
#1540=VECTOR('',#4871,1.);
#1541=VECTOR('',#4872,1.);
#1542=VECTOR('',#4875,1.);
#1543=VECTOR('',#4876,1.);
#1544=VECTOR('',#4877,1.);
#1545=VECTOR('',#4878,1.);
#1546=VECTOR('',#4879,1.);
#1547=VECTOR('',#4880,1.);
#1548=VECTOR('',#4883,1.);
#1549=VECTOR('',#4884,1.);
#1550=VECTOR('',#4887,1.);
#1551=VECTOR('',#4888,1.);
#1552=VECTOR('',#4889,1.);
#1553=VECTOR('',#4890,1.);
#1554=VECTOR('',#4891,1.);
#1555=VECTOR('',#4892,1.);
#1556=VECTOR('',#4893,1.);
#1557=VECTOR('',#4896,1.);
#1558=VECTOR('',#4899,1.);
#1559=VECTOR('',#4900,1.);
#1560=VECTOR('',#4901,1.);
#1561=VECTOR('',#4902,1.);
#1562=VECTOR('',#4907,1.);
#1563=VECTOR('',#4908,1.);
#1564=VECTOR('',#4909,1.);
#1565=VECTOR('',#4910,1.);
#1566=VECTOR('',#4911,1.);
#1567=VECTOR('',#4912,1.);
#1568=VECTOR('',#4913,1.);
#1569=VECTOR('',#4914,1.);
#1570=VECTOR('',#4915,1.);
#1571=VECTOR('',#4916,1.);
#1572=VECTOR('',#4917,1.);
#1573=VECTOR('',#4918,1.);
#1574=VECTOR('',#4919,1.);
#1575=VECTOR('',#4920,1.);
#1576=VECTOR('',#4921,1.);
#1577=VECTOR('',#4922,1.);
#1578=VECTOR('',#4923,1.);
#1579=VECTOR('',#4926,1.);
#1580=VECTOR('',#4927,1.);
#1581=VECTOR('',#4930,1.);
#1582=VECTOR('',#4933,1.);
#1583=VECTOR('',#4934,1.);
#1584=VECTOR('',#4935,1.);
#1585=VECTOR('',#4936,1.);
#1586=VECTOR('',#4937,1.);
#1587=VECTOR('',#4938,1.);
#1588=VECTOR('',#4939,1.);
#1589=VECTOR('',#4940,1.);
#1590=VECTOR('',#4941,1.);
#1591=VECTOR('',#4942,1.);
#1592=VECTOR('',#4943,1.);
#1593=VECTOR('',#4944,1.);
#1594=VECTOR('',#4945,1.);
#1595=VECTOR('',#4946,1.);
#1596=VECTOR('',#4947,1.);
#1597=VECTOR('',#4948,1.);
#1598=VECTOR('',#4949,1.);
#1599=VECTOR('',#4954,1.);
#1600=VECTOR('',#4955,1.);
#1601=VECTOR('',#4956,1.);
#1602=VECTOR('',#4959,1.);
#1603=VECTOR('',#4960,1.);
#1604=VECTOR('',#4963,1.);
#1605=VECTOR('',#4964,1.);
#1606=VECTOR('',#4967,1.);
#1607=VECTOR('',#4970,1.);
#1608=VECTOR('',#4971,1.);
#1609=VECTOR('',#4972,1.);
#1610=VECTOR('',#4975,1.);
#1611=VECTOR('',#4980,1.);
#1612=VECTOR('',#4981,1.);
#1613=VECTOR('',#4984,1.);
#1614=VECTOR('',#4987,1.);
#1615=VECTOR('',#4988,1.);
#1616=VECTOR('',#4989,1.);
#1617=VECTOR('',#4992,1.);
#1618=VECTOR('',#4993,1.);
#1619=VECTOR('',#4996,1.);
#1620=VECTOR('',#4997,1.);
#1621=VECTOR('',#5000,1.);
#1622=VECTOR('',#5003,1.);
#1623=VECTOR('',#5004,1.);
#1624=VECTOR('',#5005,1.);
#1625=VECTOR('',#5008,1.);
#1626=VECTOR('',#5009,1.);
#1627=VECTOR('',#5012,1.);
#1628=VECTOR('',#5013,1.);
#1629=VECTOR('',#5016,1.);
#1630=VECTOR('',#5019,1.);
#1631=VECTOR('',#5020,1.);
#1632=VECTOR('',#5021,1.);
#1633=VECTOR('',#5024,1.);
#1634=VECTOR('',#5025,1.);
#1635=VECTOR('',#5028,1.);
#1636=VECTOR('',#5029,1.);
#1637=VECTOR('',#5032,1.);
#1638=VECTOR('',#5035,1.);
#1639=VECTOR('',#5036,1.);
#1640=VECTOR('',#5037,1.);
#1641=VECTOR('',#5040,1.);
#1642=VECTOR('',#5041,1.);
#1643=VECTOR('',#5044,1.);
#1644=VECTOR('',#5045,1.);
#1645=VECTOR('',#5048,1.);
#1646=VECTOR('',#5051,1.);
#1647=VECTOR('',#5052,1.);
#1648=VECTOR('',#5053,1.);
#1649=VECTOR('',#5056,1.);
#1650=VECTOR('',#5057,1.);
#1651=VECTOR('',#5060,1.);
#1652=VECTOR('',#5061,1.);
#1653=VECTOR('',#5064,1.);
#1654=VECTOR('',#5067,1.);
#1655=VECTOR('',#5068,1.);
#1656=VECTOR('',#5069,1.);
#1657=VECTOR('',#5072,1.);
#1658=VECTOR('',#5073,1.);
#1659=VECTOR('',#5076,1.);
#1660=VECTOR('',#5077,1.);
#1661=VECTOR('',#5080,1.);
#1662=VECTOR('',#5083,1.);
#1663=VECTOR('',#5084,1.);
#1664=VECTOR('',#5085,1.);
#1665=VECTOR('',#5088,1.);
#1666=VECTOR('',#5089,1.);
#1667=VECTOR('',#5092,1.);
#1668=VECTOR('',#5093,1.);
#1669=VECTOR('',#5096,1.);
#1670=VECTOR('',#5099,1.);
#1671=VECTOR('',#5100,1.);
#1672=VECTOR('',#5101,1.);
#1673=VECTOR('',#5104,1.);
#1674=VECTOR('',#5105,1.);
#1675=VECTOR('',#5108,1.);
#1676=VECTOR('',#5109,1.);
#1677=VECTOR('',#5112,1.);
#1678=VECTOR('',#5115,1.);
#1679=VECTOR('',#5116,1.);
#1680=VECTOR('',#5117,1.);
#1681=VECTOR('',#5120,1.);
#1682=VECTOR('',#5121,1.);
#1683=VECTOR('',#5122,1.);
#1684=VECTOR('',#5125,1.);
#1685=VECTOR('',#5126,1.);
#1686=VECTOR('',#5129,1.);
#1687=VECTOR('',#5130,1.);
#1688=VECTOR('',#5135,1.00000000000065);
#1689=VECTOR('',#5136,1.);
#1690=VECTOR('',#5137,1.00000000000065);
#1691=VECTOR('',#5140,1.00000000000065);
#1692=VECTOR('',#5141,1.);
#1693=VECTOR('',#5144,1.);
#1694=VECTOR('',#5145,1.00000000000065);
#1695=VECTOR('',#5148,1.);
#1696=VECTOR('',#5151,1.00000000000065);
#1697=VECTOR('',#5152,1.);
#1698=VECTOR('',#5153,1.00000000000065);
#1699=VECTOR('',#5156,1.00000000000065);
#1700=VECTOR('',#5157,1.);
#1701=VECTOR('',#5160,1.);
#1702=VECTOR('',#5161,1.00000000000065);
#1703=VECTOR('',#5164,1.);
#1704=VECTOR('',#5167,1.00000000000065);
#1705=VECTOR('',#5168,1.);
#1706=VECTOR('',#5169,1.00000000000065);
#1707=VECTOR('',#5172,1.00000000000065);
#1708=VECTOR('',#5173,1.);
#1709=VECTOR('',#5176,1.);
#1710=VECTOR('',#5177,1.00000000000065);
#1711=VECTOR('',#5180,1.);
#1712=VECTOR('',#5183,1.00000000000065);
#1713=VECTOR('',#5184,1.);
#1714=VECTOR('',#5185,1.00000000000065);
#1715=VECTOR('',#5188,1.);
#1716=VECTOR('',#5189,1.00000000000065);
#1717=VECTOR('',#5192,1.);
#1718=VECTOR('',#5193,1.00000000000065);
#1719=VECTOR('',#5196,1.);
#1720=VECTOR('',#5199,1.00000000000065);
#1721=VECTOR('',#5200,1.00000000000065);
#1722=VECTOR('',#5201,1.);
#1723=VECTOR('',#5204,1.00000000000065);
#1724=VECTOR('',#5205,1.);
#1725=VECTOR('',#5208,1.00000000000065);
#1726=VECTOR('',#5209,1.);
#1727=VECTOR('',#5212,1.);
#1728=VECTOR('',#5215,1.00000000000065);
#1729=VECTOR('',#5216,1.00000000000065);
#1730=VECTOR('',#5217,1.);
#1731=VECTOR('',#5220,1.00000000000065);
#1732=VECTOR('',#5221,1.);
#1733=VECTOR('',#5224,1.00000000000065);
#1734=VECTOR('',#5225,1.);
#1735=VECTOR('',#5228,1.);
#1736=VECTOR('',#5231,1.00000000000065);
#1737=VECTOR('',#5232,1.00000000000065);
#1738=VECTOR('',#5233,1.);
#1739=VECTOR('',#5236,1.00000000000065);
#1740=VECTOR('',#5237,1.);
#1741=VECTOR('',#5240,1.00000000000065);
#1742=VECTOR('',#5241,1.);
#1743=VECTOR('',#5244,1.);
#1744=VECTOR('',#5247,1.00000000000065);
#1745=VECTOR('',#5248,1.00000000000065);
#1746=VECTOR('',#5249,1.);
#1747=VECTOR('',#5252,1.00000000000065);
#1748=VECTOR('',#5253,1.);
#1749=VECTOR('',#5256,1.00000000000065);
#1750=VECTOR('',#5257,1.);
#1751=VECTOR('',#5260,1.);
#1752=VECTOR('',#5263,1.00000000000051);
#1753=VECTOR('',#5264,1.);
#1754=VECTOR('',#5265,1.00000000000051);
#1755=VECTOR('',#5268,1.);
#1756=VECTOR('',#5271,1.00000000000051);
#1757=VECTOR('',#5274,1.00000000000051);
#1758=VECTOR('',#5299,1.);
#1759=VECTOR('',#5300,1.);
#1760=VECTOR('',#5301,1.);
#1761=VECTOR('',#5302,1.);
#1762=VECTOR('',#5305,1.);
#1763=VECTOR('',#5306,1.);
#1764=VECTOR('',#5307,1.);
#1765=VECTOR('',#5310,1.);
#1766=VECTOR('',#5311,1.);
#1767=VECTOR('',#5312,1.);
#1768=VECTOR('',#5315,1.);
#1769=VECTOR('',#5412,1.);
#1770=VECTOR('',#5415,1.);
#1771=VECTOR('',#5420,1.);
#1772=VECTOR('',#5423,1.);
#1773=VECTOR('',#5428,1.);
#1774=VECTOR('',#5525,1.);
#1775=VECTOR('',#5528,1.);
#1776=VECTOR('',#5533,1.);
#1777=VECTOR('',#5536,1.);
#1778=VECTOR('',#5543,0.85);
#1779=VECTOR('',#5546,2.);
#1780=VECTOR('',#5549,0.75);
#1781=VECTOR('',#5552,0.85);
#1782=VECTOR('',#5555,0.75);
#1783=VECTOR('',#5558,0.85);
#1784=VECTOR('',#5561,0.75);
#1785=VECTOR('',#5564,2.);
#1786=VECTOR('',#5567,0.85);
#1787=VECTOR('',#5570,0.85);
#1788=VECTOR('',#5573,0.75);
#1789=VECTOR('',#5576,0.85);
#1790=VECTOR('',#5579,2.);
#1791=VECTOR('',#5582,0.75);
#1792=VECTOR('',#5585,0.85);
#1793=VECTOR('',#5588,0.75);
#1794=VECTOR('',#5591,2.);
#1795=VECTOR('',#5594,0.85);
#1796=VECTOR('',#5597,0.85);
#1797=VECTOR('',#5600,0.75);
#1798=VECTOR('',#5603,2.);
#1799=VECTOR('',#5606,0.85);
#1800=VECTOR('',#5609,0.75);
#1801=VECTOR('',#5612,0.5);
#1802=VECTOR('',#5615,0.5);
#1803=VECTOR('',#5618,0.5);
#1804=VECTOR('',#5621,0.5);
#1805=VECTOR('',#5624,0.5);
#1806=VECTOR('',#5627,0.5);
#1807=VECTOR('',#5630,0.5);
#1808=VECTOR('',#5633,0.5);
#1809=VECTOR('',#5636,0.5);
#1810=VECTOR('',#5639,0.5);
#1811=VECTOR('',#5642,0.5);
#1812=VECTOR('',#5645,0.5);
#1813=VECTOR('',#5648,0.5);
#1814=VECTOR('',#5651,0.5);
#1815=VECTOR('',#5654,0.75);
#1816=VECTOR('',#5657,0.75);
#1817=VECTOR('',#5660,0.51);
#1818=VECTOR('',#5663,0.51);
#1819=VECTOR('',#5666,0.55);
#1820=VECTOR('',#5669,0.5);
#1821=VECTOR('',#5672,0.5);
#1822=VECTOR('',#5675,0.51);
#1823=VECTOR('',#5678,0.51);
#1824=VECTOR('',#5681,0.5);
#1825=VECTOR('',#5684,1.);
#1826=VECTOR('',#5685,1.);
#1827=VECTOR('',#5688,1.);
#1828=VECTOR('',#5691,1.);
#1829=VECTOR('',#5696,0.5);
#1830=VECTOR('',#5699,1.);
#1831=VECTOR('',#5700,1.);
#1832=VECTOR('',#5703,1.);
#1833=VECTOR('',#5706,1.);
#1834=VECTOR('',#5711,0.5);
#1835=VECTOR('',#5720,10.);
#1836=VECTOR('',#5721,10.);
#1837=VECTOR('',#5722,10.);
#1838=VECTOR('',#5723,10.);
#1839=VECTOR('',#5726,10.);
#1840=VECTOR('',#5727,10.);
#1841=VECTOR('',#5728,10.);
#1842=VECTOR('',#5731,10.);
#1843=VECTOR('',#5732,10.);
#1844=VECTOR('',#5733,10.);
#1845=VECTOR('',#5736,10.);
#1846=VECTOR('',#5737,10.);
#1847=VECTOR('',#5740,10.);
#1848=VECTOR('',#5741,10.);
#1849=VECTOR('',#5742,10.);
#1850=VECTOR('',#5743,10.);
#1851=VECTOR('',#5746,10.);
#1852=VECTOR('',#5747,10.);
#1853=VECTOR('',#5748,10.);
#1854=VECTOR('',#5751,10.);
#1855=VECTOR('',#5752,10.);
#1856=VECTOR('',#5753,10.);
#1857=VECTOR('',#5756,10.);
#1858=VECTOR('',#5757,10.);
#1859=VECTOR('',#5760,10.);
#1860=VECTOR('',#5761,10.);
#1861=VECTOR('',#5762,10.);
#1862=VECTOR('',#5763,10.);
#1863=VECTOR('',#5766,10.);
#1864=VECTOR('',#5767,10.);
#1865=VECTOR('',#5768,10.);
#1866=VECTOR('',#5771,10.);
#1867=VECTOR('',#5772,10.);
#1868=VECTOR('',#5773,10.);
#1869=VECTOR('',#5776,10.);
#1870=VECTOR('',#5777,10.);
#1871=VECTOR('',#5780,10.);
#1872=VECTOR('',#5781,10.);
#1873=VECTOR('',#5782,10.);
#1874=VECTOR('',#5783,10.);
#1875=VECTOR('',#5786,10.);
#1876=VECTOR('',#5787,10.);
#1877=VECTOR('',#5788,10.);
#1878=VECTOR('',#5791,10.);
#1879=VECTOR('',#5792,10.);
#1880=VECTOR('',#5793,10.);
#1881=VECTOR('',#5796,10.);
#1882=VECTOR('',#5797,10.);
#1883=VECTOR('',#5800,10.);
#1884=VECTOR('',#5801,10.);
#1885=VECTOR('',#5802,10.);
#1886=VECTOR('',#5803,10.);
#1887=VECTOR('',#5806,10.);
#1888=VECTOR('',#5807,10.);
#1889=VECTOR('',#5808,10.);
#1890=VECTOR('',#5811,10.);
#1891=VECTOR('',#5812,10.);
#1892=VECTOR('',#5813,10.);
#1893=VECTOR('',#5816,10.);
#1894=VECTOR('',#5817,10.);
#1895=VECTOR('',#5820,10.);
#1896=VECTOR('',#5821,10.);
#1897=VECTOR('',#5822,10.);
#1898=VECTOR('',#5823,10.);
#1899=VECTOR('',#5826,10.);
#1900=VECTOR('',#5827,10.);
#1901=VECTOR('',#5828,10.);
#1902=VECTOR('',#5831,10.);
#1903=VECTOR('',#5832,10.);
#1904=VECTOR('',#5833,10.);
#1905=VECTOR('',#5836,10.);
#1906=VECTOR('',#5837,10.);
#1907=VECTOR('',#5840,10.);
#1908=VECTOR('',#5841,10.);
#1909=VECTOR('',#5842,10.);
#1910=VECTOR('',#5843,10.);
#1911=VECTOR('',#5846,10.);
#1912=VECTOR('',#5847,10.);
#1913=VECTOR('',#5848,10.);
#1914=VECTOR('',#5851,10.);
#1915=VECTOR('',#5852,10.);
#1916=VECTOR('',#5853,10.);
#1917=VECTOR('',#5856,10.);
#1918=VECTOR('',#5857,10.);
#1919=VECTOR('',#5862,2.05);
#1920=VECTOR('',#5869,2.05);
#1921=VECTOR('',#5876,2.05);
#1922=VECTOR('',#5883,2.05);
#1923=VECTOR('',#5888,10.);
#1924=VECTOR('',#5889,10.);
#1925=VECTOR('',#5890,10.);
#1926=VECTOR('',#5891,10.);
#1927=VECTOR('',#5894,10.);
#1928=VECTOR('',#5895,10.);
#1929=VECTOR('',#5896,10.);
#1930=VECTOR('',#5899,10.);
#1931=VECTOR('',#5900,10.);
#1932=VECTOR('',#5901,10.);
#1933=VECTOR('',#5904,10.);
#1934=VECTOR('',#5905,10.);
#1935=VERTEX_POINT('',#5919);
#1936=VERTEX_POINT('',#5920);
#1937=VERTEX_POINT('',#5922);
#1938=VERTEX_POINT('',#5924);
#1939=VERTEX_POINT('',#5928);
#1940=VERTEX_POINT('',#5930);
#1941=VERTEX_POINT('',#5934);
#1942=VERTEX_POINT('',#5936);
#1943=VERTEX_POINT('',#5940);
#1944=VERTEX_POINT('',#5942);
#1945=VERTEX_POINT('',#5944);
#1946=VERTEX_POINT('',#5946);
#1947=VERTEX_POINT('',#5950);
#1948=VERTEX_POINT('',#5952);
#1949=VERTEX_POINT('',#5956);
#1950=VERTEX_POINT('',#5958);
#1951=VERTEX_POINT('',#5962);
#1952=VERTEX_POINT('',#5964);
#1953=VERTEX_POINT('',#5968);
#1954=VERTEX_POINT('',#5970);
#1955=VERTEX_POINT('',#5974);
#1956=VERTEX_POINT('',#5975);
#1957=VERTEX_POINT('',#5981);
#1958=VERTEX_POINT('',#5985);
#1959=VERTEX_POINT('',#5991);
#1960=VERTEX_POINT('',#5992);
#1961=VERTEX_POINT('',#5994);
#1962=VERTEX_POINT('',#5996);
#1963=VERTEX_POINT('',#6000);
#1964=VERTEX_POINT('',#6002);
#1965=VERTEX_POINT('',#6006);
#1966=VERTEX_POINT('',#6008);
#1967=VERTEX_POINT('',#6020);
#1968=VERTEX_POINT('',#6021);
#1969=VERTEX_POINT('',#6023);
#1970=VERTEX_POINT('',#6025);
#1971=VERTEX_POINT('',#6029);
#1972=VERTEX_POINT('',#6030);
#1973=VERTEX_POINT('',#6032);
#1974=VERTEX_POINT('',#6034);
#1975=VERTEX_POINT('',#6036);
#1976=VERTEX_POINT('',#6039);
#1977=VERTEX_POINT('',#6041);
#1978=VERTEX_POINT('',#6043);
#1979=VERTEX_POINT('',#6047);
#1980=VERTEX_POINT('',#6049);
#1981=VERTEX_POINT('',#6051);
#1982=VERTEX_POINT('',#6053);
#1983=VERTEX_POINT('',#6055);
#1984=VERTEX_POINT('',#6057);
#1985=VERTEX_POINT('',#6059);
#1986=VERTEX_POINT('',#6061);
#1987=VERTEX_POINT('',#6066);
#1988=VERTEX_POINT('',#6067);
#1989=VERTEX_POINT('',#6069);
#1990=VERTEX_POINT('',#6071);
#1991=VERTEX_POINT('',#6076);
#1992=VERTEX_POINT('',#6077);
#1993=VERTEX_POINT('',#6079);
#1994=VERTEX_POINT('',#6081);
#1995=VERTEX_POINT('',#6084);
#1996=VERTEX_POINT('',#6085);
#1997=VERTEX_POINT('',#6087);
#1998=VERTEX_POINT('',#6089);
#1999=VERTEX_POINT('',#6092);
#2000=VERTEX_POINT('',#6093);
#2001=VERTEX_POINT('',#6095);
#2002=VERTEX_POINT('',#6097);
#2003=VERTEX_POINT('',#6100);
#2004=VERTEX_POINT('',#6101);
#2005=VERTEX_POINT('',#6103);
#2006=VERTEX_POINT('',#6105);
#2007=VERTEX_POINT('',#6115);
#2008=VERTEX_POINT('',#6116);
#2009=VERTEX_POINT('',#6118);
#2010=VERTEX_POINT('',#6120);
#2011=VERTEX_POINT('',#6123);
#2012=VERTEX_POINT('',#6124);
#2013=VERTEX_POINT('',#6126);
#2014=VERTEX_POINT('',#6128);
#2015=VERTEX_POINT('',#6131);
#2016=VERTEX_POINT('',#6132);
#2017=VERTEX_POINT('',#6134);
#2018=VERTEX_POINT('',#6136);
#2019=VERTEX_POINT('',#6139);
#2020=VERTEX_POINT('',#6140);
#2021=VERTEX_POINT('',#6142);
#2022=VERTEX_POINT('',#6144);
#2023=VERTEX_POINT('',#6149);
#2024=VERTEX_POINT('',#6151);
#2025=VERTEX_POINT('',#6155);
#2026=VERTEX_POINT('',#6159);
#2027=VERTEX_POINT('',#6165);
#2028=VERTEX_POINT('',#6167);
#2029=VERTEX_POINT('',#6171);
#2030=VERTEX_POINT('',#6175);
#2031=VERTEX_POINT('',#6181);
#2032=VERTEX_POINT('',#6183);
#2033=VERTEX_POINT('',#6187);
#2034=VERTEX_POINT('',#6191);
#2035=VERTEX_POINT('',#6197);
#2036=VERTEX_POINT('',#6199);
#2037=VERTEX_POINT('',#6203);
#2038=VERTEX_POINT('',#6207);
#2039=VERTEX_POINT('',#6213);
#2040=VERTEX_POINT('',#6215);
#2041=VERTEX_POINT('',#6219);
#2042=VERTEX_POINT('',#6223);
#2043=VERTEX_POINT('',#6229);
#2044=VERTEX_POINT('',#6231);
#2045=VERTEX_POINT('',#6235);
#2046=VERTEX_POINT('',#6239);
#2047=VERTEX_POINT('',#6245);
#2048=VERTEX_POINT('',#6246);
#2049=VERTEX_POINT('',#6251);
#2050=VERTEX_POINT('',#6255);
#2051=VERTEX_POINT('',#6261);
#2052=VERTEX_POINT('',#6262);
#2053=VERTEX_POINT('',#6267);
#2054=VERTEX_POINT('',#6271);
#2055=VERTEX_POINT('',#6277);
#2056=VERTEX_POINT('',#6278);
#2057=VERTEX_POINT('',#6283);
#2058=VERTEX_POINT('',#6287);
#2059=VERTEX_POINT('',#6293);
#2060=VERTEX_POINT('',#6294);
#2061=VERTEX_POINT('',#6299);
#2062=VERTEX_POINT('',#6303);
#2063=VERTEX_POINT('',#6309);
#2064=VERTEX_POINT('',#6311);
#2065=VERTEX_POINT('',#6315);
#2066=VERTEX_POINT('',#6317);
#2067=VERTEX_POINT('',#6321);
#2068=VERTEX_POINT('',#6325);
#2069=VERTEX_POINT('',#6330);
#2070=VERTEX_POINT('',#6332);
#2071=VERTEX_POINT('',#6336);
#2072=VERTEX_POINT('',#6340);
#2073=VERTEX_POINT('',#6346);
#2074=VERTEX_POINT('',#6348);
#2075=VERTEX_POINT('',#6352);
#2076=VERTEX_POINT('',#6356);
#2077=VERTEX_POINT('',#6362);
#2078=VERTEX_POINT('',#6364);
#2079=VERTEX_POINT('',#6368);
#2080=VERTEX_POINT('',#6372);
#2081=VERTEX_POINT('',#6378);
#2082=VERTEX_POINT('',#6380);
#2083=VERTEX_POINT('',#6384);
#2084=VERTEX_POINT('',#6388);
#2085=VERTEX_POINT('',#6394);
#2086=VERTEX_POINT('',#6396);
#2087=VERTEX_POINT('',#6400);
#2088=VERTEX_POINT('',#6404);
#2089=VERTEX_POINT('',#6410);
#2090=VERTEX_POINT('',#6412);
#2091=VERTEX_POINT('',#6416);
#2092=VERTEX_POINT('',#6420);
#2093=VERTEX_POINT('',#6426);
#2094=VERTEX_POINT('',#6428);
#2095=VERTEX_POINT('',#6432);
#2096=VERTEX_POINT('',#6436);
#2097=VERTEX_POINT('',#6442);
#2098=VERTEX_POINT('',#6444);
#2099=VERTEX_POINT('',#6448);
#2100=VERTEX_POINT('',#6452);
#2101=VERTEX_POINT('',#6458);
#2102=VERTEX_POINT('',#6460);
#2103=VERTEX_POINT('',#6481);
#2104=VERTEX_POINT('',#6482);
#2105=VERTEX_POINT('',#6484);
#2106=VERTEX_POINT('',#6486);
#2107=VERTEX_POINT('',#6490);
#2108=VERTEX_POINT('',#6491);
#2109=VERTEX_POINT('',#6496);
#2110=VERTEX_POINT('',#6498);
#2111=VERTEX_POINT('',#6503);
#2112=VERTEX_POINT('',#6505);
#2113=VERTEX_POINT('',#6507);
#2114=VERTEX_POINT('',#6509);
#2115=VERTEX_POINT('',#6511);
#2116=VERTEX_POINT('',#6513);
#2117=VERTEX_POINT('',#6515);
#2118=VERTEX_POINT('',#6517);
#2119=VERTEX_POINT('',#6519);
#2120=VERTEX_POINT('',#6521);
#2121=VERTEX_POINT('',#6523);
#2122=VERTEX_POINT('',#6525);
#2123=VERTEX_POINT('',#6527);
#2124=VERTEX_POINT('',#6529);
#2125=VERTEX_POINT('',#6531);
#2126=VERTEX_POINT('',#6533);
#2127=VERTEX_POINT('',#6535);
#2128=VERTEX_POINT('',#6537);
#2129=VERTEX_POINT('',#6539);
#2130=VERTEX_POINT('',#6541);
#2131=VERTEX_POINT('',#6543);
#2132=VERTEX_POINT('',#6545);
#2133=VERTEX_POINT('',#6547);
#2134=VERTEX_POINT('',#6549);
#2135=VERTEX_POINT('',#6551);
#2136=VERTEX_POINT('',#6553);
#2137=VERTEX_POINT('',#6555);
#2138=VERTEX_POINT('',#6557);
#2139=VERTEX_POINT('',#6559);
#2140=VERTEX_POINT('',#6561);
#2141=VERTEX_POINT('',#6563);
#2142=VERTEX_POINT('',#6565);
#2143=VERTEX_POINT('',#6567);
#2144=VERTEX_POINT('',#6569);
#2145=VERTEX_POINT('',#6571);
#2146=VERTEX_POINT('',#6573);
#2147=VERTEX_POINT('',#6575);
#2148=VERTEX_POINT('',#6577);
#2149=VERTEX_POINT('',#6579);
#2150=VERTEX_POINT('',#6581);
#2151=VERTEX_POINT('',#6583);
#2152=VERTEX_POINT('',#6585);
#2153=VERTEX_POINT('',#6587);
#2154=VERTEX_POINT('',#6589);
#2155=VERTEX_POINT('',#6591);
#2156=VERTEX_POINT('',#6593);
#2157=VERTEX_POINT('',#6595);
#2158=VERTEX_POINT('',#6597);
#2159=VERTEX_POINT('',#6598);
#2160=VERTEX_POINT('',#6600);
#2161=VERTEX_POINT('',#6602);
#2162=VERTEX_POINT('',#6605);
#2163=VERTEX_POINT('',#6607);
#2164=VERTEX_POINT('',#6608);
#2165=VERTEX_POINT('',#6610);
#2166=VERTEX_POINT('',#6612);
#2167=VERTEX_POINT('',#6615);
#2168=VERTEX_POINT('',#6619);
#2169=VERTEX_POINT('',#6621);
#2170=VERTEX_POINT('',#6623);
#2171=VERTEX_POINT('',#6625);
#2172=VERTEX_POINT('',#6627);
#2173=VERTEX_POINT('',#6629);
#2174=VERTEX_POINT('',#6631);
#2175=VERTEX_POINT('',#6633);
#2176=VERTEX_POINT('',#6635);
#2177=VERTEX_POINT('',#6637);
#2178=VERTEX_POINT('',#6639);
#2179=VERTEX_POINT('',#6641);
#2180=VERTEX_POINT('',#6643);
#2181=VERTEX_POINT('',#6645);
#2182=VERTEX_POINT('',#6647);
#2183=VERTEX_POINT('',#6649);
#2184=VERTEX_POINT('',#6651);
#2185=VERTEX_POINT('',#6653);
#2186=VERTEX_POINT('',#6655);
#2187=VERTEX_POINT('',#6657);
#2188=VERTEX_POINT('',#6659);
#2189=VERTEX_POINT('',#6661);
#2190=VERTEX_POINT('',#6663);
#2191=VERTEX_POINT('',#6665);
#2192=VERTEX_POINT('',#6667);
#2193=VERTEX_POINT('',#6669);
#2194=VERTEX_POINT('',#6671);
#2195=VERTEX_POINT('',#6673);
#2196=VERTEX_POINT('',#6675);
#2197=VERTEX_POINT('',#6677);
#2198=VERTEX_POINT('',#6679);
#2199=VERTEX_POINT('',#6681);
#2200=VERTEX_POINT('',#6683);
#2201=VERTEX_POINT('',#6685);
#2202=VERTEX_POINT('',#6687);
#2203=VERTEX_POINT('',#6689);
#2204=VERTEX_POINT('',#6691);
#2205=VERTEX_POINT('',#6693);
#2206=VERTEX_POINT('',#6695);
#2207=VERTEX_POINT('',#6697);
#2208=VERTEX_POINT('',#6699);
#2209=VERTEX_POINT('',#6701);
#2210=VERTEX_POINT('',#6703);
#2211=VERTEX_POINT('',#6705);
#2212=VERTEX_POINT('',#6707);
#2213=VERTEX_POINT('',#6709);
#2214=VERTEX_POINT('',#6711);
#2215=VERTEX_POINT('',#6713);
#2216=VERTEX_POINT('',#6714);
#2217=VERTEX_POINT('',#6716);
#2218=VERTEX_POINT('',#6718);
#2219=VERTEX_POINT('',#6721);
#2220=VERTEX_POINT('',#6723);
#2221=VERTEX_POINT('',#6724);
#2222=VERTEX_POINT('',#6726);
#2223=VERTEX_POINT('',#6728);
#2224=VERTEX_POINT('',#6731);
#2225=VERTEX_POINT('',#6852);
#2226=VERTEX_POINT('',#6853);
#2227=VERTEX_POINT('',#6855);
#2228=VERTEX_POINT('',#6857);
#2229=VERTEX_POINT('',#6861);
#2230=VERTEX_POINT('',#6863);
#2231=VERTEX_POINT('',#6867);
#2232=VERTEX_POINT('',#6869);
#2233=VERTEX_POINT('',#6876);
#2234=VERTEX_POINT('',#6877);
#2235=VERTEX_POINT('',#6879);
#2236=VERTEX_POINT('',#6881);
#2237=VERTEX_POINT('',#6885);
#2238=VERTEX_POINT('',#6887);
#2239=VERTEX_POINT('',#6891);
#2240=VERTEX_POINT('',#6893);
#2241=VERTEX_POINT('',#6900);
#2242=VERTEX_POINT('',#6901);
#2243=VERTEX_POINT('',#6903);
#2244=VERTEX_POINT('',#6905);
#2245=VERTEX_POINT('',#6909);
#2246=VERTEX_POINT('',#6911);
#2247=VERTEX_POINT('',#6915);
#2248=VERTEX_POINT('',#6917);
#2249=VERTEX_POINT('',#6924);
#2250=VERTEX_POINT('',#6925);
#2251=VERTEX_POINT('',#6927);
#2252=VERTEX_POINT('',#6929);
#2253=VERTEX_POINT('',#6933);
#2254=VERTEX_POINT('',#6935);
#2255=VERTEX_POINT('',#6939);
#2256=VERTEX_POINT('',#6941);
#2257=VERTEX_POINT('',#6948);
#2258=VERTEX_POINT('',#6949);
#2259=VERTEX_POINT('',#6951);
#2260=VERTEX_POINT('',#6953);
#2261=VERTEX_POINT('',#6957);
#2262=VERTEX_POINT('',#6959);
#2263=VERTEX_POINT('',#6963);
#2264=VERTEX_POINT('',#6965);
#2265=VERTEX_POINT('',#6972);
#2266=VERTEX_POINT('',#6973);
#2267=VERTEX_POINT('',#6975);
#2268=VERTEX_POINT('',#6977);
#2269=VERTEX_POINT('',#6981);
#2270=VERTEX_POINT('',#6983);
#2271=VERTEX_POINT('',#6987);
#2272=VERTEX_POINT('',#6989);
#2273=VERTEX_POINT('',#6996);
#2274=VERTEX_POINT('',#6997);
#2275=VERTEX_POINT('',#6999);
#2276=VERTEX_POINT('',#7001);
#2277=VERTEX_POINT('',#7005);
#2278=VERTEX_POINT('',#7007);
#2279=VERTEX_POINT('',#7011);
#2280=VERTEX_POINT('',#7013);
#2281=VERTEX_POINT('',#7020);
#2282=VERTEX_POINT('',#7022);
#2283=VERTEX_POINT('',#7026);
#2284=VERTEX_POINT('',#7028);
#2285=VERTEX_POINT('',#7032);
#2286=VERTEX_POINT('',#7034);
#2287=VERTEX_POINT('',#7038);
#2288=VERTEX_POINT('',#7040);
#2289=VERTEX_POINT('',#7044);
#2290=VERTEX_POINT('',#7045);
#2291=VERTEX_POINT('',#7047);
#2292=VERTEX_POINT('',#7049);
#2293=VERTEX_POINT('',#7053);
#2294=VERTEX_POINT('',#7055);
#2295=VERTEX_POINT('',#7059);
#2296=VERTEX_POINT('',#7061);
#2297=EDGE_CURVE('',#1935,#1936,#1061,.T.);
#2298=EDGE_CURVE('',#1935,#1937,#1062,.T.);
#2299=EDGE_CURVE('',#1938,#1937,#1063,.T.);
#2300=EDGE_CURVE('',#1936,#1938,#1064,.T.);
#2301=EDGE_CURVE('',#1939,#1935,#1065,.T.);
#2302=EDGE_CURVE('',#1939,#1940,#1066,.T.);
#2303=EDGE_CURVE('',#1937,#1940,#1067,.T.);
#2304=EDGE_CURVE('',#1941,#1939,#1068,.T.);
#2305=EDGE_CURVE('',#1941,#1942,#1069,.T.);
#2306=EDGE_CURVE('',#1940,#1942,#1070,.T.);
#2307=EDGE_CURVE('',#1942,#1943,#1071,.T.);
#2308=EDGE_CURVE('',#1943,#1944,#1072,.T.);
#2309=EDGE_CURVE('',#1945,#1944,#1073,.T.);
#2310=EDGE_CURVE('',#1946,#1945,#1074,.T.);
#2311=EDGE_CURVE('',#1946,#1938,#1075,.T.);
#2312=EDGE_CURVE('',#1947,#1947,#293,.T.);
#2313=EDGE_CURVE('',#1947,#1948,#1076,.T.);
#2314=EDGE_CURVE('',#1948,#1948,#294,.T.);
#2315=EDGE_CURVE('',#1949,#1949,#295,.T.);
#2316=EDGE_CURVE('',#1949,#1950,#1077,.T.);
#2317=EDGE_CURVE('',#1950,#1950,#296,.T.);
#2318=EDGE_CURVE('',#1951,#1951,#297,.T.);
#2319=EDGE_CURVE('',#1951,#1952,#1078,.T.);
#2320=EDGE_CURVE('',#1952,#1952,#298,.T.);
#2321=EDGE_CURVE('',#1953,#1953,#299,.T.);
#2322=EDGE_CURVE('',#1953,#1954,#1079,.T.);
#2323=EDGE_CURVE('',#1954,#1954,#300,.T.);
#2324=EDGE_CURVE('',#1955,#1956,#1080,.T.);
#2325=EDGE_CURVE('',#1943,#1955,#1081,.T.);
#2326=EDGE_CURVE('',#1936,#1941,#1082,.T.);
#2327=EDGE_CURVE('',#1956,#1946,#1083,.T.);
#2328=EDGE_CURVE('',#1955,#1957,#1084,.T.);
#2329=EDGE_CURVE('',#1944,#1957,#1085,.T.);
#2330=EDGE_CURVE('',#1958,#1945,#1086,.T.);
#2331=EDGE_CURVE('',#1956,#1958,#1087,.T.);
#2332=EDGE_CURVE('',#1957,#1958,#1088,.T.);
#2333=EDGE_CURVE('',#1959,#1960,#1089,.T.);
#2334=EDGE_CURVE('',#1959,#1961,#1090,.T.);
#2335=EDGE_CURVE('',#1962,#1961,#1091,.T.);
#2336=EDGE_CURVE('',#1960,#1962,#1092,.T.);
#2337=EDGE_CURVE('',#1960,#1963,#1093,.T.);
#2338=EDGE_CURVE('',#1964,#1962,#1094,.T.);
#2339=EDGE_CURVE('',#1963,#1964,#1095,.T.);
#2340=EDGE_CURVE('',#1963,#1965,#1096,.T.);
#2341=EDGE_CURVE('',#1966,#1964,#1097,.T.);
#2342=EDGE_CURVE('',#1965,#1966,#1098,.T.);
#2343=EDGE_CURVE('',#1965,#1959,#1099,.T.);
#2344=EDGE_CURVE('',#1961,#1966,#1100,.T.);
#2345=EDGE_CURVE('',#1967,#1968,#1101,.T.);
#2346=EDGE_CURVE('',#1967,#1969,#1102,.T.);
#2347=EDGE_CURVE('',#1969,#1970,#1103,.T.);
#2348=EDGE_CURVE('',#1968,#1970,#1104,.T.);
#2349=EDGE_CURVE('',#1971,#1972,#1105,.T.);
#2350=EDGE_CURVE('',#1972,#1973,#1106,.T.);
#2351=EDGE_CURVE('',#1973,#1974,#1107,.T.);
#2352=EDGE_CURVE('',#1974,#1975,#1108,.T.);
#2353=EDGE_CURVE('',#1975,#1967,#1109,.T.);
#2354=EDGE_CURVE('',#1976,#1968,#1110,.T.);
#2355=EDGE_CURVE('',#1976,#1977,#301,.T.);
#2356=EDGE_CURVE('',#1978,#1977,#1111,.T.);
#2357=EDGE_CURVE('',#1971,#1978,#1112,.T.);
#2358=EDGE_CURVE('',#1969,#1979,#1113,.T.);
#2359=EDGE_CURVE('',#1980,#1979,#1114,.T.);
#2360=EDGE_CURVE('',#1981,#1980,#1115,.T.);
#2361=EDGE_CURVE('',#1982,#1981,#1116,.T.);
#2362=EDGE_CURVE('',#1982,#1983,#1117,.T.);
#2363=EDGE_CURVE('',#1983,#1984,#1118,.T.);
#2364=EDGE_CURVE('',#1985,#1984,#1119,.T.);
#2365=EDGE_CURVE('',#1986,#1985,#302,.T.);
#2366=EDGE_CURVE('',#1970,#1986,#1120,.T.);
#2367=EDGE_CURVE('',#1979,#1975,#1121,.T.);
#2368=EDGE_CURVE('',#1987,#1988,#1122,.T.);
#2369=EDGE_CURVE('',#1988,#1989,#1123,.T.);
#2370=EDGE_CURVE('',#1989,#1990,#1124,.T.);
#2371=EDGE_CURVE('',#1990,#1987,#303,.T.);
#2372=EDGE_CURVE('',#1986,#1976,#1125,.T.);
#2373=EDGE_CURVE('',#1991,#1992,#1126,.T.);
#2374=EDGE_CURVE('',#1992,#1993,#1127,.T.);
#2375=EDGE_CURVE('',#1993,#1994,#1128,.T.);
#2376=EDGE_CURVE('',#1994,#1991,#1129,.T.);
#2377=EDGE_CURVE('',#1995,#1996,#1130,.T.);
#2378=EDGE_CURVE('',#1996,#1997,#1131,.T.);
#2379=EDGE_CURVE('',#1997,#1998,#1132,.T.);
#2380=EDGE_CURVE('',#1998,#1995,#1133,.T.);
#2381=EDGE_CURVE('',#1999,#2000,#1134,.T.);
#2382=EDGE_CURVE('',#2000,#2001,#1135,.T.);
#2383=EDGE_CURVE('',#2001,#2002,#1136,.T.);
#2384=EDGE_CURVE('',#2002,#1999,#1137,.T.);
#2385=EDGE_CURVE('',#2003,#2004,#1138,.T.);
#2386=EDGE_CURVE('',#2004,#2005,#1139,.T.);
#2387=EDGE_CURVE('',#2005,#2006,#1140,.T.);
#2388=EDGE_CURVE('',#2006,#2003,#1141,.T.);
#2389=EDGE_CURVE('',#1982,#1972,#1142,.T.);
#2390=EDGE_CURVE('',#1983,#1971,#1143,.T.);
#2391=EDGE_CURVE('',#1981,#1973,#1144,.T.);
#2392=EDGE_CURVE('',#1980,#1974,#1145,.T.);
#2393=EDGE_CURVE('',#2007,#2008,#1146,.T.);
#2394=EDGE_CURVE('',#2008,#2009,#1147,.T.);
#2395=EDGE_CURVE('',#2009,#2010,#1148,.T.);
#2396=EDGE_CURVE('',#2010,#2007,#1149,.T.);
#2397=EDGE_CURVE('',#2011,#2012,#1150,.T.);
#2398=EDGE_CURVE('',#2012,#2013,#1151,.T.);
#2399=EDGE_CURVE('',#2013,#2014,#1152,.T.);
#2400=EDGE_CURVE('',#2014,#2011,#1153,.T.);
#2401=EDGE_CURVE('',#2015,#2016,#1154,.T.);
#2402=EDGE_CURVE('',#2016,#2017,#1155,.T.);
#2403=EDGE_CURVE('',#2017,#2018,#1156,.T.);
#2404=EDGE_CURVE('',#2018,#2015,#1157,.T.);
#2405=EDGE_CURVE('',#2019,#2020,#1158,.T.);
#2406=EDGE_CURVE('',#2020,#2021,#1159,.T.);
#2407=EDGE_CURVE('',#2021,#2022,#1160,.T.);
#2408=EDGE_CURVE('',#2022,#2019,#1161,.T.);
#2409=EDGE_CURVE('',#1985,#2023,#1162,.T.);
#2410=EDGE_CURVE('',#2023,#2024,#1163,.T.);
#2411=EDGE_CURVE('',#2024,#1977,#1164,.T.);
#2412=EDGE_CURVE('',#2025,#2024,#1165,.T.);
#2413=EDGE_CURVE('',#2025,#1978,#1166,.T.);
#2414=EDGE_CURVE('',#2026,#2025,#1167,.T.);
#2415=EDGE_CURVE('',#1984,#2026,#1168,.T.);
#2416=EDGE_CURVE('',#2023,#2026,#1169,.T.);
#2417=EDGE_CURVE('',#1987,#2027,#1170,.T.);
#2418=EDGE_CURVE('',#2027,#2028,#1171,.T.);
#2419=EDGE_CURVE('',#1988,#2028,#1172,.T.);
#2420=EDGE_CURVE('',#1990,#2029,#1173,.T.);
#2421=EDGE_CURVE('',#2029,#2027,#304,.T.);
#2422=EDGE_CURVE('',#1989,#2030,#1174,.T.);
#2423=EDGE_CURVE('',#2030,#2029,#1175,.T.);
#2424=EDGE_CURVE('',#2028,#2030,#1176,.T.);
#2425=EDGE_CURVE('',#1991,#2031,#1177,.T.);
#2426=EDGE_CURVE('',#2031,#2032,#1178,.T.);
#2427=EDGE_CURVE('',#1992,#2032,#1179,.T.);
#2428=EDGE_CURVE('',#1994,#2033,#1180,.T.);
#2429=EDGE_CURVE('',#2033,#2031,#1181,.T.);
#2430=EDGE_CURVE('',#2032,#2034,#1182,.T.);
#2431=EDGE_CURVE('',#1993,#2034,#1183,.T.);
#2432=EDGE_CURVE('',#2034,#2033,#1184,.T.);
#2433=EDGE_CURVE('',#1995,#2035,#1185,.T.);
#2434=EDGE_CURVE('',#2035,#2036,#1186,.T.);
#2435=EDGE_CURVE('',#1996,#2036,#1187,.T.);
#2436=EDGE_CURVE('',#1998,#2037,#1188,.T.);
#2437=EDGE_CURVE('',#2037,#2035,#1189,.T.);
#2438=EDGE_CURVE('',#2036,#2038,#1190,.T.);
#2439=EDGE_CURVE('',#1997,#2038,#1191,.T.);
#2440=EDGE_CURVE('',#2038,#2037,#1192,.T.);
#2441=EDGE_CURVE('',#1999,#2039,#1193,.T.);
#2442=EDGE_CURVE('',#2039,#2040,#1194,.T.);
#2443=EDGE_CURVE('',#2000,#2040,#1195,.T.);
#2444=EDGE_CURVE('',#2002,#2041,#1196,.T.);
#2445=EDGE_CURVE('',#2041,#2039,#1197,.T.);
#2446=EDGE_CURVE('',#2040,#2042,#1198,.T.);
#2447=EDGE_CURVE('',#2001,#2042,#1199,.T.);
#2448=EDGE_CURVE('',#2042,#2041,#1200,.T.);
#2449=EDGE_CURVE('',#2003,#2043,#1201,.T.);
#2450=EDGE_CURVE('',#2043,#2044,#1202,.T.);
#2451=EDGE_CURVE('',#2004,#2044,#1203,.T.);
#2452=EDGE_CURVE('',#2044,#2045,#1204,.T.);
#2453=EDGE_CURVE('',#2005,#2045,#1205,.T.);
#2454=EDGE_CURVE('',#2045,#2046,#1206,.T.);
#2455=EDGE_CURVE('',#2006,#2046,#1207,.T.);
#2456=EDGE_CURVE('',#2046,#2043,#1208,.T.);
#2457=EDGE_CURVE('',#2047,#2048,#1209,.T.);
#2458=EDGE_CURVE('',#2047,#2008,#1210,.T.);
#2459=EDGE_CURVE('',#2048,#2007,#1211,.T.);
#2460=EDGE_CURVE('',#2048,#2049,#1212,.T.);
#2461=EDGE_CURVE('',#2049,#2010,#1213,.T.);
#2462=EDGE_CURVE('',#2050,#2047,#1214,.T.);
#2463=EDGE_CURVE('',#2050,#2009,#1215,.T.);
#2464=EDGE_CURVE('',#2049,#2050,#1216,.T.);
#2465=EDGE_CURVE('',#2051,#2052,#1217,.T.);
#2466=EDGE_CURVE('',#2051,#2012,#1218,.T.);
#2467=EDGE_CURVE('',#2052,#2011,#1219,.T.);
#2468=EDGE_CURVE('',#2052,#2053,#1220,.T.);
#2469=EDGE_CURVE('',#2053,#2014,#1221,.T.);
#2470=EDGE_CURVE('',#2054,#2051,#1222,.T.);
#2471=EDGE_CURVE('',#2054,#2013,#1223,.T.);
#2472=EDGE_CURVE('',#2053,#2054,#1224,.T.);
#2473=EDGE_CURVE('',#2055,#2056,#1225,.T.);
#2474=EDGE_CURVE('',#2055,#2016,#1226,.T.);
#2475=EDGE_CURVE('',#2056,#2015,#1227,.T.);
#2476=EDGE_CURVE('',#2056,#2057,#1228,.T.);
#2477=EDGE_CURVE('',#2057,#2018,#1229,.T.);
#2478=EDGE_CURVE('',#2058,#2055,#1230,.T.);
#2479=EDGE_CURVE('',#2058,#2017,#1231,.T.);
#2480=EDGE_CURVE('',#2057,#2058,#1232,.T.);
#2481=EDGE_CURVE('',#2059,#2060,#1233,.T.);
#2482=EDGE_CURVE('',#2059,#2020,#1234,.T.);
#2483=EDGE_CURVE('',#2060,#2019,#1235,.T.);
#2484=EDGE_CURVE('',#2061,#2059,#1236,.T.);
#2485=EDGE_CURVE('',#2061,#2021,#1237,.T.);
#2486=EDGE_CURVE('',#2062,#2061,#1238,.T.);
#2487=EDGE_CURVE('',#2062,#2022,#1239,.T.);
#2488=EDGE_CURVE('',#2060,#2062,#1240,.T.);
#2489=EDGE_CURVE('',#2023,#2063,#1241,.T.);
#2490=EDGE_CURVE('',#2063,#2064,#1242,.T.);
#2491=EDGE_CURVE('',#2024,#2064,#1243,.T.);
#2492=EDGE_CURVE('',#2025,#2065,#1244,.T.);
#2493=EDGE_CURVE('',#2064,#2066,#1245,.T.);
#2494=EDGE_CURVE('',#2065,#2066,#1246,.T.);
#2495=EDGE_CURVE('',#2026,#2067,#1247,.T.);
#2496=EDGE_CURVE('',#2067,#2065,#1248,.T.);
#2497=EDGE_CURVE('',#2068,#2067,#1249,.T.);
#2498=EDGE_CURVE('',#2063,#2068,#1250,.T.);
#2499=EDGE_CURVE('',#2031,#2069,#1251,.T.);
#2500=EDGE_CURVE('',#2069,#2070,#1252,.T.);
#2501=EDGE_CURVE('',#2032,#2070,#1253,.T.);
#2502=EDGE_CURVE('',#2033,#2071,#1254,.T.);
#2503=EDGE_CURVE('',#2071,#2069,#1255,.T.);
#2504=EDGE_CURVE('',#2070,#2072,#1256,.T.);
#2505=EDGE_CURVE('',#2034,#2072,#1257,.T.);
#2506=EDGE_CURVE('',#2072,#2071,#1258,.T.);
#2507=EDGE_CURVE('',#2035,#2073,#1259,.T.);
#2508=EDGE_CURVE('',#2073,#2074,#1260,.T.);
#2509=EDGE_CURVE('',#2036,#2074,#1261,.T.);
#2510=EDGE_CURVE('',#2037,#2075,#1262,.T.);
#2511=EDGE_CURVE('',#2075,#2073,#1263,.T.);
#2512=EDGE_CURVE('',#2074,#2076,#1264,.T.);
#2513=EDGE_CURVE('',#2038,#2076,#1265,.T.);
#2514=EDGE_CURVE('',#2076,#2075,#1266,.T.);
#2515=EDGE_CURVE('',#2039,#2077,#1267,.T.);
#2516=EDGE_CURVE('',#2077,#2078,#1268,.T.);
#2517=EDGE_CURVE('',#2040,#2078,#1269,.T.);
#2518=EDGE_CURVE('',#2041,#2079,#1270,.T.);
#2519=EDGE_CURVE('',#2079,#2077,#1271,.T.);
#2520=EDGE_CURVE('',#2078,#2080,#1272,.T.);
#2521=EDGE_CURVE('',#2042,#2080,#1273,.T.);
#2522=EDGE_CURVE('',#2080,#2079,#1274,.T.);
#2523=EDGE_CURVE('',#2043,#2081,#1275,.T.);
#2524=EDGE_CURVE('',#2081,#2082,#1276,.T.);
#2525=EDGE_CURVE('',#2044,#2082,#1277,.T.);
#2526=EDGE_CURVE('',#2082,#2083,#1278,.T.);
#2527=EDGE_CURVE('',#2045,#2083,#1279,.T.);
#2528=EDGE_CURVE('',#2083,#2084,#1280,.T.);
#2529=EDGE_CURVE('',#2046,#2084,#1281,.T.);
#2530=EDGE_CURVE('',#2084,#2081,#1282,.T.);
#2531=EDGE_CURVE('',#2085,#2047,#1283,.T.);
#2532=EDGE_CURVE('',#2048,#2086,#1284,.T.);
#2533=EDGE_CURVE('',#2085,#2086,#1285,.T.);
#2534=EDGE_CURVE('',#2049,#2087,#1286,.T.);
#2535=EDGE_CURVE('',#2086,#2087,#1287,.T.);
#2536=EDGE_CURVE('',#2088,#2050,#1288,.T.);
#2537=EDGE_CURVE('',#2088,#2085,#1289,.T.);
#2538=EDGE_CURVE('',#2087,#2088,#1290,.T.);
#2539=EDGE_CURVE('',#2051,#2089,#1291,.T.);
#2540=EDGE_CURVE('',#2052,#2090,#1292,.T.);
#2541=EDGE_CURVE('',#2089,#2090,#1293,.T.);
#2542=EDGE_CURVE('',#2091,#2053,#1294,.T.);
#2543=EDGE_CURVE('',#2090,#2091,#1295,.T.);
#2544=EDGE_CURVE('',#2092,#2054,#1296,.T.);
#2545=EDGE_CURVE('',#2092,#2089,#1297,.T.);
#2546=EDGE_CURVE('',#2091,#2092,#1298,.T.);
#2547=EDGE_CURVE('',#2055,#2093,#1299,.T.);
#2548=EDGE_CURVE('',#2094,#2056,#1300,.T.);
#2549=EDGE_CURVE('',#2093,#2094,#1301,.T.);
#2550=EDGE_CURVE('',#2095,#2057,#1302,.T.);
#2551=EDGE_CURVE('',#2094,#2095,#1303,.T.);
#2552=EDGE_CURVE('',#2058,#2096,#1304,.T.);
#2553=EDGE_CURVE('',#2096,#2093,#1305,.T.);
#2554=EDGE_CURVE('',#2095,#2096,#1306,.T.);
#2555=EDGE_CURVE('',#2059,#2097,#1307,.T.);
#2556=EDGE_CURVE('',#2060,#2098,#1308,.T.);
#2557=EDGE_CURVE('',#2097,#2098,#1309,.T.);
#2558=EDGE_CURVE('',#2099,#2061,#1310,.T.);
#2559=EDGE_CURVE('',#2099,#2097,#1311,.T.);
#2560=EDGE_CURVE('',#2100,#2062,#1312,.T.);
#2561=EDGE_CURVE('',#2100,#2099,#1313,.T.);
#2562=EDGE_CURVE('',#2098,#2100,#1314,.T.);
#2563=EDGE_CURVE('',#2063,#2101,#1315,.T.);
#2564=EDGE_CURVE('',#2101,#2102,#1316,.T.);
#2565=EDGE_CURVE('',#2064,#2102,#1317,.T.);
#2566=EDGE_CURVE('',#2068,#2066,#1318,.T.);
#2567=EDGE_CURVE('',#2102,#2066,#1319,.T.);
#2568=EDGE_CURVE('',#2101,#2068,#1320,.T.);
#2569=EDGE_CURVE('',#2103,#2104,#1321,.T.);
#2570=EDGE_CURVE('',#2104,#2105,#1322,.T.);
#2571=EDGE_CURVE('',#2106,#2105,#1323,.T.);
#2572=EDGE_CURVE('',#2103,#2106,#1324,.T.);
#2573=EDGE_CURVE('',#2107,#2108,#1325,.T.);
#2574=EDGE_CURVE('',#2108,#2104,#1326,.T.);
#2575=EDGE_CURVE('',#2107,#2103,#1327,.T.);
#2576=EDGE_CURVE('',#2105,#2109,#1328,.T.);
#2577=EDGE_CURVE('',#2110,#2109,#1329,.T.);
#2578=EDGE_CURVE('',#2106,#2110,#1330,.T.);
#2579=EDGE_CURVE('',#2110,#2107,#1331,.T.);
#2580=EDGE_CURVE('',#2111,#2111,#305,.T.);
#2581=EDGE_CURVE('',#2112,#2112,#306,.T.);
#2582=EDGE_CURVE('',#2113,#2113,#307,.T.);
#2583=EDGE_CURVE('',#2114,#2114,#308,.T.);
#2584=EDGE_CURVE('',#2115,#2115,#309,.T.);
#2585=EDGE_CURVE('',#2116,#2116,#310,.T.);
#2586=EDGE_CURVE('',#2117,#2117,#311,.T.);
#2587=EDGE_CURVE('',#2118,#2118,#312,.T.);
#2588=EDGE_CURVE('',#2119,#2119,#313,.T.);
#2589=EDGE_CURVE('',#2120,#2120,#314,.T.);
#2590=EDGE_CURVE('',#2121,#2121,#315,.T.);
#2591=EDGE_CURVE('',#2122,#2122,#316,.T.);
#2592=EDGE_CURVE('',#2123,#2123,#317,.T.);
#2593=EDGE_CURVE('',#2124,#2124,#318,.T.);
#2594=EDGE_CURVE('',#2125,#2125,#319,.T.);
#2595=EDGE_CURVE('',#2126,#2126,#320,.T.);
#2596=EDGE_CURVE('',#2127,#2127,#321,.T.);
#2597=EDGE_CURVE('',#2128,#2128,#322,.T.);
#2598=EDGE_CURVE('',#2129,#2129,#323,.T.);
#2599=EDGE_CURVE('',#2130,#2130,#324,.T.);
#2600=EDGE_CURVE('',#2131,#2131,#325,.T.);
#2601=EDGE_CURVE('',#2132,#2132,#326,.T.);
#2602=EDGE_CURVE('',#2133,#2133,#327,.T.);
#2603=EDGE_CURVE('',#2134,#2134,#328,.T.);
#2604=EDGE_CURVE('',#2135,#2135,#329,.T.);
#2605=EDGE_CURVE('',#2136,#2136,#330,.T.);
#2606=EDGE_CURVE('',#2137,#2137,#331,.T.);
#2607=EDGE_CURVE('',#2138,#2138,#332,.T.);
#2608=EDGE_CURVE('',#2139,#2139,#333,.T.);
#2609=EDGE_CURVE('',#2140,#2140,#334,.T.);
#2610=EDGE_CURVE('',#2141,#2141,#335,.T.);
#2611=EDGE_CURVE('',#2142,#2142,#336,.T.);
#2612=EDGE_CURVE('',#2143,#2143,#337,.T.);
#2613=EDGE_CURVE('',#2144,#2144,#338,.T.);
#2614=EDGE_CURVE('',#2145,#2145,#339,.T.);
#2615=EDGE_CURVE('',#2146,#2146,#340,.T.);
#2616=EDGE_CURVE('',#2147,#2147,#341,.T.);
#2617=EDGE_CURVE('',#2148,#2148,#342,.T.);
#2618=EDGE_CURVE('',#2149,#2149,#343,.T.);
#2619=EDGE_CURVE('',#2150,#2150,#344,.T.);
#2620=EDGE_CURVE('',#2151,#2151,#345,.T.);
#2621=EDGE_CURVE('',#2152,#2152,#346,.T.);
#2622=EDGE_CURVE('',#2153,#2153,#347,.T.);
#2623=EDGE_CURVE('',#2154,#2154,#348,.T.);
#2624=EDGE_CURVE('',#2155,#2155,#349,.T.);
#2625=EDGE_CURVE('',#2156,#2156,#350,.T.);
#2626=EDGE_CURVE('',#2157,#2157,#351,.T.);
#2627=EDGE_CURVE('',#2158,#2159,#352,.T.);
#2628=EDGE_CURVE('',#2160,#2158,#1332,.T.);
#2629=EDGE_CURVE('',#2161,#2160,#353,.T.);
#2630=EDGE_CURVE('',#2159,#2161,#1333,.T.);
#2631=EDGE_CURVE('',#2162,#2162,#354,.T.);
#2632=EDGE_CURVE('',#2163,#2164,#355,.T.);
#2633=EDGE_CURVE('',#2165,#2163,#1334,.T.);
#2634=EDGE_CURVE('',#2166,#2165,#356,.T.);
#2635=EDGE_CURVE('',#2164,#2166,#1335,.T.);
#2636=EDGE_CURVE('',#2167,#2167,#357,.T.);
#2637=EDGE_CURVE('',#2109,#2108,#1336,.T.);
#2638=EDGE_CURVE('',#2168,#2168,#358,.T.);
#2639=EDGE_CURVE('',#2169,#2169,#359,.T.);
#2640=EDGE_CURVE('',#2170,#2170,#360,.T.);
#2641=EDGE_CURVE('',#2171,#2171,#361,.T.);
#2642=EDGE_CURVE('',#2172,#2172,#362,.T.);
#2643=EDGE_CURVE('',#2173,#2173,#363,.T.);
#2644=EDGE_CURVE('',#2174,#2174,#364,.T.);
#2645=EDGE_CURVE('',#2175,#2175,#365,.T.);
#2646=EDGE_CURVE('',#2176,#2176,#366,.T.);
#2647=EDGE_CURVE('',#2177,#2177,#367,.T.);
#2648=EDGE_CURVE('',#2178,#2178,#368,.T.);
#2649=EDGE_CURVE('',#2179,#2179,#369,.T.);
#2650=EDGE_CURVE('',#2180,#2180,#370,.T.);
#2651=EDGE_CURVE('',#2181,#2181,#371,.T.);
#2652=EDGE_CURVE('',#2182,#2182,#372,.T.);
#2653=EDGE_CURVE('',#2183,#2183,#373,.T.);
#2654=EDGE_CURVE('',#2184,#2184,#374,.T.);
#2655=EDGE_CURVE('',#2185,#2185,#375,.T.);
#2656=EDGE_CURVE('',#2186,#2186,#376,.T.);
#2657=EDGE_CURVE('',#2187,#2187,#377,.T.);
#2658=EDGE_CURVE('',#2188,#2188,#378,.T.);
#2659=EDGE_CURVE('',#2189,#2189,#379,.T.);
#2660=EDGE_CURVE('',#2190,#2190,#380,.T.);
#2661=EDGE_CURVE('',#2191,#2191,#381,.T.);
#2662=EDGE_CURVE('',#2192,#2192,#382,.T.);
#2663=EDGE_CURVE('',#2193,#2193,#383,.T.);
#2664=EDGE_CURVE('',#2194,#2194,#384,.T.);
#2665=EDGE_CURVE('',#2195,#2195,#385,.T.);
#2666=EDGE_CURVE('',#2196,#2196,#386,.T.);
#2667=EDGE_CURVE('',#2197,#2197,#387,.T.);
#2668=EDGE_CURVE('',#2198,#2198,#388,.T.);
#2669=EDGE_CURVE('',#2199,#2199,#389,.T.);
#2670=EDGE_CURVE('',#2200,#2200,#390,.T.);
#2671=EDGE_CURVE('',#2201,#2201,#391,.T.);
#2672=EDGE_CURVE('',#2202,#2202,#392,.T.);
#2673=EDGE_CURVE('',#2203,#2203,#393,.T.);
#2674=EDGE_CURVE('',#2204,#2204,#394,.T.);
#2675=EDGE_CURVE('',#2205,#2205,#395,.T.);
#2676=EDGE_CURVE('',#2206,#2206,#396,.T.);
#2677=EDGE_CURVE('',#2207,#2207,#397,.T.);
#2678=EDGE_CURVE('',#2208,#2208,#398,.T.);
#2679=EDGE_CURVE('',#2209,#2209,#399,.T.);
#2680=EDGE_CURVE('',#2210,#2210,#400,.T.);
#2681=EDGE_CURVE('',#2211,#2211,#401,.T.);
#2682=EDGE_CURVE('',#2212,#2212,#402,.T.);
#2683=EDGE_CURVE('',#2213,#2213,#403,.T.);
#2684=EDGE_CURVE('',#2214,#2214,#404,.T.);
#2685=EDGE_CURVE('',#2215,#2216,#405,.T.);
#2686=EDGE_CURVE('',#2216,#2217,#1337,.T.);
#2687=EDGE_CURVE('',#2217,#2218,#406,.T.);
#2688=EDGE_CURVE('',#2218,#2215,#1338,.T.);
#2689=EDGE_CURVE('',#2219,#2219,#407,.T.);
#2690=EDGE_CURVE('',#2220,#2221,#408,.T.);
#2691=EDGE_CURVE('',#2221,#2222,#1339,.T.);
#2692=EDGE_CURVE('',#2222,#2223,#409,.T.);
#2693=EDGE_CURVE('',#2223,#2220,#1340,.T.);
#2694=EDGE_CURVE('',#2224,#2224,#410,.T.);
#2695=EDGE_CURVE('',#2168,#2111,#1341,.T.);
#2696=EDGE_CURVE('',#2169,#2112,#1342,.T.);
#2697=EDGE_CURVE('',#2170,#2113,#1343,.T.);
#2698=EDGE_CURVE('',#2171,#2114,#1344,.T.);
#2699=EDGE_CURVE('',#2172,#2115,#1345,.T.);
#2700=EDGE_CURVE('',#2173,#2116,#1346,.T.);
#2701=EDGE_CURVE('',#2174,#2117,#1347,.T.);
#2702=EDGE_CURVE('',#2175,#2118,#1348,.T.);
#2703=EDGE_CURVE('',#2176,#2119,#1349,.T.);
#2704=EDGE_CURVE('',#2177,#2120,#1350,.T.);
#2705=EDGE_CURVE('',#2178,#2121,#1351,.T.);
#2706=EDGE_CURVE('',#2179,#2122,#1352,.T.);
#2707=EDGE_CURVE('',#2180,#2123,#1353,.T.);
#2708=EDGE_CURVE('',#2181,#2124,#1354,.T.);
#2709=EDGE_CURVE('',#2182,#2125,#1355,.T.);
#2710=EDGE_CURVE('',#2183,#2126,#1356,.T.);
#2711=EDGE_CURVE('',#2184,#2127,#1357,.T.);
#2712=EDGE_CURVE('',#2185,#2128,#1358,.T.);
#2713=EDGE_CURVE('',#2186,#2129,#1359,.T.);
#2714=EDGE_CURVE('',#2187,#2130,#1360,.T.);
#2715=EDGE_CURVE('',#2188,#2131,#1361,.T.);
#2716=EDGE_CURVE('',#2189,#2132,#1362,.T.);
#2717=EDGE_CURVE('',#2190,#2133,#1363,.T.);
#2718=EDGE_CURVE('',#2191,#2134,#1364,.T.);
#2719=EDGE_CURVE('',#2192,#2135,#1365,.T.);
#2720=EDGE_CURVE('',#2193,#2136,#1366,.T.);
#2721=EDGE_CURVE('',#2194,#2137,#1367,.T.);
#2722=EDGE_CURVE('',#2195,#2138,#1368,.T.);
#2723=EDGE_CURVE('',#2196,#2139,#1369,.T.);
#2724=EDGE_CURVE('',#2197,#2140,#1370,.T.);
#2725=EDGE_CURVE('',#2198,#2141,#1371,.T.);
#2726=EDGE_CURVE('',#2199,#2142,#1372,.T.);
#2727=EDGE_CURVE('',#2200,#2143,#1373,.T.);
#2728=EDGE_CURVE('',#2201,#2144,#1374,.T.);
#2729=EDGE_CURVE('',#2202,#2145,#1375,.T.);
#2730=EDGE_CURVE('',#2203,#2146,#1376,.T.);
#2731=EDGE_CURVE('',#2204,#2147,#1377,.T.);
#2732=EDGE_CURVE('',#2205,#2148,#1378,.T.);
#2733=EDGE_CURVE('',#2206,#2149,#1379,.T.);
#2734=EDGE_CURVE('',#2207,#2150,#1380,.T.);
#2735=EDGE_CURVE('',#2208,#2151,#1381,.T.);
#2736=EDGE_CURVE('',#2209,#2152,#1382,.T.);
#2737=EDGE_CURVE('',#2210,#2153,#1383,.T.);
#2738=EDGE_CURVE('',#2211,#2154,#1384,.T.);
#2739=EDGE_CURVE('',#2212,#2155,#1385,.T.);
#2740=EDGE_CURVE('',#2213,#2156,#1386,.T.);
#2741=EDGE_CURVE('',#2214,#2157,#1387,.T.);
#2742=EDGE_CURVE('',#2159,#2216,#1388,.T.);
#2743=EDGE_CURVE('',#2158,#2215,#1389,.T.);
#2744=EDGE_CURVE('',#2160,#2218,#1390,.T.);
#2745=EDGE_CURVE('',#2161,#2217,#1391,.T.);
#2746=EDGE_CURVE('',#2219,#2162,#1392,.T.);
#2747=EDGE_CURVE('',#2164,#2221,#1393,.T.);
#2748=EDGE_CURVE('',#2163,#2220,#1394,.T.);
#2749=EDGE_CURVE('',#2165,#2223,#1395,.T.);
#2750=EDGE_CURVE('',#2166,#2222,#1396,.T.);
#2751=EDGE_CURVE('',#2224,#2167,#1397,.T.);
#2752=EDGE_CURVE('',#2225,#2226,#1398,.T.);
#2753=EDGE_CURVE('',#2225,#2227,#1399,.T.);
#2754=EDGE_CURVE('',#2228,#2227,#1400,.T.);
#2755=EDGE_CURVE('',#2226,#2228,#1401,.T.);
#2756=EDGE_CURVE('',#2229,#2225,#1402,.T.);
#2757=EDGE_CURVE('',#2229,#2230,#1403,.T.);
#2758=EDGE_CURVE('',#2227,#2230,#1404,.T.);
#2759=EDGE_CURVE('',#2231,#2229,#1405,.T.);
#2760=EDGE_CURVE('',#2231,#2232,#1406,.T.);
#2761=EDGE_CURVE('',#2230,#2232,#1407,.T.);
#2762=EDGE_CURVE('',#2226,#2231,#1408,.T.);
#2763=EDGE_CURVE('',#2232,#2228,#1409,.T.);
#2764=EDGE_CURVE('',#2233,#2234,#1410,.T.);
#2765=EDGE_CURVE('',#2233,#2235,#1411,.T.);
#2766=EDGE_CURVE('',#2236,#2235,#1412,.T.);
#2767=EDGE_CURVE('',#2234,#2236,#1413,.T.);
#2768=EDGE_CURVE('',#2237,#2235,#1414,.T.);
#2769=EDGE_CURVE('',#2238,#2233,#1415,.T.);
#2770=EDGE_CURVE('',#2238,#2237,#1416,.T.);
#2771=EDGE_CURVE('',#2239,#2238,#1417,.T.);
#2772=EDGE_CURVE('',#2239,#2240,#1418,.T.);
#2773=EDGE_CURVE('',#2237,#2240,#1419,.T.);
#2774=EDGE_CURVE('',#2234,#2239,#1420,.T.);
#2775=EDGE_CURVE('',#2240,#2236,#1421,.T.);
#2776=EDGE_CURVE('',#2241,#2242,#1422,.T.);
#2777=EDGE_CURVE('',#2241,#2243,#1423,.T.);
#2778=EDGE_CURVE('',#2244,#2243,#1424,.T.);
#2779=EDGE_CURVE('',#2242,#2244,#1425,.T.);
#2780=EDGE_CURVE('',#2245,#2241,#1426,.T.);
#2781=EDGE_CURVE('',#2245,#2246,#1427,.T.);
#2782=EDGE_CURVE('',#2243,#2246,#1428,.T.);
#2783=EDGE_CURVE('',#2247,#2245,#1429,.T.);
#2784=EDGE_CURVE('',#2247,#2248,#1430,.T.);
#2785=EDGE_CURVE('',#2246,#2248,#1431,.T.);
#2786=EDGE_CURVE('',#2242,#2247,#1432,.T.);
#2787=EDGE_CURVE('',#2248,#2244,#1433,.T.);
#2788=EDGE_CURVE('',#2249,#2250,#1434,.T.);
#2789=EDGE_CURVE('',#2249,#2251,#1435,.T.);
#2790=EDGE_CURVE('',#2252,#2251,#1436,.T.);
#2791=EDGE_CURVE('',#2250,#2252,#1437,.T.);
#2792=EDGE_CURVE('',#2253,#2249,#1438,.T.);
#2793=EDGE_CURVE('',#2253,#2254,#1439,.T.);
#2794=EDGE_CURVE('',#2251,#2254,#1440,.T.);
#2795=EDGE_CURVE('',#2255,#2253,#1441,.T.);
#2796=EDGE_CURVE('',#2255,#2256,#1442,.T.);
#2797=EDGE_CURVE('',#2254,#2256,#1443,.T.);
#2798=EDGE_CURVE('',#2250,#2255,#1444,.T.);
#2799=EDGE_CURVE('',#2256,#2252,#1445,.T.);
#2800=EDGE_CURVE('',#2257,#2258,#1446,.T.);
#2801=EDGE_CURVE('',#2257,#2259,#1447,.T.);
#2802=EDGE_CURVE('',#2260,#2259,#1448,.T.);
#2803=EDGE_CURVE('',#2258,#2260,#1449,.T.);
#2804=EDGE_CURVE('',#2261,#2257,#1450,.T.);
#2805=EDGE_CURVE('',#2261,#2262,#1451,.T.);
#2806=EDGE_CURVE('',#2259,#2262,#1452,.T.);
#2807=EDGE_CURVE('',#2263,#2261,#1453,.T.);
#2808=EDGE_CURVE('',#2263,#2264,#1454,.T.);
#2809=EDGE_CURVE('',#2262,#2264,#1455,.T.);
#2810=EDGE_CURVE('',#2258,#2263,#1456,.T.);
#2811=EDGE_CURVE('',#2264,#2260,#1457,.T.);
#2812=EDGE_CURVE('',#2265,#2266,#1458,.T.);
#2813=EDGE_CURVE('',#2265,#2267,#1459,.T.);
#2814=EDGE_CURVE('',#2268,#2267,#1460,.T.);
#2815=EDGE_CURVE('',#2266,#2268,#1461,.T.);
#2816=EDGE_CURVE('',#2269,#2265,#1462,.T.);
#2817=EDGE_CURVE('',#2269,#2270,#1463,.T.);
#2818=EDGE_CURVE('',#2267,#2270,#1464,.T.);
#2819=EDGE_CURVE('',#2271,#2269,#1465,.T.);
#2820=EDGE_CURVE('',#2271,#2272,#1466,.T.);
#2821=EDGE_CURVE('',#2270,#2272,#1467,.T.);
#2822=EDGE_CURVE('',#2266,#2271,#1468,.T.);
#2823=EDGE_CURVE('',#2272,#2268,#1469,.T.);
#2824=EDGE_CURVE('',#2273,#2274,#1470,.T.);
#2825=EDGE_CURVE('',#2273,#2275,#1471,.T.);
#2826=EDGE_CURVE('',#2276,#2275,#1472,.T.);
#2827=EDGE_CURVE('',#2274,#2276,#1473,.T.);
#2828=EDGE_CURVE('',#2277,#2273,#1474,.T.);
#2829=EDGE_CURVE('',#2277,#2278,#1475,.T.);
#2830=EDGE_CURVE('',#2275,#2278,#1476,.T.);
#2831=EDGE_CURVE('',#2279,#2277,#1477,.T.);
#2832=EDGE_CURVE('',#2279,#2280,#1478,.T.);
#2833=EDGE_CURVE('',#2278,#2280,#1479,.T.);
#2834=EDGE_CURVE('',#2274,#2279,#1480,.T.);
#2835=EDGE_CURVE('',#2280,#2276,#1481,.T.);
#2836=EDGE_CURVE('',#2281,#2281,#411,.T.);
#2837=EDGE_CURVE('',#2281,#2282,#1482,.T.);
#2838=EDGE_CURVE('',#2282,#2282,#412,.T.);
#2839=EDGE_CURVE('',#2283,#2283,#413,.T.);
#2840=EDGE_CURVE('',#2283,#2284,#1483,.T.);
#2841=EDGE_CURVE('',#2284,#2284,#414,.T.);
#2842=EDGE_CURVE('',#2285,#2285,#415,.T.);
#2843=EDGE_CURVE('',#2285,#2286,#1484,.T.);
#2844=EDGE_CURVE('',#2286,#2286,#416,.T.);
#2845=EDGE_CURVE('',#2287,#2287,#417,.T.);
#2846=EDGE_CURVE('',#2287,#2288,#1485,.T.);
#2847=EDGE_CURVE('',#2288,#2288,#418,.T.);
#2848=EDGE_CURVE('',#2289,#2290,#1486,.T.);
#2849=EDGE_CURVE('',#2289,#2291,#1487,.T.);
#2850=EDGE_CURVE('',#2292,#2291,#1488,.T.);
#2851=EDGE_CURVE('',#2290,#2292,#1489,.T.);
#2852=EDGE_CURVE('',#2290,#2293,#1490,.T.);
#2853=EDGE_CURVE('',#2294,#2292,#1491,.T.);
#2854=EDGE_CURVE('',#2293,#2294,#1492,.T.);
#2855=EDGE_CURVE('',#2293,#2295,#1493,.T.);
#2856=EDGE_CURVE('',#2296,#2294,#1494,.T.);
#2857=EDGE_CURVE('',#2295,#2296,#1495,.T.);
#2858=EDGE_CURVE('',#2295,#2289,#1496,.T.);
#2859=EDGE_CURVE('',#2291,#2296,#1497,.T.);
#2860=ORIENTED_EDGE('',*,*,#2297,.F.);
#2861=ORIENTED_EDGE('',*,*,#2298,.T.);
#2862=ORIENTED_EDGE('',*,*,#2299,.F.);
#2863=ORIENTED_EDGE('',*,*,#2300,.F.);
#2864=ORIENTED_EDGE('',*,*,#2301,.F.);
#2865=ORIENTED_EDGE('',*,*,#2302,.T.);
#2866=ORIENTED_EDGE('',*,*,#2303,.F.);
#2867=ORIENTED_EDGE('',*,*,#2298,.F.);
#2868=ORIENTED_EDGE('',*,*,#2304,.F.);
#2869=ORIENTED_EDGE('',*,*,#2305,.T.);
#2870=ORIENTED_EDGE('',*,*,#2306,.F.);
#2871=ORIENTED_EDGE('',*,*,#2302,.F.);
#2872=ORIENTED_EDGE('',*,*,#2299,.T.);
#2873=ORIENTED_EDGE('',*,*,#2303,.T.);
#2874=ORIENTED_EDGE('',*,*,#2306,.T.);
#2875=ORIENTED_EDGE('',*,*,#2307,.T.);
#2876=ORIENTED_EDGE('',*,*,#2308,.T.);
#2877=ORIENTED_EDGE('',*,*,#2309,.F.);
#2878=ORIENTED_EDGE('',*,*,#2310,.F.);
#2879=ORIENTED_EDGE('',*,*,#2311,.T.);
#2880=ORIENTED_EDGE('',*,*,#2312,.F.);
#2881=ORIENTED_EDGE('',*,*,#2313,.T.);
#2882=ORIENTED_EDGE('',*,*,#2314,.F.);
#2883=ORIENTED_EDGE('',*,*,#2313,.F.);
#2884=ORIENTED_EDGE('',*,*,#2315,.F.);
#2885=ORIENTED_EDGE('',*,*,#2316,.T.);
#2886=ORIENTED_EDGE('',*,*,#2317,.F.);
#2887=ORIENTED_EDGE('',*,*,#2316,.F.);
#2888=ORIENTED_EDGE('',*,*,#2318,.F.);
#2889=ORIENTED_EDGE('',*,*,#2319,.T.);
#2890=ORIENTED_EDGE('',*,*,#2320,.F.);
#2891=ORIENTED_EDGE('',*,*,#2319,.F.);
#2892=ORIENTED_EDGE('',*,*,#2321,.F.);
#2893=ORIENTED_EDGE('',*,*,#2322,.T.);
#2894=ORIENTED_EDGE('',*,*,#2323,.F.);
#2895=ORIENTED_EDGE('',*,*,#2322,.F.);
#2896=ORIENTED_EDGE('',*,*,#2324,.F.);
#2897=ORIENTED_EDGE('',*,*,#2325,.F.);
#2898=ORIENTED_EDGE('',*,*,#2307,.F.);
#2899=ORIENTED_EDGE('',*,*,#2305,.F.);
#2900=ORIENTED_EDGE('',*,*,#2326,.F.);
#2901=ORIENTED_EDGE('',*,*,#2300,.T.);
#2902=ORIENTED_EDGE('',*,*,#2311,.F.);
#2903=ORIENTED_EDGE('',*,*,#2327,.F.);
#2904=ORIENTED_EDGE('',*,*,#2325,.T.);
#2905=ORIENTED_EDGE('',*,*,#2328,.T.);
#2906=ORIENTED_EDGE('',*,*,#2329,.F.);
#2907=ORIENTED_EDGE('',*,*,#2308,.F.);
#2908=ORIENTED_EDGE('',*,*,#2327,.T.);
#2909=ORIENTED_EDGE('',*,*,#2310,.T.);
#2910=ORIENTED_EDGE('',*,*,#2330,.F.);
#2911=ORIENTED_EDGE('',*,*,#2331,.F.);
#2912=ORIENTED_EDGE('',*,*,#2324,.T.);
#2913=ORIENTED_EDGE('',*,*,#2331,.T.);
#2914=ORIENTED_EDGE('',*,*,#2332,.F.);
#2915=ORIENTED_EDGE('',*,*,#2328,.F.);
#2916=ORIENTED_EDGE('',*,*,#2333,.F.);
#2917=ORIENTED_EDGE('',*,*,#2334,.T.);
#2918=ORIENTED_EDGE('',*,*,#2335,.F.);
#2919=ORIENTED_EDGE('',*,*,#2336,.F.);
#2920=ORIENTED_EDGE('',*,*,#2337,.F.);
#2921=ORIENTED_EDGE('',*,*,#2336,.T.);
#2922=ORIENTED_EDGE('',*,*,#2338,.F.);
#2923=ORIENTED_EDGE('',*,*,#2339,.F.);
#2924=ORIENTED_EDGE('',*,*,#2326,.T.);
#2925=ORIENTED_EDGE('',*,*,#2304,.T.);
#2926=ORIENTED_EDGE('',*,*,#2301,.T.);
#2927=ORIENTED_EDGE('',*,*,#2297,.T.);
#2928=ORIENTED_EDGE('',*,*,#2340,.F.);
#2929=ORIENTED_EDGE('',*,*,#2339,.T.);
#2930=ORIENTED_EDGE('',*,*,#2341,.F.);
#2931=ORIENTED_EDGE('',*,*,#2342,.F.);
#2932=ORIENTED_EDGE('',*,*,#2343,.F.);
#2933=ORIENTED_EDGE('',*,*,#2342,.T.);
#2934=ORIENTED_EDGE('',*,*,#2344,.F.);
#2935=ORIENTED_EDGE('',*,*,#2334,.F.);
#2936=ORIENTED_EDGE('',*,*,#2344,.T.);
#2937=ORIENTED_EDGE('',*,*,#2341,.T.);
#2938=ORIENTED_EDGE('',*,*,#2338,.T.);
#2939=ORIENTED_EDGE('',*,*,#2335,.T.);
#2940=ORIENTED_EDGE('',*,*,#2312,.T.);
#2941=ORIENTED_EDGE('',*,*,#2315,.T.);
#2942=ORIENTED_EDGE('',*,*,#2318,.T.);
#2943=ORIENTED_EDGE('',*,*,#2321,.T.);
#2944=ORIENTED_EDGE('',*,*,#2332,.T.);
#2945=ORIENTED_EDGE('',*,*,#2330,.T.);
#2946=ORIENTED_EDGE('',*,*,#2309,.T.);
#2947=ORIENTED_EDGE('',*,*,#2329,.T.);
#2948=ORIENTED_EDGE('',*,*,#2343,.T.);
#2949=ORIENTED_EDGE('',*,*,#2333,.T.);
#2950=ORIENTED_EDGE('',*,*,#2337,.T.);
#2951=ORIENTED_EDGE('',*,*,#2340,.T.);
#2952=ORIENTED_EDGE('',*,*,#2314,.T.);
#2953=ORIENTED_EDGE('',*,*,#2317,.T.);
#2954=ORIENTED_EDGE('',*,*,#2320,.T.);
#2955=ORIENTED_EDGE('',*,*,#2323,.T.);
#2956=ORIENTED_EDGE('',*,*,#2345,.F.);
#2957=ORIENTED_EDGE('',*,*,#2346,.T.);
#2958=ORIENTED_EDGE('',*,*,#2347,.T.);
#2959=ORIENTED_EDGE('',*,*,#2348,.F.);
#2960=ORIENTED_EDGE('',*,*,#2349,.T.);
#2961=ORIENTED_EDGE('',*,*,#2350,.T.);
#2962=ORIENTED_EDGE('',*,*,#2351,.T.);
#2963=ORIENTED_EDGE('',*,*,#2352,.T.);
#2964=ORIENTED_EDGE('',*,*,#2353,.T.);
#2965=ORIENTED_EDGE('',*,*,#2345,.T.);
#2966=ORIENTED_EDGE('',*,*,#2354,.F.);
#2967=ORIENTED_EDGE('',*,*,#2355,.T.);
#2968=ORIENTED_EDGE('',*,*,#2356,.F.);
#2969=ORIENTED_EDGE('',*,*,#2357,.F.);
#2970=ORIENTED_EDGE('',*,*,#2358,.T.);
#2971=ORIENTED_EDGE('',*,*,#2359,.F.);
#2972=ORIENTED_EDGE('',*,*,#2360,.F.);
#2973=ORIENTED_EDGE('',*,*,#2361,.F.);
#2974=ORIENTED_EDGE('',*,*,#2362,.T.);
#2975=ORIENTED_EDGE('',*,*,#2363,.T.);
#2976=ORIENTED_EDGE('',*,*,#2364,.F.);
#2977=ORIENTED_EDGE('',*,*,#2365,.F.);
#2978=ORIENTED_EDGE('',*,*,#2366,.F.);
#2979=ORIENTED_EDGE('',*,*,#2347,.F.);
#2980=ORIENTED_EDGE('',*,*,#2346,.F.);
#2981=ORIENTED_EDGE('',*,*,#2353,.F.);
#2982=ORIENTED_EDGE('',*,*,#2367,.F.);
#2983=ORIENTED_EDGE('',*,*,#2358,.F.);
#2984=ORIENTED_EDGE('',*,*,#2368,.T.);
#2985=ORIENTED_EDGE('',*,*,#2369,.T.);
#2986=ORIENTED_EDGE('',*,*,#2370,.T.);
#2987=ORIENTED_EDGE('',*,*,#2371,.T.);
#2988=ORIENTED_EDGE('',*,*,#2348,.T.);
#2989=ORIENTED_EDGE('',*,*,#2366,.T.);
#2990=ORIENTED_EDGE('',*,*,#2372,.T.);
#2991=ORIENTED_EDGE('',*,*,#2354,.T.);
#2992=ORIENTED_EDGE('',*,*,#2373,.T.);
#2993=ORIENTED_EDGE('',*,*,#2374,.T.);
#2994=ORIENTED_EDGE('',*,*,#2375,.T.);
#2995=ORIENTED_EDGE('',*,*,#2376,.T.);
#2996=ORIENTED_EDGE('',*,*,#2377,.T.);
#2997=ORIENTED_EDGE('',*,*,#2378,.T.);
#2998=ORIENTED_EDGE('',*,*,#2379,.T.);
#2999=ORIENTED_EDGE('',*,*,#2380,.T.);
#3000=ORIENTED_EDGE('',*,*,#2381,.T.);
#3001=ORIENTED_EDGE('',*,*,#2382,.T.);
#3002=ORIENTED_EDGE('',*,*,#2383,.T.);
#3003=ORIENTED_EDGE('',*,*,#2384,.T.);
#3004=ORIENTED_EDGE('',*,*,#2385,.T.);
#3005=ORIENTED_EDGE('',*,*,#2386,.T.);
#3006=ORIENTED_EDGE('',*,*,#2387,.T.);
#3007=ORIENTED_EDGE('',*,*,#2388,.T.);
#3008=ORIENTED_EDGE('',*,*,#2389,.T.);
#3009=ORIENTED_EDGE('',*,*,#2349,.F.);
#3010=ORIENTED_EDGE('',*,*,#2390,.F.);
#3011=ORIENTED_EDGE('',*,*,#2362,.F.);
#3012=ORIENTED_EDGE('',*,*,#2361,.T.);
#3013=ORIENTED_EDGE('',*,*,#2391,.T.);
#3014=ORIENTED_EDGE('',*,*,#2350,.F.);
#3015=ORIENTED_EDGE('',*,*,#2389,.F.);
#3016=ORIENTED_EDGE('',*,*,#2360,.T.);
#3017=ORIENTED_EDGE('',*,*,#2392,.T.);
#3018=ORIENTED_EDGE('',*,*,#2351,.F.);
#3019=ORIENTED_EDGE('',*,*,#2391,.F.);
#3020=ORIENTED_EDGE('',*,*,#2393,.T.);
#3021=ORIENTED_EDGE('',*,*,#2394,.T.);
#3022=ORIENTED_EDGE('',*,*,#2395,.T.);
#3023=ORIENTED_EDGE('',*,*,#2396,.T.);
#3024=ORIENTED_EDGE('',*,*,#2397,.T.);
#3025=ORIENTED_EDGE('',*,*,#2398,.T.);
#3026=ORIENTED_EDGE('',*,*,#2399,.T.);
#3027=ORIENTED_EDGE('',*,*,#2400,.T.);
#3028=ORIENTED_EDGE('',*,*,#2401,.T.);
#3029=ORIENTED_EDGE('',*,*,#2402,.T.);
#3030=ORIENTED_EDGE('',*,*,#2403,.T.);
#3031=ORIENTED_EDGE('',*,*,#2404,.T.);
#3032=ORIENTED_EDGE('',*,*,#2405,.T.);
#3033=ORIENTED_EDGE('',*,*,#2406,.T.);
#3034=ORIENTED_EDGE('',*,*,#2407,.T.);
#3035=ORIENTED_EDGE('',*,*,#2408,.T.);
#3036=ORIENTED_EDGE('',*,*,#2359,.T.);
#3037=ORIENTED_EDGE('',*,*,#2367,.T.);
#3038=ORIENTED_EDGE('',*,*,#2352,.F.);
#3039=ORIENTED_EDGE('',*,*,#2392,.F.);
#3040=ORIENTED_EDGE('',*,*,#2365,.T.);
#3041=ORIENTED_EDGE('',*,*,#2409,.T.);
#3042=ORIENTED_EDGE('',*,*,#2410,.T.);
#3043=ORIENTED_EDGE('',*,*,#2411,.T.);
#3044=ORIENTED_EDGE('',*,*,#2355,.F.);
#3045=ORIENTED_EDGE('',*,*,#2372,.F.);
#3046=ORIENTED_EDGE('',*,*,#2411,.F.);
#3047=ORIENTED_EDGE('',*,*,#2412,.F.);
#3048=ORIENTED_EDGE('',*,*,#2413,.T.);
#3049=ORIENTED_EDGE('',*,*,#2356,.T.);
#3050=ORIENTED_EDGE('',*,*,#2363,.F.);
#3051=ORIENTED_EDGE('',*,*,#2390,.T.);
#3052=ORIENTED_EDGE('',*,*,#2357,.T.);
#3053=ORIENTED_EDGE('',*,*,#2413,.F.);
#3054=ORIENTED_EDGE('',*,*,#2414,.F.);
#3055=ORIENTED_EDGE('',*,*,#2415,.F.);
#3056=ORIENTED_EDGE('',*,*,#2364,.T.);
#3057=ORIENTED_EDGE('',*,*,#2415,.T.);
#3058=ORIENTED_EDGE('',*,*,#2416,.F.);
#3059=ORIENTED_EDGE('',*,*,#2409,.F.);
#3060=ORIENTED_EDGE('',*,*,#2417,.T.);
#3061=ORIENTED_EDGE('',*,*,#2418,.T.);
#3062=ORIENTED_EDGE('',*,*,#2419,.F.);
#3063=ORIENTED_EDGE('',*,*,#2368,.F.);
#3064=ORIENTED_EDGE('',*,*,#2420,.T.);
#3065=ORIENTED_EDGE('',*,*,#2421,.T.);
#3066=ORIENTED_EDGE('',*,*,#2417,.F.);
#3067=ORIENTED_EDGE('',*,*,#2371,.F.);
#3068=ORIENTED_EDGE('',*,*,#2422,.T.);
#3069=ORIENTED_EDGE('',*,*,#2423,.T.);
#3070=ORIENTED_EDGE('',*,*,#2420,.F.);
#3071=ORIENTED_EDGE('',*,*,#2370,.F.);
#3072=ORIENTED_EDGE('',*,*,#2419,.T.);
#3073=ORIENTED_EDGE('',*,*,#2424,.T.);
#3074=ORIENTED_EDGE('',*,*,#2422,.F.);
#3075=ORIENTED_EDGE('',*,*,#2369,.F.);
#3076=ORIENTED_EDGE('',*,*,#2373,.F.);
#3077=ORIENTED_EDGE('',*,*,#2425,.T.);
#3078=ORIENTED_EDGE('',*,*,#2426,.T.);
#3079=ORIENTED_EDGE('',*,*,#2427,.F.);
#3080=ORIENTED_EDGE('',*,*,#2376,.F.);
#3081=ORIENTED_EDGE('',*,*,#2428,.T.);
#3082=ORIENTED_EDGE('',*,*,#2429,.T.);
#3083=ORIENTED_EDGE('',*,*,#2425,.F.);
#3084=ORIENTED_EDGE('',*,*,#2374,.F.);
#3085=ORIENTED_EDGE('',*,*,#2427,.T.);
#3086=ORIENTED_EDGE('',*,*,#2430,.T.);
#3087=ORIENTED_EDGE('',*,*,#2431,.F.);
#3088=ORIENTED_EDGE('',*,*,#2375,.F.);
#3089=ORIENTED_EDGE('',*,*,#2431,.T.);
#3090=ORIENTED_EDGE('',*,*,#2432,.T.);
#3091=ORIENTED_EDGE('',*,*,#2428,.F.);
#3092=ORIENTED_EDGE('',*,*,#2377,.F.);
#3093=ORIENTED_EDGE('',*,*,#2433,.T.);
#3094=ORIENTED_EDGE('',*,*,#2434,.T.);
#3095=ORIENTED_EDGE('',*,*,#2435,.F.);
#3096=ORIENTED_EDGE('',*,*,#2380,.F.);
#3097=ORIENTED_EDGE('',*,*,#2436,.T.);
#3098=ORIENTED_EDGE('',*,*,#2437,.T.);
#3099=ORIENTED_EDGE('',*,*,#2433,.F.);
#3100=ORIENTED_EDGE('',*,*,#2378,.F.);
#3101=ORIENTED_EDGE('',*,*,#2435,.T.);
#3102=ORIENTED_EDGE('',*,*,#2438,.T.);
#3103=ORIENTED_EDGE('',*,*,#2439,.F.);
#3104=ORIENTED_EDGE('',*,*,#2379,.F.);
#3105=ORIENTED_EDGE('',*,*,#2439,.T.);
#3106=ORIENTED_EDGE('',*,*,#2440,.T.);
#3107=ORIENTED_EDGE('',*,*,#2436,.F.);
#3108=ORIENTED_EDGE('',*,*,#2381,.F.);
#3109=ORIENTED_EDGE('',*,*,#2441,.T.);
#3110=ORIENTED_EDGE('',*,*,#2442,.T.);
#3111=ORIENTED_EDGE('',*,*,#2443,.F.);
#3112=ORIENTED_EDGE('',*,*,#2384,.F.);
#3113=ORIENTED_EDGE('',*,*,#2444,.T.);
#3114=ORIENTED_EDGE('',*,*,#2445,.T.);
#3115=ORIENTED_EDGE('',*,*,#2441,.F.);
#3116=ORIENTED_EDGE('',*,*,#2382,.F.);
#3117=ORIENTED_EDGE('',*,*,#2443,.T.);
#3118=ORIENTED_EDGE('',*,*,#2446,.T.);
#3119=ORIENTED_EDGE('',*,*,#2447,.F.);
#3120=ORIENTED_EDGE('',*,*,#2383,.F.);
#3121=ORIENTED_EDGE('',*,*,#2447,.T.);
#3122=ORIENTED_EDGE('',*,*,#2448,.T.);
#3123=ORIENTED_EDGE('',*,*,#2444,.F.);
#3124=ORIENTED_EDGE('',*,*,#2385,.F.);
#3125=ORIENTED_EDGE('',*,*,#2449,.T.);
#3126=ORIENTED_EDGE('',*,*,#2450,.T.);
#3127=ORIENTED_EDGE('',*,*,#2451,.F.);
#3128=ORIENTED_EDGE('',*,*,#2386,.F.);
#3129=ORIENTED_EDGE('',*,*,#2451,.T.);
#3130=ORIENTED_EDGE('',*,*,#2452,.T.);
#3131=ORIENTED_EDGE('',*,*,#2453,.F.);
#3132=ORIENTED_EDGE('',*,*,#2387,.F.);
#3133=ORIENTED_EDGE('',*,*,#2453,.T.);
#3134=ORIENTED_EDGE('',*,*,#2454,.T.);
#3135=ORIENTED_EDGE('',*,*,#2455,.F.);
#3136=ORIENTED_EDGE('',*,*,#2388,.F.);
#3137=ORIENTED_EDGE('',*,*,#2455,.T.);
#3138=ORIENTED_EDGE('',*,*,#2456,.T.);
#3139=ORIENTED_EDGE('',*,*,#2449,.F.);
#3140=ORIENTED_EDGE('',*,*,#2457,.F.);
#3141=ORIENTED_EDGE('',*,*,#2458,.T.);
#3142=ORIENTED_EDGE('',*,*,#2393,.F.);
#3143=ORIENTED_EDGE('',*,*,#2459,.F.);
#3144=ORIENTED_EDGE('',*,*,#2460,.F.);
#3145=ORIENTED_EDGE('',*,*,#2459,.T.);
#3146=ORIENTED_EDGE('',*,*,#2396,.F.);
#3147=ORIENTED_EDGE('',*,*,#2461,.F.);
#3148=ORIENTED_EDGE('',*,*,#2462,.F.);
#3149=ORIENTED_EDGE('',*,*,#2463,.T.);
#3150=ORIENTED_EDGE('',*,*,#2394,.F.);
#3151=ORIENTED_EDGE('',*,*,#2458,.F.);
#3152=ORIENTED_EDGE('',*,*,#2464,.F.);
#3153=ORIENTED_EDGE('',*,*,#2461,.T.);
#3154=ORIENTED_EDGE('',*,*,#2395,.F.);
#3155=ORIENTED_EDGE('',*,*,#2463,.F.);
#3156=ORIENTED_EDGE('',*,*,#2465,.F.);
#3157=ORIENTED_EDGE('',*,*,#2466,.T.);
#3158=ORIENTED_EDGE('',*,*,#2397,.F.);
#3159=ORIENTED_EDGE('',*,*,#2467,.F.);
#3160=ORIENTED_EDGE('',*,*,#2468,.F.);
#3161=ORIENTED_EDGE('',*,*,#2467,.T.);
#3162=ORIENTED_EDGE('',*,*,#2400,.F.);
#3163=ORIENTED_EDGE('',*,*,#2469,.F.);
#3164=ORIENTED_EDGE('',*,*,#2470,.F.);
#3165=ORIENTED_EDGE('',*,*,#2471,.T.);
#3166=ORIENTED_EDGE('',*,*,#2398,.F.);
#3167=ORIENTED_EDGE('',*,*,#2466,.F.);
#3168=ORIENTED_EDGE('',*,*,#2472,.F.);
#3169=ORIENTED_EDGE('',*,*,#2469,.T.);
#3170=ORIENTED_EDGE('',*,*,#2399,.F.);
#3171=ORIENTED_EDGE('',*,*,#2471,.F.);
#3172=ORIENTED_EDGE('',*,*,#2473,.F.);
#3173=ORIENTED_EDGE('',*,*,#2474,.T.);
#3174=ORIENTED_EDGE('',*,*,#2401,.F.);
#3175=ORIENTED_EDGE('',*,*,#2475,.F.);
#3176=ORIENTED_EDGE('',*,*,#2476,.F.);
#3177=ORIENTED_EDGE('',*,*,#2475,.T.);
#3178=ORIENTED_EDGE('',*,*,#2404,.F.);
#3179=ORIENTED_EDGE('',*,*,#2477,.F.);
#3180=ORIENTED_EDGE('',*,*,#2478,.F.);
#3181=ORIENTED_EDGE('',*,*,#2479,.T.);
#3182=ORIENTED_EDGE('',*,*,#2402,.F.);
#3183=ORIENTED_EDGE('',*,*,#2474,.F.);
#3184=ORIENTED_EDGE('',*,*,#2480,.F.);
#3185=ORIENTED_EDGE('',*,*,#2477,.T.);
#3186=ORIENTED_EDGE('',*,*,#2403,.F.);
#3187=ORIENTED_EDGE('',*,*,#2479,.F.);
#3188=ORIENTED_EDGE('',*,*,#2481,.F.);
#3189=ORIENTED_EDGE('',*,*,#2482,.T.);
#3190=ORIENTED_EDGE('',*,*,#2405,.F.);
#3191=ORIENTED_EDGE('',*,*,#2483,.F.);
#3192=ORIENTED_EDGE('',*,*,#2484,.F.);
#3193=ORIENTED_EDGE('',*,*,#2485,.T.);
#3194=ORIENTED_EDGE('',*,*,#2406,.F.);
#3195=ORIENTED_EDGE('',*,*,#2482,.F.);
#3196=ORIENTED_EDGE('',*,*,#2486,.F.);
#3197=ORIENTED_EDGE('',*,*,#2487,.T.);
#3198=ORIENTED_EDGE('',*,*,#2407,.F.);
#3199=ORIENTED_EDGE('',*,*,#2485,.F.);
#3200=ORIENTED_EDGE('',*,*,#2488,.F.);
#3201=ORIENTED_EDGE('',*,*,#2483,.T.);
#3202=ORIENTED_EDGE('',*,*,#2408,.F.);
#3203=ORIENTED_EDGE('',*,*,#2487,.F.);
#3204=ORIENTED_EDGE('',*,*,#2410,.F.);
#3205=ORIENTED_EDGE('',*,*,#2489,.T.);
#3206=ORIENTED_EDGE('',*,*,#2490,.T.);
#3207=ORIENTED_EDGE('',*,*,#2491,.F.);
#3208=ORIENTED_EDGE('',*,*,#2492,.F.);
#3209=ORIENTED_EDGE('',*,*,#2412,.T.);
#3210=ORIENTED_EDGE('',*,*,#2491,.T.);
#3211=ORIENTED_EDGE('',*,*,#2493,.T.);
#3212=ORIENTED_EDGE('',*,*,#2494,.F.);
#3213=ORIENTED_EDGE('',*,*,#2495,.F.);
#3214=ORIENTED_EDGE('',*,*,#2414,.T.);
#3215=ORIENTED_EDGE('',*,*,#2492,.T.);
#3216=ORIENTED_EDGE('',*,*,#2496,.F.);
#3217=ORIENTED_EDGE('',*,*,#2489,.F.);
#3218=ORIENTED_EDGE('',*,*,#2416,.T.);
#3219=ORIENTED_EDGE('',*,*,#2495,.T.);
#3220=ORIENTED_EDGE('',*,*,#2497,.F.);
#3221=ORIENTED_EDGE('',*,*,#2498,.F.);
#3222=ORIENTED_EDGE('',*,*,#2423,.F.);
#3223=ORIENTED_EDGE('',*,*,#2424,.F.);
#3224=ORIENTED_EDGE('',*,*,#2418,.F.);
#3225=ORIENTED_EDGE('',*,*,#2421,.F.);
#3226=ORIENTED_EDGE('',*,*,#2499,.T.);
#3227=ORIENTED_EDGE('',*,*,#2500,.T.);
#3228=ORIENTED_EDGE('',*,*,#2501,.F.);
#3229=ORIENTED_EDGE('',*,*,#2426,.F.);
#3230=ORIENTED_EDGE('',*,*,#2502,.T.);
#3231=ORIENTED_EDGE('',*,*,#2503,.T.);
#3232=ORIENTED_EDGE('',*,*,#2499,.F.);
#3233=ORIENTED_EDGE('',*,*,#2429,.F.);
#3234=ORIENTED_EDGE('',*,*,#2501,.T.);
#3235=ORIENTED_EDGE('',*,*,#2504,.T.);
#3236=ORIENTED_EDGE('',*,*,#2505,.F.);
#3237=ORIENTED_EDGE('',*,*,#2430,.F.);
#3238=ORIENTED_EDGE('',*,*,#2505,.T.);
#3239=ORIENTED_EDGE('',*,*,#2506,.T.);
#3240=ORIENTED_EDGE('',*,*,#2502,.F.);
#3241=ORIENTED_EDGE('',*,*,#2432,.F.);
#3242=ORIENTED_EDGE('',*,*,#2507,.T.);
#3243=ORIENTED_EDGE('',*,*,#2508,.T.);
#3244=ORIENTED_EDGE('',*,*,#2509,.F.);
#3245=ORIENTED_EDGE('',*,*,#2434,.F.);
#3246=ORIENTED_EDGE('',*,*,#2510,.T.);
#3247=ORIENTED_EDGE('',*,*,#2511,.T.);
#3248=ORIENTED_EDGE('',*,*,#2507,.F.);
#3249=ORIENTED_EDGE('',*,*,#2437,.F.);
#3250=ORIENTED_EDGE('',*,*,#2509,.T.);
#3251=ORIENTED_EDGE('',*,*,#2512,.T.);
#3252=ORIENTED_EDGE('',*,*,#2513,.F.);
#3253=ORIENTED_EDGE('',*,*,#2438,.F.);
#3254=ORIENTED_EDGE('',*,*,#2513,.T.);
#3255=ORIENTED_EDGE('',*,*,#2514,.T.);
#3256=ORIENTED_EDGE('',*,*,#2510,.F.);
#3257=ORIENTED_EDGE('',*,*,#2440,.F.);
#3258=ORIENTED_EDGE('',*,*,#2515,.T.);
#3259=ORIENTED_EDGE('',*,*,#2516,.T.);
#3260=ORIENTED_EDGE('',*,*,#2517,.F.);
#3261=ORIENTED_EDGE('',*,*,#2442,.F.);
#3262=ORIENTED_EDGE('',*,*,#2518,.T.);
#3263=ORIENTED_EDGE('',*,*,#2519,.T.);
#3264=ORIENTED_EDGE('',*,*,#2515,.F.);
#3265=ORIENTED_EDGE('',*,*,#2445,.F.);
#3266=ORIENTED_EDGE('',*,*,#2517,.T.);
#3267=ORIENTED_EDGE('',*,*,#2520,.T.);
#3268=ORIENTED_EDGE('',*,*,#2521,.F.);
#3269=ORIENTED_EDGE('',*,*,#2446,.F.);
#3270=ORIENTED_EDGE('',*,*,#2521,.T.);
#3271=ORIENTED_EDGE('',*,*,#2522,.T.);
#3272=ORIENTED_EDGE('',*,*,#2518,.F.);
#3273=ORIENTED_EDGE('',*,*,#2448,.F.);
#3274=ORIENTED_EDGE('',*,*,#2523,.T.);
#3275=ORIENTED_EDGE('',*,*,#2524,.T.);
#3276=ORIENTED_EDGE('',*,*,#2525,.F.);
#3277=ORIENTED_EDGE('',*,*,#2450,.F.);
#3278=ORIENTED_EDGE('',*,*,#2525,.T.);
#3279=ORIENTED_EDGE('',*,*,#2526,.T.);
#3280=ORIENTED_EDGE('',*,*,#2527,.F.);
#3281=ORIENTED_EDGE('',*,*,#2452,.F.);
#3282=ORIENTED_EDGE('',*,*,#2527,.T.);
#3283=ORIENTED_EDGE('',*,*,#2528,.T.);
#3284=ORIENTED_EDGE('',*,*,#2529,.F.);
#3285=ORIENTED_EDGE('',*,*,#2454,.F.);
#3286=ORIENTED_EDGE('',*,*,#2529,.T.);
#3287=ORIENTED_EDGE('',*,*,#2530,.T.);
#3288=ORIENTED_EDGE('',*,*,#2523,.F.);
#3289=ORIENTED_EDGE('',*,*,#2456,.F.);
#3290=ORIENTED_EDGE('',*,*,#2531,.T.);
#3291=ORIENTED_EDGE('',*,*,#2457,.T.);
#3292=ORIENTED_EDGE('',*,*,#2532,.T.);
#3293=ORIENTED_EDGE('',*,*,#2533,.F.);
#3294=ORIENTED_EDGE('',*,*,#2532,.F.);
#3295=ORIENTED_EDGE('',*,*,#2460,.T.);
#3296=ORIENTED_EDGE('',*,*,#2534,.T.);
#3297=ORIENTED_EDGE('',*,*,#2535,.F.);
#3298=ORIENTED_EDGE('',*,*,#2536,.T.);
#3299=ORIENTED_EDGE('',*,*,#2462,.T.);
#3300=ORIENTED_EDGE('',*,*,#2531,.F.);
#3301=ORIENTED_EDGE('',*,*,#2537,.F.);
#3302=ORIENTED_EDGE('',*,*,#2534,.F.);
#3303=ORIENTED_EDGE('',*,*,#2464,.T.);
#3304=ORIENTED_EDGE('',*,*,#2536,.F.);
#3305=ORIENTED_EDGE('',*,*,#2538,.F.);
#3306=ORIENTED_EDGE('',*,*,#2539,.F.);
#3307=ORIENTED_EDGE('',*,*,#2465,.T.);
#3308=ORIENTED_EDGE('',*,*,#2540,.T.);
#3309=ORIENTED_EDGE('',*,*,#2541,.F.);
#3310=ORIENTED_EDGE('',*,*,#2540,.F.);
#3311=ORIENTED_EDGE('',*,*,#2468,.T.);
#3312=ORIENTED_EDGE('',*,*,#2542,.F.);
#3313=ORIENTED_EDGE('',*,*,#2543,.F.);
#3314=ORIENTED_EDGE('',*,*,#2544,.T.);
#3315=ORIENTED_EDGE('',*,*,#2470,.T.);
#3316=ORIENTED_EDGE('',*,*,#2539,.T.);
#3317=ORIENTED_EDGE('',*,*,#2545,.F.);
#3318=ORIENTED_EDGE('',*,*,#2542,.T.);
#3319=ORIENTED_EDGE('',*,*,#2472,.T.);
#3320=ORIENTED_EDGE('',*,*,#2544,.F.);
#3321=ORIENTED_EDGE('',*,*,#2546,.F.);
#3322=ORIENTED_EDGE('',*,*,#2547,.F.);
#3323=ORIENTED_EDGE('',*,*,#2473,.T.);
#3324=ORIENTED_EDGE('',*,*,#2548,.F.);
#3325=ORIENTED_EDGE('',*,*,#2549,.F.);
#3326=ORIENTED_EDGE('',*,*,#2548,.T.);
#3327=ORIENTED_EDGE('',*,*,#2476,.T.);
#3328=ORIENTED_EDGE('',*,*,#2550,.F.);
#3329=ORIENTED_EDGE('',*,*,#2551,.F.);
#3330=ORIENTED_EDGE('',*,*,#2552,.F.);
#3331=ORIENTED_EDGE('',*,*,#2478,.T.);
#3332=ORIENTED_EDGE('',*,*,#2547,.T.);
#3333=ORIENTED_EDGE('',*,*,#2553,.F.);
#3334=ORIENTED_EDGE('',*,*,#2550,.T.);
#3335=ORIENTED_EDGE('',*,*,#2480,.T.);
#3336=ORIENTED_EDGE('',*,*,#2552,.T.);
#3337=ORIENTED_EDGE('',*,*,#2554,.F.);
#3338=ORIENTED_EDGE('',*,*,#2555,.F.);
#3339=ORIENTED_EDGE('',*,*,#2481,.T.);
#3340=ORIENTED_EDGE('',*,*,#2556,.T.);
#3341=ORIENTED_EDGE('',*,*,#2557,.F.);
#3342=ORIENTED_EDGE('',*,*,#2558,.T.);
#3343=ORIENTED_EDGE('',*,*,#2484,.T.);
#3344=ORIENTED_EDGE('',*,*,#2555,.T.);
#3345=ORIENTED_EDGE('',*,*,#2559,.F.);
#3346=ORIENTED_EDGE('',*,*,#2560,.T.);
#3347=ORIENTED_EDGE('',*,*,#2486,.T.);
#3348=ORIENTED_EDGE('',*,*,#2558,.F.);
#3349=ORIENTED_EDGE('',*,*,#2561,.F.);
#3350=ORIENTED_EDGE('',*,*,#2556,.F.);
#3351=ORIENTED_EDGE('',*,*,#2488,.T.);
#3352=ORIENTED_EDGE('',*,*,#2560,.F.);
#3353=ORIENTED_EDGE('',*,*,#2562,.F.);
#3354=ORIENTED_EDGE('',*,*,#2490,.F.);
#3355=ORIENTED_EDGE('',*,*,#2563,.T.);
#3356=ORIENTED_EDGE('',*,*,#2564,.T.);
#3357=ORIENTED_EDGE('',*,*,#2565,.F.);
#3358=ORIENTED_EDGE('',*,*,#2496,.T.);
#3359=ORIENTED_EDGE('',*,*,#2494,.T.);
#3360=ORIENTED_EDGE('',*,*,#2566,.F.);
#3361=ORIENTED_EDGE('',*,*,#2497,.T.);
#3362=ORIENTED_EDGE('',*,*,#2493,.F.);
#3363=ORIENTED_EDGE('',*,*,#2565,.T.);
#3364=ORIENTED_EDGE('',*,*,#2567,.T.);
#3365=ORIENTED_EDGE('',*,*,#2498,.T.);
#3366=ORIENTED_EDGE('',*,*,#2568,.F.);
#3367=ORIENTED_EDGE('',*,*,#2563,.F.);
#3368=ORIENTED_EDGE('',*,*,#2500,.F.);
#3369=ORIENTED_EDGE('',*,*,#2503,.F.);
#3370=ORIENTED_EDGE('',*,*,#2506,.F.);
#3371=ORIENTED_EDGE('',*,*,#2504,.F.);
#3372=ORIENTED_EDGE('',*,*,#2512,.F.);
#3373=ORIENTED_EDGE('',*,*,#2508,.F.);
#3374=ORIENTED_EDGE('',*,*,#2511,.F.);
#3375=ORIENTED_EDGE('',*,*,#2514,.F.);
#3376=ORIENTED_EDGE('',*,*,#2519,.F.);
#3377=ORIENTED_EDGE('',*,*,#2522,.F.);
#3378=ORIENTED_EDGE('',*,*,#2520,.F.);
#3379=ORIENTED_EDGE('',*,*,#2516,.F.);
#3380=ORIENTED_EDGE('',*,*,#2524,.F.);
#3381=ORIENTED_EDGE('',*,*,#2530,.F.);
#3382=ORIENTED_EDGE('',*,*,#2528,.F.);
#3383=ORIENTED_EDGE('',*,*,#2526,.F.);
#3384=ORIENTED_EDGE('',*,*,#2535,.T.);
#3385=ORIENTED_EDGE('',*,*,#2538,.T.);
#3386=ORIENTED_EDGE('',*,*,#2537,.T.);
#3387=ORIENTED_EDGE('',*,*,#2533,.T.);
#3388=ORIENTED_EDGE('',*,*,#2541,.T.);
#3389=ORIENTED_EDGE('',*,*,#2543,.T.);
#3390=ORIENTED_EDGE('',*,*,#2546,.T.);
#3391=ORIENTED_EDGE('',*,*,#2545,.T.);
#3392=ORIENTED_EDGE('',*,*,#2553,.T.);
#3393=ORIENTED_EDGE('',*,*,#2549,.T.);
#3394=ORIENTED_EDGE('',*,*,#2551,.T.);
#3395=ORIENTED_EDGE('',*,*,#2554,.T.);
#3396=ORIENTED_EDGE('',*,*,#2557,.T.);
#3397=ORIENTED_EDGE('',*,*,#2562,.T.);
#3398=ORIENTED_EDGE('',*,*,#2561,.T.);
#3399=ORIENTED_EDGE('',*,*,#2559,.T.);
#3400=ORIENTED_EDGE('',*,*,#2564,.F.);
#3401=ORIENTED_EDGE('',*,*,#2568,.T.);
#3402=ORIENTED_EDGE('',*,*,#2566,.T.);
#3403=ORIENTED_EDGE('',*,*,#2567,.F.);
#3404=ORIENTED_EDGE('',*,*,#2569,.T.);
#3405=ORIENTED_EDGE('',*,*,#2570,.T.);
#3406=ORIENTED_EDGE('',*,*,#2571,.F.);
#3407=ORIENTED_EDGE('',*,*,#2572,.F.);
#3408=ORIENTED_EDGE('',*,*,#2573,.T.);
#3409=ORIENTED_EDGE('',*,*,#2574,.T.);
#3410=ORIENTED_EDGE('',*,*,#2569,.F.);
#3411=ORIENTED_EDGE('',*,*,#2575,.F.);
#3412=ORIENTED_EDGE('',*,*,#2571,.T.);
#3413=ORIENTED_EDGE('',*,*,#2576,.T.);
#3414=ORIENTED_EDGE('',*,*,#2577,.F.);
#3415=ORIENTED_EDGE('',*,*,#2578,.F.);
#3416=ORIENTED_EDGE('',*,*,#2572,.T.);
#3417=ORIENTED_EDGE('',*,*,#2578,.T.);
#3418=ORIENTED_EDGE('',*,*,#2579,.T.);
#3419=ORIENTED_EDGE('',*,*,#2575,.T.);
#3420=ORIENTED_EDGE('',*,*,#2580,.F.);
#3421=ORIENTED_EDGE('',*,*,#2581,.F.);
#3422=ORIENTED_EDGE('',*,*,#2582,.F.);
#3423=ORIENTED_EDGE('',*,*,#2583,.F.);
#3424=ORIENTED_EDGE('',*,*,#2584,.F.);
#3425=ORIENTED_EDGE('',*,*,#2585,.F.);
#3426=ORIENTED_EDGE('',*,*,#2586,.F.);
#3427=ORIENTED_EDGE('',*,*,#2587,.F.);
#3428=ORIENTED_EDGE('',*,*,#2588,.F.);
#3429=ORIENTED_EDGE('',*,*,#2589,.F.);
#3430=ORIENTED_EDGE('',*,*,#2590,.F.);
#3431=ORIENTED_EDGE('',*,*,#2591,.F.);
#3432=ORIENTED_EDGE('',*,*,#2592,.F.);
#3433=ORIENTED_EDGE('',*,*,#2593,.F.);
#3434=ORIENTED_EDGE('',*,*,#2594,.F.);
#3435=ORIENTED_EDGE('',*,*,#2595,.F.);
#3436=ORIENTED_EDGE('',*,*,#2596,.F.);
#3437=ORIENTED_EDGE('',*,*,#2597,.F.);
#3438=ORIENTED_EDGE('',*,*,#2598,.F.);
#3439=ORIENTED_EDGE('',*,*,#2599,.F.);
#3440=ORIENTED_EDGE('',*,*,#2600,.F.);
#3441=ORIENTED_EDGE('',*,*,#2601,.F.);
#3442=ORIENTED_EDGE('',*,*,#2602,.F.);
#3443=ORIENTED_EDGE('',*,*,#2603,.F.);
#3444=ORIENTED_EDGE('',*,*,#2604,.F.);
#3445=ORIENTED_EDGE('',*,*,#2605,.F.);
#3446=ORIENTED_EDGE('',*,*,#2606,.F.);
#3447=ORIENTED_EDGE('',*,*,#2607,.F.);
#3448=ORIENTED_EDGE('',*,*,#2608,.F.);
#3449=ORIENTED_EDGE('',*,*,#2609,.F.);
#3450=ORIENTED_EDGE('',*,*,#2610,.F.);
#3451=ORIENTED_EDGE('',*,*,#2611,.F.);
#3452=ORIENTED_EDGE('',*,*,#2612,.F.);
#3453=ORIENTED_EDGE('',*,*,#2613,.F.);
#3454=ORIENTED_EDGE('',*,*,#2614,.F.);
#3455=ORIENTED_EDGE('',*,*,#2615,.F.);
#3456=ORIENTED_EDGE('',*,*,#2616,.F.);
#3457=ORIENTED_EDGE('',*,*,#2617,.F.);
#3458=ORIENTED_EDGE('',*,*,#2618,.F.);
#3459=ORIENTED_EDGE('',*,*,#2619,.F.);
#3460=ORIENTED_EDGE('',*,*,#2620,.F.);
#3461=ORIENTED_EDGE('',*,*,#2621,.F.);
#3462=ORIENTED_EDGE('',*,*,#2622,.F.);
#3463=ORIENTED_EDGE('',*,*,#2623,.F.);
#3464=ORIENTED_EDGE('',*,*,#2624,.F.);
#3465=ORIENTED_EDGE('',*,*,#2625,.F.);
#3466=ORIENTED_EDGE('',*,*,#2626,.F.);
#3467=ORIENTED_EDGE('',*,*,#2627,.F.);
#3468=ORIENTED_EDGE('',*,*,#2628,.F.);
#3469=ORIENTED_EDGE('',*,*,#2629,.F.);
#3470=ORIENTED_EDGE('',*,*,#2630,.F.);
#3471=ORIENTED_EDGE('',*,*,#2631,.F.);
#3472=ORIENTED_EDGE('',*,*,#2632,.F.);
#3473=ORIENTED_EDGE('',*,*,#2633,.F.);
#3474=ORIENTED_EDGE('',*,*,#2634,.F.);
#3475=ORIENTED_EDGE('',*,*,#2635,.F.);
#3476=ORIENTED_EDGE('',*,*,#2636,.F.);
#3477=ORIENTED_EDGE('',*,*,#2570,.F.);
#3478=ORIENTED_EDGE('',*,*,#2574,.F.);
#3479=ORIENTED_EDGE('',*,*,#2637,.F.);
#3480=ORIENTED_EDGE('',*,*,#2576,.F.);
#3481=ORIENTED_EDGE('',*,*,#2638,.T.);
#3482=ORIENTED_EDGE('',*,*,#2639,.T.);
#3483=ORIENTED_EDGE('',*,*,#2640,.T.);
#3484=ORIENTED_EDGE('',*,*,#2641,.T.);
#3485=ORIENTED_EDGE('',*,*,#2642,.T.);
#3486=ORIENTED_EDGE('',*,*,#2643,.T.);
#3487=ORIENTED_EDGE('',*,*,#2644,.T.);
#3488=ORIENTED_EDGE('',*,*,#2645,.T.);
#3489=ORIENTED_EDGE('',*,*,#2646,.T.);
#3490=ORIENTED_EDGE('',*,*,#2647,.T.);
#3491=ORIENTED_EDGE('',*,*,#2648,.T.);
#3492=ORIENTED_EDGE('',*,*,#2649,.T.);
#3493=ORIENTED_EDGE('',*,*,#2650,.T.);
#3494=ORIENTED_EDGE('',*,*,#2651,.T.);
#3495=ORIENTED_EDGE('',*,*,#2652,.T.);
#3496=ORIENTED_EDGE('',*,*,#2653,.T.);
#3497=ORIENTED_EDGE('',*,*,#2654,.T.);
#3498=ORIENTED_EDGE('',*,*,#2655,.T.);
#3499=ORIENTED_EDGE('',*,*,#2656,.T.);
#3500=ORIENTED_EDGE('',*,*,#2657,.T.);
#3501=ORIENTED_EDGE('',*,*,#2658,.T.);
#3502=ORIENTED_EDGE('',*,*,#2659,.T.);
#3503=ORIENTED_EDGE('',*,*,#2660,.T.);
#3504=ORIENTED_EDGE('',*,*,#2661,.T.);
#3505=ORIENTED_EDGE('',*,*,#2662,.T.);
#3506=ORIENTED_EDGE('',*,*,#2663,.T.);
#3507=ORIENTED_EDGE('',*,*,#2664,.T.);
#3508=ORIENTED_EDGE('',*,*,#2665,.T.);
#3509=ORIENTED_EDGE('',*,*,#2666,.T.);
#3510=ORIENTED_EDGE('',*,*,#2667,.T.);
#3511=ORIENTED_EDGE('',*,*,#2668,.T.);
#3512=ORIENTED_EDGE('',*,*,#2669,.T.);
#3513=ORIENTED_EDGE('',*,*,#2670,.T.);
#3514=ORIENTED_EDGE('',*,*,#2671,.T.);
#3515=ORIENTED_EDGE('',*,*,#2672,.T.);
#3516=ORIENTED_EDGE('',*,*,#2673,.T.);
#3517=ORIENTED_EDGE('',*,*,#2674,.T.);
#3518=ORIENTED_EDGE('',*,*,#2675,.T.);
#3519=ORIENTED_EDGE('',*,*,#2676,.T.);
#3520=ORIENTED_EDGE('',*,*,#2677,.T.);
#3521=ORIENTED_EDGE('',*,*,#2678,.T.);
#3522=ORIENTED_EDGE('',*,*,#2679,.T.);
#3523=ORIENTED_EDGE('',*,*,#2680,.T.);
#3524=ORIENTED_EDGE('',*,*,#2681,.T.);
#3525=ORIENTED_EDGE('',*,*,#2682,.T.);
#3526=ORIENTED_EDGE('',*,*,#2683,.T.);
#3527=ORIENTED_EDGE('',*,*,#2684,.T.);
#3528=ORIENTED_EDGE('',*,*,#2685,.T.);
#3529=ORIENTED_EDGE('',*,*,#2686,.T.);
#3530=ORIENTED_EDGE('',*,*,#2687,.T.);
#3531=ORIENTED_EDGE('',*,*,#2688,.T.);
#3532=ORIENTED_EDGE('',*,*,#2689,.T.);
#3533=ORIENTED_EDGE('',*,*,#2690,.T.);
#3534=ORIENTED_EDGE('',*,*,#2691,.T.);
#3535=ORIENTED_EDGE('',*,*,#2692,.T.);
#3536=ORIENTED_EDGE('',*,*,#2693,.T.);
#3537=ORIENTED_EDGE('',*,*,#2694,.T.);
#3538=ORIENTED_EDGE('',*,*,#2577,.T.);
#3539=ORIENTED_EDGE('',*,*,#2637,.T.);
#3540=ORIENTED_EDGE('',*,*,#2573,.F.);
#3541=ORIENTED_EDGE('',*,*,#2579,.F.);
#3542=ORIENTED_EDGE('',*,*,#2638,.F.);
#3543=ORIENTED_EDGE('',*,*,#2695,.T.);
#3544=ORIENTED_EDGE('',*,*,#2580,.T.);
#3545=ORIENTED_EDGE('',*,*,#2695,.F.);
#3546=ORIENTED_EDGE('',*,*,#2639,.F.);
#3547=ORIENTED_EDGE('',*,*,#2696,.T.);
#3548=ORIENTED_EDGE('',*,*,#2581,.T.);
#3549=ORIENTED_EDGE('',*,*,#2696,.F.);
#3550=ORIENTED_EDGE('',*,*,#2640,.F.);
#3551=ORIENTED_EDGE('',*,*,#2697,.T.);
#3552=ORIENTED_EDGE('',*,*,#2582,.T.);
#3553=ORIENTED_EDGE('',*,*,#2697,.F.);
#3554=ORIENTED_EDGE('',*,*,#2641,.F.);
#3555=ORIENTED_EDGE('',*,*,#2698,.T.);
#3556=ORIENTED_EDGE('',*,*,#2583,.T.);
#3557=ORIENTED_EDGE('',*,*,#2698,.F.);
#3558=ORIENTED_EDGE('',*,*,#2642,.F.);
#3559=ORIENTED_EDGE('',*,*,#2699,.T.);
#3560=ORIENTED_EDGE('',*,*,#2584,.T.);
#3561=ORIENTED_EDGE('',*,*,#2699,.F.);
#3562=ORIENTED_EDGE('',*,*,#2643,.F.);
#3563=ORIENTED_EDGE('',*,*,#2700,.T.);
#3564=ORIENTED_EDGE('',*,*,#2585,.T.);
#3565=ORIENTED_EDGE('',*,*,#2700,.F.);
#3566=ORIENTED_EDGE('',*,*,#2644,.F.);
#3567=ORIENTED_EDGE('',*,*,#2701,.T.);
#3568=ORIENTED_EDGE('',*,*,#2586,.T.);
#3569=ORIENTED_EDGE('',*,*,#2701,.F.);
#3570=ORIENTED_EDGE('',*,*,#2645,.F.);
#3571=ORIENTED_EDGE('',*,*,#2702,.T.);
#3572=ORIENTED_EDGE('',*,*,#2587,.T.);
#3573=ORIENTED_EDGE('',*,*,#2702,.F.);
#3574=ORIENTED_EDGE('',*,*,#2646,.F.);
#3575=ORIENTED_EDGE('',*,*,#2703,.T.);
#3576=ORIENTED_EDGE('',*,*,#2588,.T.);
#3577=ORIENTED_EDGE('',*,*,#2703,.F.);
#3578=ORIENTED_EDGE('',*,*,#2647,.F.);
#3579=ORIENTED_EDGE('',*,*,#2704,.T.);
#3580=ORIENTED_EDGE('',*,*,#2589,.T.);
#3581=ORIENTED_EDGE('',*,*,#2704,.F.);
#3582=ORIENTED_EDGE('',*,*,#2648,.F.);
#3583=ORIENTED_EDGE('',*,*,#2705,.T.);
#3584=ORIENTED_EDGE('',*,*,#2590,.T.);
#3585=ORIENTED_EDGE('',*,*,#2705,.F.);
#3586=ORIENTED_EDGE('',*,*,#2649,.F.);
#3587=ORIENTED_EDGE('',*,*,#2706,.T.);
#3588=ORIENTED_EDGE('',*,*,#2591,.T.);
#3589=ORIENTED_EDGE('',*,*,#2706,.F.);
#3590=ORIENTED_EDGE('',*,*,#2650,.F.);
#3591=ORIENTED_EDGE('',*,*,#2707,.T.);
#3592=ORIENTED_EDGE('',*,*,#2592,.T.);
#3593=ORIENTED_EDGE('',*,*,#2707,.F.);
#3594=ORIENTED_EDGE('',*,*,#2651,.F.);
#3595=ORIENTED_EDGE('',*,*,#2708,.T.);
#3596=ORIENTED_EDGE('',*,*,#2593,.T.);
#3597=ORIENTED_EDGE('',*,*,#2708,.F.);
#3598=ORIENTED_EDGE('',*,*,#2652,.F.);
#3599=ORIENTED_EDGE('',*,*,#2709,.T.);
#3600=ORIENTED_EDGE('',*,*,#2594,.T.);
#3601=ORIENTED_EDGE('',*,*,#2709,.F.);
#3602=ORIENTED_EDGE('',*,*,#2653,.F.);
#3603=ORIENTED_EDGE('',*,*,#2710,.T.);
#3604=ORIENTED_EDGE('',*,*,#2595,.T.);
#3605=ORIENTED_EDGE('',*,*,#2710,.F.);
#3606=ORIENTED_EDGE('',*,*,#2654,.F.);
#3607=ORIENTED_EDGE('',*,*,#2711,.T.);
#3608=ORIENTED_EDGE('',*,*,#2596,.T.);
#3609=ORIENTED_EDGE('',*,*,#2711,.F.);
#3610=ORIENTED_EDGE('',*,*,#2655,.F.);
#3611=ORIENTED_EDGE('',*,*,#2712,.T.);
#3612=ORIENTED_EDGE('',*,*,#2597,.T.);
#3613=ORIENTED_EDGE('',*,*,#2712,.F.);
#3614=ORIENTED_EDGE('',*,*,#2656,.F.);
#3615=ORIENTED_EDGE('',*,*,#2713,.T.);
#3616=ORIENTED_EDGE('',*,*,#2598,.T.);
#3617=ORIENTED_EDGE('',*,*,#2713,.F.);
#3618=ORIENTED_EDGE('',*,*,#2657,.F.);
#3619=ORIENTED_EDGE('',*,*,#2714,.T.);
#3620=ORIENTED_EDGE('',*,*,#2599,.T.);
#3621=ORIENTED_EDGE('',*,*,#2714,.F.);
#3622=ORIENTED_EDGE('',*,*,#2658,.F.);
#3623=ORIENTED_EDGE('',*,*,#2715,.T.);
#3624=ORIENTED_EDGE('',*,*,#2600,.T.);
#3625=ORIENTED_EDGE('',*,*,#2715,.F.);
#3626=ORIENTED_EDGE('',*,*,#2659,.F.);
#3627=ORIENTED_EDGE('',*,*,#2716,.T.);
#3628=ORIENTED_EDGE('',*,*,#2601,.T.);
#3629=ORIENTED_EDGE('',*,*,#2716,.F.);
#3630=ORIENTED_EDGE('',*,*,#2660,.F.);
#3631=ORIENTED_EDGE('',*,*,#2717,.T.);
#3632=ORIENTED_EDGE('',*,*,#2602,.T.);
#3633=ORIENTED_EDGE('',*,*,#2717,.F.);
#3634=ORIENTED_EDGE('',*,*,#2661,.F.);
#3635=ORIENTED_EDGE('',*,*,#2718,.T.);
#3636=ORIENTED_EDGE('',*,*,#2603,.T.);
#3637=ORIENTED_EDGE('',*,*,#2718,.F.);
#3638=ORIENTED_EDGE('',*,*,#2662,.F.);
#3639=ORIENTED_EDGE('',*,*,#2719,.T.);
#3640=ORIENTED_EDGE('',*,*,#2604,.T.);
#3641=ORIENTED_EDGE('',*,*,#2719,.F.);
#3642=ORIENTED_EDGE('',*,*,#2663,.F.);
#3643=ORIENTED_EDGE('',*,*,#2720,.T.);
#3644=ORIENTED_EDGE('',*,*,#2605,.T.);
#3645=ORIENTED_EDGE('',*,*,#2720,.F.);
#3646=ORIENTED_EDGE('',*,*,#2664,.F.);
#3647=ORIENTED_EDGE('',*,*,#2721,.T.);
#3648=ORIENTED_EDGE('',*,*,#2606,.T.);
#3649=ORIENTED_EDGE('',*,*,#2721,.F.);
#3650=ORIENTED_EDGE('',*,*,#2665,.F.);
#3651=ORIENTED_EDGE('',*,*,#2722,.T.);
#3652=ORIENTED_EDGE('',*,*,#2607,.T.);
#3653=ORIENTED_EDGE('',*,*,#2722,.F.);
#3654=ORIENTED_EDGE('',*,*,#2666,.F.);
#3655=ORIENTED_EDGE('',*,*,#2723,.T.);
#3656=ORIENTED_EDGE('',*,*,#2608,.T.);
#3657=ORIENTED_EDGE('',*,*,#2723,.F.);
#3658=ORIENTED_EDGE('',*,*,#2667,.F.);
#3659=ORIENTED_EDGE('',*,*,#2724,.T.);
#3660=ORIENTED_EDGE('',*,*,#2609,.T.);
#3661=ORIENTED_EDGE('',*,*,#2724,.F.);
#3662=ORIENTED_EDGE('',*,*,#2668,.F.);
#3663=ORIENTED_EDGE('',*,*,#2725,.T.);
#3664=ORIENTED_EDGE('',*,*,#2610,.T.);
#3665=ORIENTED_EDGE('',*,*,#2725,.F.);
#3666=ORIENTED_EDGE('',*,*,#2669,.F.);
#3667=ORIENTED_EDGE('',*,*,#2726,.T.);
#3668=ORIENTED_EDGE('',*,*,#2611,.T.);
#3669=ORIENTED_EDGE('',*,*,#2726,.F.);
#3670=ORIENTED_EDGE('',*,*,#2670,.F.);
#3671=ORIENTED_EDGE('',*,*,#2727,.T.);
#3672=ORIENTED_EDGE('',*,*,#2612,.T.);
#3673=ORIENTED_EDGE('',*,*,#2727,.F.);
#3674=ORIENTED_EDGE('',*,*,#2671,.F.);
#3675=ORIENTED_EDGE('',*,*,#2728,.T.);
#3676=ORIENTED_EDGE('',*,*,#2613,.T.);
#3677=ORIENTED_EDGE('',*,*,#2728,.F.);
#3678=ORIENTED_EDGE('',*,*,#2672,.F.);
#3679=ORIENTED_EDGE('',*,*,#2729,.T.);
#3680=ORIENTED_EDGE('',*,*,#2614,.T.);
#3681=ORIENTED_EDGE('',*,*,#2729,.F.);
#3682=ORIENTED_EDGE('',*,*,#2673,.F.);
#3683=ORIENTED_EDGE('',*,*,#2730,.T.);
#3684=ORIENTED_EDGE('',*,*,#2615,.T.);
#3685=ORIENTED_EDGE('',*,*,#2730,.F.);
#3686=ORIENTED_EDGE('',*,*,#2674,.F.);
#3687=ORIENTED_EDGE('',*,*,#2731,.T.);
#3688=ORIENTED_EDGE('',*,*,#2616,.T.);
#3689=ORIENTED_EDGE('',*,*,#2731,.F.);
#3690=ORIENTED_EDGE('',*,*,#2675,.F.);
#3691=ORIENTED_EDGE('',*,*,#2732,.T.);
#3692=ORIENTED_EDGE('',*,*,#2617,.T.);
#3693=ORIENTED_EDGE('',*,*,#2732,.F.);
#3694=ORIENTED_EDGE('',*,*,#2676,.F.);
#3695=ORIENTED_EDGE('',*,*,#2733,.T.);
#3696=ORIENTED_EDGE('',*,*,#2618,.T.);
#3697=ORIENTED_EDGE('',*,*,#2733,.F.);
#3698=ORIENTED_EDGE('',*,*,#2677,.F.);
#3699=ORIENTED_EDGE('',*,*,#2734,.T.);
#3700=ORIENTED_EDGE('',*,*,#2619,.T.);
#3701=ORIENTED_EDGE('',*,*,#2734,.F.);
#3702=ORIENTED_EDGE('',*,*,#2678,.F.);
#3703=ORIENTED_EDGE('',*,*,#2735,.T.);
#3704=ORIENTED_EDGE('',*,*,#2620,.T.);
#3705=ORIENTED_EDGE('',*,*,#2735,.F.);
#3706=ORIENTED_EDGE('',*,*,#2679,.F.);
#3707=ORIENTED_EDGE('',*,*,#2736,.T.);
#3708=ORIENTED_EDGE('',*,*,#2621,.T.);
#3709=ORIENTED_EDGE('',*,*,#2736,.F.);
#3710=ORIENTED_EDGE('',*,*,#2680,.F.);
#3711=ORIENTED_EDGE('',*,*,#2737,.T.);
#3712=ORIENTED_EDGE('',*,*,#2622,.T.);
#3713=ORIENTED_EDGE('',*,*,#2737,.F.);
#3714=ORIENTED_EDGE('',*,*,#2681,.F.);
#3715=ORIENTED_EDGE('',*,*,#2738,.T.);
#3716=ORIENTED_EDGE('',*,*,#2623,.T.);
#3717=ORIENTED_EDGE('',*,*,#2738,.F.);
#3718=ORIENTED_EDGE('',*,*,#2682,.F.);
#3719=ORIENTED_EDGE('',*,*,#2739,.T.);
#3720=ORIENTED_EDGE('',*,*,#2624,.T.);
#3721=ORIENTED_EDGE('',*,*,#2739,.F.);
#3722=ORIENTED_EDGE('',*,*,#2683,.F.);
#3723=ORIENTED_EDGE('',*,*,#2740,.T.);
#3724=ORIENTED_EDGE('',*,*,#2625,.T.);
#3725=ORIENTED_EDGE('',*,*,#2740,.F.);
#3726=ORIENTED_EDGE('',*,*,#2684,.F.);
#3727=ORIENTED_EDGE('',*,*,#2741,.T.);
#3728=ORIENTED_EDGE('',*,*,#2626,.T.);
#3729=ORIENTED_EDGE('',*,*,#2741,.F.);
#3730=ORIENTED_EDGE('',*,*,#2627,.T.);
#3731=ORIENTED_EDGE('',*,*,#2742,.T.);
#3732=ORIENTED_EDGE('',*,*,#2685,.F.);
#3733=ORIENTED_EDGE('',*,*,#2743,.F.);
#3734=ORIENTED_EDGE('',*,*,#2628,.T.);
#3735=ORIENTED_EDGE('',*,*,#2743,.T.);
#3736=ORIENTED_EDGE('',*,*,#2688,.F.);
#3737=ORIENTED_EDGE('',*,*,#2744,.F.);
#3738=ORIENTED_EDGE('',*,*,#2629,.T.);
#3739=ORIENTED_EDGE('',*,*,#2744,.T.);
#3740=ORIENTED_EDGE('',*,*,#2687,.F.);
#3741=ORIENTED_EDGE('',*,*,#2745,.F.);
#3742=ORIENTED_EDGE('',*,*,#2630,.T.);
#3743=ORIENTED_EDGE('',*,*,#2745,.T.);
#3744=ORIENTED_EDGE('',*,*,#2686,.F.);
#3745=ORIENTED_EDGE('',*,*,#2742,.F.);
#3746=ORIENTED_EDGE('',*,*,#2689,.F.);
#3747=ORIENTED_EDGE('',*,*,#2746,.T.);
#3748=ORIENTED_EDGE('',*,*,#2631,.T.);
#3749=ORIENTED_EDGE('',*,*,#2746,.F.);
#3750=ORIENTED_EDGE('',*,*,#2632,.T.);
#3751=ORIENTED_EDGE('',*,*,#2747,.T.);
#3752=ORIENTED_EDGE('',*,*,#2690,.F.);
#3753=ORIENTED_EDGE('',*,*,#2748,.F.);
#3754=ORIENTED_EDGE('',*,*,#2633,.T.);
#3755=ORIENTED_EDGE('',*,*,#2748,.T.);
#3756=ORIENTED_EDGE('',*,*,#2693,.F.);
#3757=ORIENTED_EDGE('',*,*,#2749,.F.);
#3758=ORIENTED_EDGE('',*,*,#2634,.T.);
#3759=ORIENTED_EDGE('',*,*,#2749,.T.);
#3760=ORIENTED_EDGE('',*,*,#2692,.F.);
#3761=ORIENTED_EDGE('',*,*,#2750,.F.);
#3762=ORIENTED_EDGE('',*,*,#2635,.T.);
#3763=ORIENTED_EDGE('',*,*,#2750,.T.);
#3764=ORIENTED_EDGE('',*,*,#2691,.F.);
#3765=ORIENTED_EDGE('',*,*,#2747,.F.);
#3766=ORIENTED_EDGE('',*,*,#2694,.F.);
#3767=ORIENTED_EDGE('',*,*,#2751,.T.);
#3768=ORIENTED_EDGE('',*,*,#2636,.T.);
#3769=ORIENTED_EDGE('',*,*,#2751,.F.);
#3770=ORIENTED_EDGE('',*,*,#2752,.F.);
#3771=ORIENTED_EDGE('',*,*,#2753,.T.);
#3772=ORIENTED_EDGE('',*,*,#2754,.F.);
#3773=ORIENTED_EDGE('',*,*,#2755,.F.);
#3774=ORIENTED_EDGE('',*,*,#2756,.F.);
#3775=ORIENTED_EDGE('',*,*,#2757,.T.);
#3776=ORIENTED_EDGE('',*,*,#2758,.F.);
#3777=ORIENTED_EDGE('',*,*,#2753,.F.);
#3778=ORIENTED_EDGE('',*,*,#2759,.F.);
#3779=ORIENTED_EDGE('',*,*,#2760,.T.);
#3780=ORIENTED_EDGE('',*,*,#2761,.F.);
#3781=ORIENTED_EDGE('',*,*,#2757,.F.);
#3782=ORIENTED_EDGE('',*,*,#2762,.F.);
#3783=ORIENTED_EDGE('',*,*,#2755,.T.);
#3784=ORIENTED_EDGE('',*,*,#2763,.F.);
#3785=ORIENTED_EDGE('',*,*,#2760,.F.);
#3786=ORIENTED_EDGE('',*,*,#2764,.F.);
#3787=ORIENTED_EDGE('',*,*,#2765,.T.);
#3788=ORIENTED_EDGE('',*,*,#2766,.F.);
#3789=ORIENTED_EDGE('',*,*,#2767,.F.);
#3790=ORIENTED_EDGE('',*,*,#2768,.T.);
#3791=ORIENTED_EDGE('',*,*,#2765,.F.);
#3792=ORIENTED_EDGE('',*,*,#2769,.F.);
#3793=ORIENTED_EDGE('',*,*,#2770,.T.);
#3794=ORIENTED_EDGE('',*,*,#2771,.F.);
#3795=ORIENTED_EDGE('',*,*,#2772,.T.);
#3796=ORIENTED_EDGE('',*,*,#2773,.F.);
#3797=ORIENTED_EDGE('',*,*,#2770,.F.);
#3798=ORIENTED_EDGE('',*,*,#2774,.F.);
#3799=ORIENTED_EDGE('',*,*,#2767,.T.);
#3800=ORIENTED_EDGE('',*,*,#2775,.F.);
#3801=ORIENTED_EDGE('',*,*,#2772,.F.);
#3802=ORIENTED_EDGE('',*,*,#2776,.F.);
#3803=ORIENTED_EDGE('',*,*,#2777,.T.);
#3804=ORIENTED_EDGE('',*,*,#2778,.F.);
#3805=ORIENTED_EDGE('',*,*,#2779,.F.);
#3806=ORIENTED_EDGE('',*,*,#2780,.F.);
#3807=ORIENTED_EDGE('',*,*,#2781,.T.);
#3808=ORIENTED_EDGE('',*,*,#2782,.F.);
#3809=ORIENTED_EDGE('',*,*,#2777,.F.);
#3810=ORIENTED_EDGE('',*,*,#2783,.F.);
#3811=ORIENTED_EDGE('',*,*,#2784,.T.);
#3812=ORIENTED_EDGE('',*,*,#2785,.F.);
#3813=ORIENTED_EDGE('',*,*,#2781,.F.);
#3814=ORIENTED_EDGE('',*,*,#2786,.F.);
#3815=ORIENTED_EDGE('',*,*,#2779,.T.);
#3816=ORIENTED_EDGE('',*,*,#2787,.F.);
#3817=ORIENTED_EDGE('',*,*,#2784,.F.);
#3818=ORIENTED_EDGE('',*,*,#2788,.F.);
#3819=ORIENTED_EDGE('',*,*,#2789,.T.);
#3820=ORIENTED_EDGE('',*,*,#2790,.F.);
#3821=ORIENTED_EDGE('',*,*,#2791,.F.);
#3822=ORIENTED_EDGE('',*,*,#2792,.F.);
#3823=ORIENTED_EDGE('',*,*,#2793,.T.);
#3824=ORIENTED_EDGE('',*,*,#2794,.F.);
#3825=ORIENTED_EDGE('',*,*,#2789,.F.);
#3826=ORIENTED_EDGE('',*,*,#2795,.F.);
#3827=ORIENTED_EDGE('',*,*,#2796,.T.);
#3828=ORIENTED_EDGE('',*,*,#2797,.F.);
#3829=ORIENTED_EDGE('',*,*,#2793,.F.);
#3830=ORIENTED_EDGE('',*,*,#2798,.F.);
#3831=ORIENTED_EDGE('',*,*,#2791,.T.);
#3832=ORIENTED_EDGE('',*,*,#2799,.F.);
#3833=ORIENTED_EDGE('',*,*,#2796,.F.);
#3834=ORIENTED_EDGE('',*,*,#2800,.F.);
#3835=ORIENTED_EDGE('',*,*,#2801,.T.);
#3836=ORIENTED_EDGE('',*,*,#2802,.F.);
#3837=ORIENTED_EDGE('',*,*,#2803,.F.);
#3838=ORIENTED_EDGE('',*,*,#2804,.F.);
#3839=ORIENTED_EDGE('',*,*,#2805,.T.);
#3840=ORIENTED_EDGE('',*,*,#2806,.F.);
#3841=ORIENTED_EDGE('',*,*,#2801,.F.);
#3842=ORIENTED_EDGE('',*,*,#2807,.F.);
#3843=ORIENTED_EDGE('',*,*,#2808,.T.);
#3844=ORIENTED_EDGE('',*,*,#2809,.F.);
#3845=ORIENTED_EDGE('',*,*,#2805,.F.);
#3846=ORIENTED_EDGE('',*,*,#2810,.F.);
#3847=ORIENTED_EDGE('',*,*,#2803,.T.);
#3848=ORIENTED_EDGE('',*,*,#2811,.F.);
#3849=ORIENTED_EDGE('',*,*,#2808,.F.);
#3850=ORIENTED_EDGE('',*,*,#2812,.F.);
#3851=ORIENTED_EDGE('',*,*,#2813,.T.);
#3852=ORIENTED_EDGE('',*,*,#2814,.F.);
#3853=ORIENTED_EDGE('',*,*,#2815,.F.);
#3854=ORIENTED_EDGE('',*,*,#2816,.F.);
#3855=ORIENTED_EDGE('',*,*,#2817,.T.);
#3856=ORIENTED_EDGE('',*,*,#2818,.F.);
#3857=ORIENTED_EDGE('',*,*,#2813,.F.);
#3858=ORIENTED_EDGE('',*,*,#2819,.F.);
#3859=ORIENTED_EDGE('',*,*,#2820,.T.);
#3860=ORIENTED_EDGE('',*,*,#2821,.F.);
#3861=ORIENTED_EDGE('',*,*,#2817,.F.);
#3862=ORIENTED_EDGE('',*,*,#2822,.F.);
#3863=ORIENTED_EDGE('',*,*,#2815,.T.);
#3864=ORIENTED_EDGE('',*,*,#2823,.F.);
#3865=ORIENTED_EDGE('',*,*,#2820,.F.);
#3866=ORIENTED_EDGE('',*,*,#2824,.F.);
#3867=ORIENTED_EDGE('',*,*,#2825,.T.);
#3868=ORIENTED_EDGE('',*,*,#2826,.F.);
#3869=ORIENTED_EDGE('',*,*,#2827,.F.);
#3870=ORIENTED_EDGE('',*,*,#2828,.F.);
#3871=ORIENTED_EDGE('',*,*,#2829,.T.);
#3872=ORIENTED_EDGE('',*,*,#2830,.F.);
#3873=ORIENTED_EDGE('',*,*,#2825,.F.);
#3874=ORIENTED_EDGE('',*,*,#2831,.F.);
#3875=ORIENTED_EDGE('',*,*,#2832,.T.);
#3876=ORIENTED_EDGE('',*,*,#2833,.F.);
#3877=ORIENTED_EDGE('',*,*,#2829,.F.);
#3878=ORIENTED_EDGE('',*,*,#2834,.F.);
#3879=ORIENTED_EDGE('',*,*,#2827,.T.);
#3880=ORIENTED_EDGE('',*,*,#2835,.F.);
#3881=ORIENTED_EDGE('',*,*,#2832,.F.);
#3882=ORIENTED_EDGE('',*,*,#2836,.F.);
#3883=ORIENTED_EDGE('',*,*,#2837,.T.);
#3884=ORIENTED_EDGE('',*,*,#2838,.F.);
#3885=ORIENTED_EDGE('',*,*,#2837,.F.);
#3886=ORIENTED_EDGE('',*,*,#2839,.F.);
#3887=ORIENTED_EDGE('',*,*,#2840,.T.);
#3888=ORIENTED_EDGE('',*,*,#2841,.F.);
#3889=ORIENTED_EDGE('',*,*,#2840,.F.);
#3890=ORIENTED_EDGE('',*,*,#2842,.F.);
#3891=ORIENTED_EDGE('',*,*,#2843,.T.);
#3892=ORIENTED_EDGE('',*,*,#2844,.F.);
#3893=ORIENTED_EDGE('',*,*,#2843,.F.);
#3894=ORIENTED_EDGE('',*,*,#2845,.F.);
#3895=ORIENTED_EDGE('',*,*,#2846,.T.);
#3896=ORIENTED_EDGE('',*,*,#2847,.F.);
#3897=ORIENTED_EDGE('',*,*,#2846,.F.);
#3898=ORIENTED_EDGE('',*,*,#2848,.F.);
#3899=ORIENTED_EDGE('',*,*,#2849,.T.);
#3900=ORIENTED_EDGE('',*,*,#2850,.F.);
#3901=ORIENTED_EDGE('',*,*,#2851,.F.);
#3902=ORIENTED_EDGE('',*,*,#2852,.F.);
#3903=ORIENTED_EDGE('',*,*,#2851,.T.);
#3904=ORIENTED_EDGE('',*,*,#2853,.F.);
#3905=ORIENTED_EDGE('',*,*,#2854,.F.);
#3906=ORIENTED_EDGE('',*,*,#2855,.F.);
#3907=ORIENTED_EDGE('',*,*,#2854,.T.);
#3908=ORIENTED_EDGE('',*,*,#2856,.F.);
#3909=ORIENTED_EDGE('',*,*,#2857,.F.);
#3910=ORIENTED_EDGE('',*,*,#2858,.F.);
#3911=ORIENTED_EDGE('',*,*,#2857,.T.);
#3912=ORIENTED_EDGE('',*,*,#2859,.F.);
#3913=ORIENTED_EDGE('',*,*,#2849,.F.);
#3914=ORIENTED_EDGE('',*,*,#2859,.T.);
#3915=ORIENTED_EDGE('',*,*,#2856,.T.);
#3916=ORIENTED_EDGE('',*,*,#2853,.T.);
#3917=ORIENTED_EDGE('',*,*,#2850,.T.);
#3918=ORIENTED_EDGE('',*,*,#2764,.T.);
#3919=ORIENTED_EDGE('',*,*,#2774,.T.);
#3920=ORIENTED_EDGE('',*,*,#2771,.T.);
#3921=ORIENTED_EDGE('',*,*,#2769,.T.);
#3922=ORIENTED_EDGE('',*,*,#2776,.T.);
#3923=ORIENTED_EDGE('',*,*,#2786,.T.);
#3924=ORIENTED_EDGE('',*,*,#2783,.T.);
#3925=ORIENTED_EDGE('',*,*,#2780,.T.);
#3926=ORIENTED_EDGE('',*,*,#2845,.T.);
#3927=ORIENTED_EDGE('',*,*,#2842,.T.);
#3928=ORIENTED_EDGE('',*,*,#2839,.T.);
#3929=ORIENTED_EDGE('',*,*,#2836,.T.);
#3930=ORIENTED_EDGE('',*,*,#2824,.T.);
#3931=ORIENTED_EDGE('',*,*,#2834,.T.);
#3932=ORIENTED_EDGE('',*,*,#2831,.T.);
#3933=ORIENTED_EDGE('',*,*,#2828,.T.);
#3934=ORIENTED_EDGE('',*,*,#2812,.T.);
#3935=ORIENTED_EDGE('',*,*,#2822,.T.);
#3936=ORIENTED_EDGE('',*,*,#2819,.T.);
#3937=ORIENTED_EDGE('',*,*,#2816,.T.);
#3938=ORIENTED_EDGE('',*,*,#2800,.T.);
#3939=ORIENTED_EDGE('',*,*,#2810,.T.);
#3940=ORIENTED_EDGE('',*,*,#2807,.T.);
#3941=ORIENTED_EDGE('',*,*,#2804,.T.);
#3942=ORIENTED_EDGE('',*,*,#2788,.T.);
#3943=ORIENTED_EDGE('',*,*,#2798,.T.);
#3944=ORIENTED_EDGE('',*,*,#2795,.T.);
#3945=ORIENTED_EDGE('',*,*,#2792,.T.);
#3946=ORIENTED_EDGE('',*,*,#2752,.T.);
#3947=ORIENTED_EDGE('',*,*,#2762,.T.);
#3948=ORIENTED_EDGE('',*,*,#2759,.T.);
#3949=ORIENTED_EDGE('',*,*,#2756,.T.);
#3950=ORIENTED_EDGE('',*,*,#2858,.T.);
#3951=ORIENTED_EDGE('',*,*,#2848,.T.);
#3952=ORIENTED_EDGE('',*,*,#2852,.T.);
#3953=ORIENTED_EDGE('',*,*,#2855,.T.);
#3954=ORIENTED_EDGE('',*,*,#2766,.T.);
#3955=ORIENTED_EDGE('',*,*,#2768,.F.);
#3956=ORIENTED_EDGE('',*,*,#2773,.T.);
#3957=ORIENTED_EDGE('',*,*,#2775,.T.);
#3958=ORIENTED_EDGE('',*,*,#2790,.T.);
#3959=ORIENTED_EDGE('',*,*,#2794,.T.);
#3960=ORIENTED_EDGE('',*,*,#2797,.T.);
#3961=ORIENTED_EDGE('',*,*,#2799,.T.);
#3962=ORIENTED_EDGE('',*,*,#2802,.T.);
#3963=ORIENTED_EDGE('',*,*,#2806,.T.);
#3964=ORIENTED_EDGE('',*,*,#2809,.T.);
#3965=ORIENTED_EDGE('',*,*,#2811,.T.);
#3966=ORIENTED_EDGE('',*,*,#2814,.T.);
#3967=ORIENTED_EDGE('',*,*,#2818,.T.);
#3968=ORIENTED_EDGE('',*,*,#2821,.T.);
#3969=ORIENTED_EDGE('',*,*,#2823,.T.);
#3970=ORIENTED_EDGE('',*,*,#2826,.T.);
#3971=ORIENTED_EDGE('',*,*,#2830,.T.);
#3972=ORIENTED_EDGE('',*,*,#2833,.T.);
#3973=ORIENTED_EDGE('',*,*,#2835,.T.);
#3974=ORIENTED_EDGE('',*,*,#2838,.T.);
#3975=ORIENTED_EDGE('',*,*,#2841,.T.);
#3976=ORIENTED_EDGE('',*,*,#2844,.T.);
#3977=ORIENTED_EDGE('',*,*,#2847,.T.);
#3978=ORIENTED_EDGE('',*,*,#2778,.T.);
#3979=ORIENTED_EDGE('',*,*,#2782,.T.);
#3980=ORIENTED_EDGE('',*,*,#2785,.T.);
#3981=ORIENTED_EDGE('',*,*,#2787,.T.);
#3982=ORIENTED_EDGE('',*,*,#2754,.T.);
#3983=ORIENTED_EDGE('',*,*,#2758,.T.);
#3984=ORIENTED_EDGE('',*,*,#2761,.T.);
#3985=ORIENTED_EDGE('',*,*,#2763,.T.);
#3986=PLANE('',#4410);
#3987=PLANE('',#4411);
#3988=PLANE('',#4412);
#3989=PLANE('',#4413);
#3990=PLANE('',#4426);
#3991=PLANE('',#4427);
#3992=PLANE('',#4428);
#3993=PLANE('',#4429);
#3994=PLANE('',#4430);
#3995=PLANE('',#4431);
#3996=PLANE('',#4432);
#3997=PLANE('',#4433);
#3998=PLANE('',#4434);
#3999=PLANE('',#4435);
#4000=PLANE('',#4439);
#4001=PLANE('',#4440);
#4002=PLANE('',#4442);
#4003=PLANE('',#4444);
#4004=PLANE('',#4446);
#4005=PLANE('',#4447);
#4006=PLANE('',#4448);
#4007=PLANE('',#4449);
#4008=PLANE('',#4450);
#4009=PLANE('',#4452);
#4010=PLANE('',#4453);
#4011=PLANE('',#4454);
#4012=PLANE('',#4455);
#4013=PLANE('',#4458);
#4014=PLANE('',#4459);
#4015=PLANE('',#4460);
#4016=PLANE('',#4461);
#4017=PLANE('',#4462);
#4018=PLANE('',#4463);
#4019=PLANE('',#4464);
#4020=PLANE('',#4465);
#4021=PLANE('',#4466);
#4022=PLANE('',#4467);
#4023=PLANE('',#4468);
#4024=PLANE('',#4469);
#4025=PLANE('',#4470);
#4026=PLANE('',#4471);
#4027=PLANE('',#4472);
#4028=PLANE('',#4473);
#4029=PLANE('',#4474);
#4030=PLANE('',#4475);
#4031=PLANE('',#4476);
#4032=PLANE('',#4477);
#4033=PLANE('',#4478);
#4034=PLANE('',#4479);
#4035=PLANE('',#4480);
#4036=PLANE('',#4481);
#4037=PLANE('',#4482);
#4038=PLANE('',#4483);
#4039=PLANE('',#4484);
#4040=PLANE('',#4485);
#4041=PLANE('',#4486);
#4042=PLANE('',#4487);
#4043=PLANE('',#4488);
#4044=PLANE('',#4489);
#4045=PLANE('',#4490);
#4046=PLANE('',#4491);
#4047=PLANE('',#4492);
#4048=PLANE('',#4493);
#4049=PLANE('',#4494);
#4050=PLANE('',#4495);
#4051=PLANE('',#4496);
#4052=PLANE('',#4497);
#4053=PLANE('',#4498);
#4054=PLANE('',#4499);
#4055=PLANE('',#4500);
#4056=PLANE('',#4501);
#4057=PLANE('',#4502);
#4058=PLANE('',#4503);
#4059=PLANE('',#4504);
#4060=PLANE('',#4505);
#4061=PLANE('',#4506);
#4062=PLANE('',#4507);
#4063=PLANE('',#4508);
#4064=PLANE('',#4509);
#4065=PLANE('',#4510);
#4066=PLANE('',#4511);
#4067=PLANE('',#4512);
#4068=PLANE('',#4513);
#4069=PLANE('',#4514);
#4070=PLANE('',#4515);
#4071=PLANE('',#4516);
#4072=PLANE('',#4517);
#4073=PLANE('',#4518);
#4074=PLANE('',#4519);
#4075=PLANE('',#4520);
#4076=PLANE('',#4521);
#4077=PLANE('',#4522);
#4078=PLANE('',#4523);
#4079=PLANE('',#4524);
#4080=PLANE('',#4525);
#4081=PLANE('',#4526);
#4082=PLANE('',#4527);
#4083=PLANE('',#4528);
#4084=PLANE('',#4529);
#4085=PLANE('',#4530);
#4086=PLANE('',#4531);
#4087=PLANE('',#4532);
#4088=PLANE('',#4533);
#4089=PLANE('',#4534);
#4090=PLANE('',#4535);
#4091=PLANE('',#4536);
#4092=PLANE('',#4537);
#4093=PLANE('',#4538);
#4094=PLANE('',#4539);
#4095=PLANE('',#4540);
#4096=PLANE('',#4541);
#4097=PLANE('',#4544);
#4098=PLANE('',#4545);
#4099=PLANE('',#4546);
#4100=PLANE('',#4547);
#4101=PLANE('',#4601);
#4102=PLANE('',#4655);
#4103=PLANE('',#4704);
#4104=PLANE('',#4706);
#4105=PLANE('',#4709);
#4106=PLANE('',#4711);
#4107=PLANE('',#4716);
#4108=PLANE('',#4717);
#4109=PLANE('',#4718);
#4110=PLANE('',#4719);
#4111=PLANE('',#4720);
#4112=PLANE('',#4721);
#4113=PLANE('',#4722);
#4114=PLANE('',#4723);
#4115=PLANE('',#4724);
#4116=PLANE('',#4725);
#4117=PLANE('',#4726);
#4118=PLANE('',#4727);
#4119=PLANE('',#4728);
#4120=PLANE('',#4729);
#4121=PLANE('',#4730);
#4122=PLANE('',#4731);
#4123=PLANE('',#4732);
#4124=PLANE('',#4733);
#4125=PLANE('',#4734);
#4126=PLANE('',#4735);
#4127=PLANE('',#4736);
#4128=PLANE('',#4737);
#4129=PLANE('',#4738);
#4130=PLANE('',#4739);
#4131=PLANE('',#4740);
#4132=PLANE('',#4741);
#4133=PLANE('',#4742);
#4134=PLANE('',#4743);
#4135=PLANE('',#4756);
#4136=PLANE('',#4757);
#4137=PLANE('',#4758);
#4138=PLANE('',#4759);
#4139=PLANE('',#4760);
#4140=PLANE('',#4761);
#4141=ADVANCED_FACE('',(#482),#3986,.F.);
#4142=ADVANCED_FACE('',(#483),#3987,.F.);
#4143=ADVANCED_FACE('',(#484),#3988,.F.);
#4144=ADVANCED_FACE('',(#485),#3989,.T.);
#4145=ADVANCED_FACE('',(#486),#419,.F.);
#4146=ADVANCED_FACE('',(#487),#420,.F.);
#4147=ADVANCED_FACE('',(#488),#421,.F.);
#4148=ADVANCED_FACE('',(#489),#422,.F.);
#4149=ADVANCED_FACE('',(#490),#3990,.T.);
#4150=ADVANCED_FACE('',(#491),#3991,.T.);
#4151=ADVANCED_FACE('',(#492),#3992,.T.);
#4152=ADVANCED_FACE('',(#493),#3993,.T.);
#4153=ADVANCED_FACE('',(#494),#3994,.T.);
#4154=ADVANCED_FACE('',(#495,#150),#3995,.T.);
#4155=ADVANCED_FACE('',(#496),#3996,.T.);
#4156=ADVANCED_FACE('',(#497),#3997,.T.);
#4157=ADVANCED_FACE('',(#498,#151,#152,#153,#154,#155),#3998,.T.);
#4158=ADVANCED_FACE('',(#499,#156,#157,#158,#159),#3999,.F.);
#4159=ADVANCED_FACE('',(#500),#4000,.F.);
#4160=ADVANCED_FACE('',(#501),#4001,.F.);
#4161=ADVANCED_FACE('',(#502),#4002,.F.);
#4162=ADVANCED_FACE('',(#503,#160),#4003,.T.);
#4163=ADVANCED_FACE('',(#504,#161,#162,#163,#164),#4004,.F.);
#4164=ADVANCED_FACE('',(#505),#4005,.T.);
#4165=ADVANCED_FACE('',(#506),#4006,.F.);
#4166=ADVANCED_FACE('',(#507,#165,#166,#167,#168),#4007,.F.);
#4167=ADVANCED_FACE('',(#508),#4008,.F.);
#4168=ADVANCED_FACE('',(#509),#423,.F.);
#4169=ADVANCED_FACE('',(#510),#4009,.F.);
#4170=ADVANCED_FACE('',(#511),#4010,.F.);
#4171=ADVANCED_FACE('',(#512),#4011,.F.);
#4172=ADVANCED_FACE('',(#513),#4012,.T.);
#4173=ADVANCED_FACE('',(#514),#424,.T.);
#4174=ADVANCED_FACE('',(#515),#4013,.T.);
#4175=ADVANCED_FACE('',(#516),#4014,.T.);
#4176=ADVANCED_FACE('',(#517),#4015,.T.);
#4177=ADVANCED_FACE('',(#518),#4016,.T.);
#4178=ADVANCED_FACE('',(#519),#4017,.T.);
#4179=ADVANCED_FACE('',(#520),#4018,.T.);
#4180=ADVANCED_FACE('',(#521),#4019,.T.);
#4181=ADVANCED_FACE('',(#522),#4020,.T.);
#4182=ADVANCED_FACE('',(#523),#4021,.T.);
#4183=ADVANCED_FACE('',(#524),#4022,.T.);
#4184=ADVANCED_FACE('',(#525),#4023,.T.);
#4185=ADVANCED_FACE('',(#526),#4024,.T.);
#4186=ADVANCED_FACE('',(#527),#4025,.T.);
#4187=ADVANCED_FACE('',(#528),#4026,.T.);
#4188=ADVANCED_FACE('',(#529),#4027,.T.);
#4189=ADVANCED_FACE('',(#530),#4028,.T.);
#4190=ADVANCED_FACE('',(#531),#4029,.T.);
#4191=ADVANCED_FACE('',(#532),#4030,.T.);
#4192=ADVANCED_FACE('',(#533),#4031,.T.);
#4193=ADVANCED_FACE('',(#534),#4032,.T.);
#4194=ADVANCED_FACE('',(#535),#4033,.T.);
#4195=ADVANCED_FACE('',(#536),#4034,.T.);
#4196=ADVANCED_FACE('',(#537),#4035,.T.);
#4197=ADVANCED_FACE('',(#538),#4036,.T.);
#4198=ADVANCED_FACE('',(#539),#4037,.T.);
#4199=ADVANCED_FACE('',(#540),#4038,.T.);
#4200=ADVANCED_FACE('',(#541),#4039,.T.);
#4201=ADVANCED_FACE('',(#542),#4040,.T.);
#4202=ADVANCED_FACE('',(#543),#4041,.T.);
#4203=ADVANCED_FACE('',(#544),#4042,.T.);
#4204=ADVANCED_FACE('',(#545),#4043,.T.);
#4205=ADVANCED_FACE('',(#546),#4044,.T.);
#4206=ADVANCED_FACE('',(#547),#4045,.T.);
#4207=ADVANCED_FACE('',(#548),#4046,.T.);
#4208=ADVANCED_FACE('',(#549),#4047,.F.);
#4209=ADVANCED_FACE('',(#550),#4048,.F.);
#4210=ADVANCED_FACE('',(#551),#4049,.F.);
#4211=ADVANCED_FACE('',(#552),#4050,.F.);
#4212=ADVANCED_FACE('',(#553),#4051,.T.);
#4213=ADVANCED_FACE('',(#554),#4052,.T.);
#4214=ADVANCED_FACE('',(#555),#4053,.T.);
#4215=ADVANCED_FACE('',(#556),#4054,.T.);
#4216=ADVANCED_FACE('',(#557),#4055,.T.);
#4217=ADVANCED_FACE('',(#558),#4056,.T.);
#4218=ADVANCED_FACE('',(#559),#4057,.T.);
#4219=ADVANCED_FACE('',(#560),#4058,.T.);
#4220=ADVANCED_FACE('',(#561),#4059,.T.);
#4221=ADVANCED_FACE('',(#562),#4060,.T.);
#4222=ADVANCED_FACE('',(#563),#4061,.T.);
#4223=ADVANCED_FACE('',(#564),#4062,.T.);
#4224=ADVANCED_FACE('',(#565),#4063,.T.);
#4225=ADVANCED_FACE('',(#566),#4064,.T.);
#4226=ADVANCED_FACE('',(#567),#4065,.T.);
#4227=ADVANCED_FACE('',(#568),#4066,.T.);
#4228=ADVANCED_FACE('',(#569),#4067,.T.);
#4229=ADVANCED_FACE('',(#570),#4068,.F.);
#4230=ADVANCED_FACE('',(#571),#4069,.F.);
#4231=ADVANCED_FACE('',(#572),#4070,.F.);
#4232=ADVANCED_FACE('',(#573),#4071,.F.);
#4233=ADVANCED_FACE('',(#574),#4072,.F.);
#4234=ADVANCED_FACE('',(#575),#4073,.F.);
#4235=ADVANCED_FACE('',(#576),#4074,.F.);
#4236=ADVANCED_FACE('',(#577),#4075,.F.);
#4237=ADVANCED_FACE('',(#578),#4076,.F.);
#4238=ADVANCED_FACE('',(#579),#4077,.F.);
#4239=ADVANCED_FACE('',(#580),#4078,.F.);
#4240=ADVANCED_FACE('',(#581),#4079,.F.);
#4241=ADVANCED_FACE('',(#582),#4080,.F.);
#4242=ADVANCED_FACE('',(#583),#4081,.F.);
#4243=ADVANCED_FACE('',(#584),#4082,.F.);
#4244=ADVANCED_FACE('',(#585),#4083,.F.);
#4245=ADVANCED_FACE('',(#586),#4084,.F.);
#4246=ADVANCED_FACE('',(#587),#4085,.F.);
#4247=ADVANCED_FACE('',(#588),#4086,.F.);
#4248=ADVANCED_FACE('',(#589),#4087,.T.);
#4249=ADVANCED_FACE('',(#590),#4088,.T.);
#4250=ADVANCED_FACE('',(#591),#4089,.T.);
#4251=ADVANCED_FACE('',(#592),#4090,.T.);
#4252=ADVANCED_FACE('',(#593),#4091,.T.);
#4253=ADVANCED_FACE('',(#594),#4092,.F.);
#4254=ADVANCED_FACE('',(#595),#4093,.F.);
#4255=ADVANCED_FACE('',(#596),#4094,.F.);
#4256=ADVANCED_FACE('',(#597),#4095,.F.);
#4257=ADVANCED_FACE('',(#598),#4096,.F.);
#4258=ADVANCED_FACE('',(#599),#4097,.T.);
#4259=ADVANCED_FACE('',(#600),#4098,.T.);
#4260=ADVANCED_FACE('',(#601),#4099,.T.);
#4261=ADVANCED_FACE('',(#602,#169,#170,#171,#172,#173,#174,#175,#176,#177,
#178,#179,#180,#181,#182,#183,#184,#185,#186,#187,#188,#189,#190,#191,#192,
#193,#194,#195,#196,#197,#198,#199,#200,#201,#202,#203,#204,#205,#206,#207,
#208,#209,#210,#211,#212,#213,#214,#215,#216,#217,#218,#219),#4100,.F.);
#4262=ADVANCED_FACE('',(#603,#220,#221,#222,#223,#224,#225,#226,#227,#228,
#229,#230,#231,#232,#233,#234,#235,#236,#237,#238,#239,#240,#241,#242,#243,
#244,#245,#246,#247,#248,#249,#250,#251,#252,#253,#254,#255,#256,#257,#258,
#259,#260,#261,#262,#263,#264,#265,#266,#267,#268,#269,#270),#4101,.T.);
#4263=ADVANCED_FACE('',(#604),#4102,.T.);
#4264=ADVANCED_FACE('',(#605),#425,.F.);
#4265=ADVANCED_FACE('',(#606),#426,.F.);
#4266=ADVANCED_FACE('',(#607),#427,.F.);
#4267=ADVANCED_FACE('',(#608),#428,.F.);
#4268=ADVANCED_FACE('',(#609),#429,.F.);
#4269=ADVANCED_FACE('',(#610),#430,.F.);
#4270=ADVANCED_FACE('',(#611),#431,.F.);
#4271=ADVANCED_FACE('',(#612),#432,.F.);
#4272=ADVANCED_FACE('',(#613),#433,.F.);
#4273=ADVANCED_FACE('',(#614),#434,.F.);
#4274=ADVANCED_FACE('',(#615),#435,.F.);
#4275=ADVANCED_FACE('',(#616),#436,.F.);
#4276=ADVANCED_FACE('',(#617),#437,.F.);
#4277=ADVANCED_FACE('',(#618),#438,.F.);
#4278=ADVANCED_FACE('',(#619),#439,.F.);
#4279=ADVANCED_FACE('',(#620),#440,.F.);
#4280=ADVANCED_FACE('',(#621),#441,.F.);
#4281=ADVANCED_FACE('',(#622),#442,.F.);
#4282=ADVANCED_FACE('',(#623),#443,.F.);
#4283=ADVANCED_FACE('',(#624),#444,.F.);
#4284=ADVANCED_FACE('',(#625),#445,.F.);
#4285=ADVANCED_FACE('',(#626),#446,.F.);
#4286=ADVANCED_FACE('',(#627),#447,.F.);
#4287=ADVANCED_FACE('',(#628),#448,.F.);
#4288=ADVANCED_FACE('',(#629),#449,.F.);
#4289=ADVANCED_FACE('',(#630),#450,.F.);
#4290=ADVANCED_FACE('',(#631),#451,.F.);
#4291=ADVANCED_FACE('',(#632),#452,.F.);
#4292=ADVANCED_FACE('',(#633),#453,.F.);
#4293=ADVANCED_FACE('',(#634),#454,.F.);
#4294=ADVANCED_FACE('',(#635),#455,.F.);
#4295=ADVANCED_FACE('',(#636),#456,.F.);
#4296=ADVANCED_FACE('',(#637),#457,.F.);
#4297=ADVANCED_FACE('',(#638),#458,.F.);
#4298=ADVANCED_FACE('',(#639),#459,.F.);
#4299=ADVANCED_FACE('',(#640),#460,.F.);
#4300=ADVANCED_FACE('',(#641),#461,.F.);
#4301=ADVANCED_FACE('',(#642),#462,.F.);
#4302=ADVANCED_FACE('',(#643),#463,.F.);
#4303=ADVANCED_FACE('',(#644),#464,.F.);
#4304=ADVANCED_FACE('',(#645),#465,.F.);
#4305=ADVANCED_FACE('',(#646),#466,.F.);
#4306=ADVANCED_FACE('',(#647),#467,.F.);
#4307=ADVANCED_FACE('',(#648),#468,.F.);
#4308=ADVANCED_FACE('',(#649),#469,.F.);
#4309=ADVANCED_FACE('',(#650),#470,.F.);
#4310=ADVANCED_FACE('',(#651),#471,.F.);
#4311=ADVANCED_FACE('',(#652),#472,.F.);
#4312=ADVANCED_FACE('',(#653),#4103,.T.);
#4313=ADVANCED_FACE('',(#654),#473,.F.);
#4314=ADVANCED_FACE('',(#655),#4104,.T.);
#4315=ADVANCED_FACE('',(#656),#474,.F.);
#4316=ADVANCED_FACE('',(#657),#475,.F.);
#4317=ADVANCED_FACE('',(#658),#4105,.T.);
#4318=ADVANCED_FACE('',(#659),#476,.F.);
#4319=ADVANCED_FACE('',(#660),#4106,.T.);
#4320=ADVANCED_FACE('',(#661),#477,.F.);
#4321=ADVANCED_FACE('',(#662),#4107,.F.);
#4322=ADVANCED_FACE('',(#663),#4108,.F.);
#4323=ADVANCED_FACE('',(#664),#4109,.F.);
#4324=ADVANCED_FACE('',(#665),#4110,.F.);
#4325=ADVANCED_FACE('',(#666),#4111,.F.);
#4326=ADVANCED_FACE('',(#667),#4112,.F.);
#4327=ADVANCED_FACE('',(#668),#4113,.F.);
#4328=ADVANCED_FACE('',(#669),#4114,.F.);
#4329=ADVANCED_FACE('',(#670),#4115,.F.);
#4330=ADVANCED_FACE('',(#671),#4116,.F.);
#4331=ADVANCED_FACE('',(#672),#4117,.F.);
#4332=ADVANCED_FACE('',(#673),#4118,.F.);
#4333=ADVANCED_FACE('',(#674),#4119,.F.);
#4334=ADVANCED_FACE('',(#675),#4120,.F.);
#4335=ADVANCED_FACE('',(#676),#4121,.F.);
#4336=ADVANCED_FACE('',(#677),#4122,.F.);
#4337=ADVANCED_FACE('',(#678),#4123,.F.);
#4338=ADVANCED_FACE('',(#679),#4124,.F.);
#4339=ADVANCED_FACE('',(#680),#4125,.F.);
#4340=ADVANCED_FACE('',(#681),#4126,.F.);
#4341=ADVANCED_FACE('',(#682),#4127,.F.);
#4342=ADVANCED_FACE('',(#683),#4128,.F.);
#4343=ADVANCED_FACE('',(#684),#4129,.F.);
#4344=ADVANCED_FACE('',(#685),#4130,.F.);
#4345=ADVANCED_FACE('',(#686),#4131,.F.);
#4346=ADVANCED_FACE('',(#687),#4132,.F.);
#4347=ADVANCED_FACE('',(#688),#4133,.F.);
#4348=ADVANCED_FACE('',(#689),#4134,.F.);
#4349=ADVANCED_FACE('',(#690),#478,.F.);
#4350=ADVANCED_FACE('',(#691),#479,.F.);
#4351=ADVANCED_FACE('',(#692),#480,.F.);
#4352=ADVANCED_FACE('',(#693),#481,.F.);
#4353=ADVANCED_FACE('',(#694),#4135,.T.);
#4354=ADVANCED_FACE('',(#695),#4136,.T.);
#4355=ADVANCED_FACE('',(#696),#4137,.T.);
#4356=ADVANCED_FACE('',(#697),#4138,.T.);
#4357=ADVANCED_FACE('',(#698,#271,#272,#273,#274,#275,#276,#277,#278,#279,
#280,#281),#4139,.T.);
#4358=ADVANCED_FACE('',(#699,#282,#283,#284,#285,#286,#287,#288,#289,#290,
#291,#292),#4140,.F.);
#4359=CLOSED_SHELL('',(#4141,#4142,#4143,#4144,#4145,#4146,#4147,#4148,
#4149,#4150,#4151,#4152,#4153,#4154,#4155,#4156,#4157,#4158));
#4360=CLOSED_SHELL('',(#4159,#4160,#4161,#4162,#4163,#4164,#4165,#4166,
#4167,#4168,#4169,#4170,#4171,#4172,#4173,#4174,#4175,#4176,#4177,#4178,
#4179,#4180,#4181,#4182,#4183,#4184,#4185,#4186,#4187,#4188,#4189,#4190,
#4191,#4192,#4193,#4194,#4195,#4196,#4197,#4198,#4199,#4200,#4201,#4202,
#4203,#4204,#4205,#4206,#4207,#4208,#4209,#4210,#4211,#4212,#4213,#4214,
#4215,#4216,#4217,#4218,#4219,#4220,#4221,#4222,#4223,#4224,#4225,#4226,
#4227,#4228,#4229,#4230,#4231,#4232,#4233,#4234,#4235,#4236,#4237,#4238,
#4239,#4240,#4241,#4242,#4243,#4244,#4245,#4246,#4247,#4248,#4249,#4250,
#4251,#4252,#4253,#4254,#4255,#4256,#4257));
#4361=CLOSED_SHELL('',(#4258,#4259,#4260,#4261,#4262,#4263,#4264,#4265,
#4266,#4267,#4268,#4269,#4270,#4271,#4272,#4273,#4274,#4275,#4276,#4277,
#4278,#4279,#4280,#4281,#4282,#4283,#4284,#4285,#4286,#4287,#4288,#4289,
#4290,#4291,#4292,#4293,#4294,#4295,#4296,#4297,#4298,#4299,#4300,#4301,
#4302,#4303,#4304,#4305,#4306,#4307,#4308,#4309,#4310,#4311,#4312,#4313,
#4314,#4315,#4316,#4317,#4318,#4319,#4320));
#4362=CLOSED_SHELL('',(#4321,#4322,#4323,#4324,#4325,#4326,#4327,#4328,
#4329,#4330,#4331,#4332,#4333,#4334,#4335,#4336,#4337,#4338,#4339,#4340,
#4341,#4342,#4343,#4344,#4345,#4346,#4347,#4348,#4349,#4350,#4351,#4352,
#4353,#4354,#4355,#4356,#4357,#4358));
#4363=DERIVED_UNIT_ELEMENT(#4371,1.);
#4364=DERIVED_UNIT_ELEMENT(#7089,-3.);
#4365=DERIVED_UNIT_ELEMENT(#4371,1.);
#4366=DERIVED_UNIT_ELEMENT(#7089,-3.);
#4367=DERIVED_UNIT_ELEMENT(#4371,1.);
#4368=DERIVED_UNIT_ELEMENT(#7089,-3.);
#4369=DERIVED_UNIT_ELEMENT(#4371,1.);
#4370=DERIVED_UNIT_ELEMENT(#7089,-3.);
#4371=(
MASS_UNIT()
NAMED_UNIT(*)
SI_UNIT(.KILO.,.GRAM.)
);
#4372=DERIVED_UNIT((#4363,#4364));
#4373=DERIVED_UNIT((#4365,#4366));
#4374=DERIVED_UNIT((#4367,#4368));
#4375=DERIVED_UNIT((#4369,#4370));
#4376=MEASURE_REPRESENTATION_ITEM('density measure',
POSITIVE_RATIO_MEASURE(7850.),#4372);
#4377=MEASURE_REPRESENTATION_ITEM('density measure',
POSITIVE_RATIO_MEASURE(7850.),#4373);
#4378=MEASURE_REPRESENTATION_ITEM('density measure',
POSITIVE_RATIO_MEASURE(7850.),#4374);
#4379=MEASURE_REPRESENTATION_ITEM('density measure',
POSITIVE_RATIO_MEASURE(7850.),#4375);
#4380=PROPERTY_DEFINITION_REPRESENTATION(#4400,#4388);
#4381=PROPERTY_DEFINITION_REPRESENTATION(#4401,#4389);
#4382=PROPERTY_DEFINITION_REPRESENTATION(#4402,#4390);
#4383=PROPERTY_DEFINITION_REPRESENTATION(#4403,#4391);
#4384=PROPERTY_DEFINITION_REPRESENTATION(#4404,#4392);
#4385=PROPERTY_DEFINITION_REPRESENTATION(#4405,#4393);
#4386=PROPERTY_DEFINITION_REPRESENTATION(#4406,#4394);
#4387=PROPERTY_DEFINITION_REPRESENTATION(#4407,#4395);
#4388=REPRESENTATION('material name',(#4396),#7081);
#4389=REPRESENTATION('density',(#4376),#7081);
#4390=REPRESENTATION('material name',(#4397),#7084);
#4391=REPRESENTATION('density',(#4377),#7084);
#4392=REPRESENTATION('material name',(#4398),#7085);
#4393=REPRESENTATION('density',(#4378),#7085);
#4394=REPRESENTATION('material name',(#4399),#7086);
#4395=REPRESENTATION('density',(#4379),#7086);
#4396=DESCRIPTIVE_REPRESENTATION_ITEM('Steel','Steel');
#4397=DESCRIPTIVE_REPRESENTATION_ITEM('Steel','Steel');
#4398=DESCRIPTIVE_REPRESENTATION_ITEM('Steel','Steel');
#4399=DESCRIPTIVE_REPRESENTATION_ITEM('Steel','Steel');
#4400=PROPERTY_DEFINITION('material property','material name',#7121);
#4401=PROPERTY_DEFINITION('material property','density of part',#7121);
#4402=PROPERTY_DEFINITION('material property','material name',#7124);
#4403=PROPERTY_DEFINITION('material property','density of part',#7124);
#4404=PROPERTY_DEFINITION('material property','material name',#7125);
#4405=PROPERTY_DEFINITION('material property','density of part',#7125);
#4406=PROPERTY_DEFINITION('material property','material name',#7126);
#4407=PROPERTY_DEFINITION('material property','density of part',#7126);
#4408=AXIS2_PLACEMENT_3D('',#5916,#4765,#4766);
#4409=AXIS2_PLACEMENT_3D('',#5917,#4767,#4768);
#4410=AXIS2_PLACEMENT_3D('',#5918,#4769,#4770);
#4411=AXIS2_PLACEMENT_3D('',#5927,#4775,#4776);
#4412=AXIS2_PLACEMENT_3D('',#5933,#4780,#4781);
#4413=AXIS2_PLACEMENT_3D('',#5939,#4785,#4786);
#4414=AXIS2_PLACEMENT_3D('',#5949,#4792,#4793);
#4415=AXIS2_PLACEMENT_3D('',#5951,#4794,#4795);
#4416=AXIS2_PLACEMENT_3D('',#5954,#4797,#4798);
#4417=AXIS2_PLACEMENT_3D('',#5955,#4799,#4800);
#4418=AXIS2_PLACEMENT_3D('',#5957,#4801,#4802);
#4419=AXIS2_PLACEMENT_3D('',#5960,#4804,#4805);
#4420=AXIS2_PLACEMENT_3D('',#5961,#4806,#4807);
#4421=AXIS2_PLACEMENT_3D('',#5963,#4808,#4809);
#4422=AXIS2_PLACEMENT_3D('',#5966,#4811,#4812);
#4423=AXIS2_PLACEMENT_3D('',#5967,#4813,#4814);
#4424=AXIS2_PLACEMENT_3D('',#5969,#4815,#4816);
#4425=AXIS2_PLACEMENT_3D('',#5972,#4818,#4819);
#4426=AXIS2_PLACEMENT_3D('',#5973,#4820,#4821);
#4427=AXIS2_PLACEMENT_3D('',#5980,#4826,#4827);
#4428=AXIS2_PLACEMENT_3D('',#5984,#4830,#4831);
#4429=AXIS2_PLACEMENT_3D('',#5988,#4834,#4835);
#4430=AXIS2_PLACEMENT_3D('',#5990,#4837,#4838);
#4431=AXIS2_PLACEMENT_3D('',#5999,#4843,#4844);
#4432=AXIS2_PLACEMENT_3D('',#6005,#4848,#4849);
#4433=AXIS2_PLACEMENT_3D('',#6011,#4853,#4854);
#4434=AXIS2_PLACEMENT_3D('',#6014,#4857,#4858);
#4435=AXIS2_PLACEMENT_3D('',#6015,#4859,#4860);
#4436=AXIS2_PLACEMENT_3D('',#6016,#4861,#4862);
#4437=AXIS2_PLACEMENT_3D('',#6017,#4863,#4864);
#4438=AXIS2_PLACEMENT_3D('',#6018,#4865,#4866);
#4439=AXIS2_PLACEMENT_3D('',#6019,#4867,#4868);
#4440=AXIS2_PLACEMENT_3D('',#6028,#4873,#4874);
#4441=AXIS2_PLACEMENT_3D('',#6042,#4881,#4882);
#4442=AXIS2_PLACEMENT_3D('',#6046,#4885,#4886);
#4443=AXIS2_PLACEMENT_3D('',#6062,#4894,#4895);
#4444=AXIS2_PLACEMENT_3D('',#6064,#4897,#4898);
#4445=AXIS2_PLACEMENT_3D('',#6073,#4903,#4904);
#4446=AXIS2_PLACEMENT_3D('',#6074,#4905,#4906);
#4447=AXIS2_PLACEMENT_3D('',#6108,#4924,#4925);
#4448=AXIS2_PLACEMENT_3D('',#6111,#4928,#4929);
#4449=AXIS2_PLACEMENT_3D('',#6113,#4931,#4932);
#4450=AXIS2_PLACEMENT_3D('',#6147,#4950,#4951);
#4451=AXIS2_PLACEMENT_3D('',#6148,#4952,#4953);
#4452=AXIS2_PLACEMENT_3D('',#6154,#4957,#4958);
#4453=AXIS2_PLACEMENT_3D('',#6158,#4961,#4962);
#4454=AXIS2_PLACEMENT_3D('',#6162,#4965,#4966);
#4455=AXIS2_PLACEMENT_3D('',#6164,#4968,#4969);
#4456=AXIS2_PLACEMENT_3D('',#6170,#4973,#4974);
#4457=AXIS2_PLACEMENT_3D('',#6173,#4976,#4977);
#4458=AXIS2_PLACEMENT_3D('',#6174,#4978,#4979);
#4459=AXIS2_PLACEMENT_3D('',#6178,#4982,#4983);
#4460=AXIS2_PLACEMENT_3D('',#6180,#4985,#4986);
#4461=AXIS2_PLACEMENT_3D('',#6186,#4990,#4991);
#4462=AXIS2_PLACEMENT_3D('',#6190,#4994,#4995);
#4463=AXIS2_PLACEMENT_3D('',#6194,#4998,#4999);
#4464=AXIS2_PLACEMENT_3D('',#6196,#5001,#5002);
#4465=AXIS2_PLACEMENT_3D('',#6202,#5006,#5007);
#4466=AXIS2_PLACEMENT_3D('',#6206,#5010,#5011);
#4467=AXIS2_PLACEMENT_3D('',#6210,#5014,#5015);
#4468=AXIS2_PLACEMENT_3D('',#6212,#5017,#5018);
#4469=AXIS2_PLACEMENT_3D('',#6218,#5022,#5023);
#4470=AXIS2_PLACEMENT_3D('',#6222,#5026,#5027);
#4471=AXIS2_PLACEMENT_3D('',#6226,#5030,#5031);
#4472=AXIS2_PLACEMENT_3D('',#6228,#5033,#5034);
#4473=AXIS2_PLACEMENT_3D('',#6234,#5038,#5039);
#4474=AXIS2_PLACEMENT_3D('',#6238,#5042,#5043);
#4475=AXIS2_PLACEMENT_3D('',#6242,#5046,#5047);
#4476=AXIS2_PLACEMENT_3D('',#6244,#5049,#5050);
#4477=AXIS2_PLACEMENT_3D('',#6250,#5054,#5055);
#4478=AXIS2_PLACEMENT_3D('',#6254,#5058,#5059);
#4479=AXIS2_PLACEMENT_3D('',#6258,#5062,#5063);
#4480=AXIS2_PLACEMENT_3D('',#6260,#5065,#5066);
#4481=AXIS2_PLACEMENT_3D('',#6266,#5070,#5071);
#4482=AXIS2_PLACEMENT_3D('',#6270,#5074,#5075);
#4483=AXIS2_PLACEMENT_3D('',#6274,#5078,#5079);
#4484=AXIS2_PLACEMENT_3D('',#6276,#5081,#5082);
#4485=AXIS2_PLACEMENT_3D('',#6282,#5086,#5087);
#4486=AXIS2_PLACEMENT_3D('',#6286,#5090,#5091);
#4487=AXIS2_PLACEMENT_3D('',#6290,#5094,#5095);
#4488=AXIS2_PLACEMENT_3D('',#6292,#5097,#5098);
#4489=AXIS2_PLACEMENT_3D('',#6298,#5102,#5103);
#4490=AXIS2_PLACEMENT_3D('',#6302,#5106,#5107);
#4491=AXIS2_PLACEMENT_3D('',#6306,#5110,#5111);
#4492=AXIS2_PLACEMENT_3D('',#6308,#5113,#5114);
#4493=AXIS2_PLACEMENT_3D('',#6314,#5118,#5119);
#4494=AXIS2_PLACEMENT_3D('',#6320,#5123,#5124);
#4495=AXIS2_PLACEMENT_3D('',#6324,#5127,#5128);
#4496=AXIS2_PLACEMENT_3D('',#6328,#5131,#5132);
#4497=AXIS2_PLACEMENT_3D('',#6329,#5133,#5134);
#4498=AXIS2_PLACEMENT_3D('',#6335,#5138,#5139);
#4499=AXIS2_PLACEMENT_3D('',#6339,#5142,#5143);
#4500=AXIS2_PLACEMENT_3D('',#6343,#5146,#5147);
#4501=AXIS2_PLACEMENT_3D('',#6345,#5149,#5150);
#4502=AXIS2_PLACEMENT_3D('',#6351,#5154,#5155);
#4503=AXIS2_PLACEMENT_3D('',#6355,#5158,#5159);
#4504=AXIS2_PLACEMENT_3D('',#6359,#5162,#5163);
#4505=AXIS2_PLACEMENT_3D('',#6361,#5165,#5166);
#4506=AXIS2_PLACEMENT_3D('',#6367,#5170,#5171);
#4507=AXIS2_PLACEMENT_3D('',#6371,#5174,#5175);
#4508=AXIS2_PLACEMENT_3D('',#6375,#5178,#5179);
#4509=AXIS2_PLACEMENT_3D('',#6377,#5181,#5182);
#4510=AXIS2_PLACEMENT_3D('',#6383,#5186,#5187);
#4511=AXIS2_PLACEMENT_3D('',#6387,#5190,#5191);
#4512=AXIS2_PLACEMENT_3D('',#6391,#5194,#5195);
#4513=AXIS2_PLACEMENT_3D('',#6393,#5197,#5198);
#4514=AXIS2_PLACEMENT_3D('',#6399,#5202,#5203);
#4515=AXIS2_PLACEMENT_3D('',#6403,#5206,#5207);
#4516=AXIS2_PLACEMENT_3D('',#6407,#5210,#5211);
#4517=AXIS2_PLACEMENT_3D('',#6409,#5213,#5214);
#4518=AXIS2_PLACEMENT_3D('',#6415,#5218,#5219);
#4519=AXIS2_PLACEMENT_3D('',#6419,#5222,#5223);
#4520=AXIS2_PLACEMENT_3D('',#6423,#5226,#5227);
#4521=AXIS2_PLACEMENT_3D('',#6425,#5229,#5230);
#4522=AXIS2_PLACEMENT_3D('',#6431,#5234,#5235);
#4523=AXIS2_PLACEMENT_3D('',#6435,#5238,#5239);
#4524=AXIS2_PLACEMENT_3D('',#6439,#5242,#5243);
#4525=AXIS2_PLACEMENT_3D('',#6441,#5245,#5246);
#4526=AXIS2_PLACEMENT_3D('',#6447,#5250,#5251);
#4527=AXIS2_PLACEMENT_3D('',#6451,#5254,#5255);
#4528=AXIS2_PLACEMENT_3D('',#6455,#5258,#5259);
#4529=AXIS2_PLACEMENT_3D('',#6457,#5261,#5262);
#4530=AXIS2_PLACEMENT_3D('',#6463,#5266,#5267);
#4531=AXIS2_PLACEMENT_3D('',#6465,#5269,#5270);
#4532=AXIS2_PLACEMENT_3D('',#6467,#5272,#5273);
#4533=AXIS2_PLACEMENT_3D('',#6469,#5275,#5276);
#4534=AXIS2_PLACEMENT_3D('',#6470,#5277,#5278);
#4535=AXIS2_PLACEMENT_3D('',#6471,#5279,#5280);
#4536=AXIS2_PLACEMENT_3D('',#6472,#5281,#5282);
#4537=AXIS2_PLACEMENT_3D('',#6473,#5283,#5284);
#4538=AXIS2_PLACEMENT_3D('',#6474,#5285,#5286);
#4539=AXIS2_PLACEMENT_3D('',#6475,#5287,#5288);
#4540=AXIS2_PLACEMENT_3D('',#6476,#5289,#5290);
#4541=AXIS2_PLACEMENT_3D('',#6477,#5291,#5292);
#4542=AXIS2_PLACEMENT_3D('',#6478,#5293,#5294);
#4543=AXIS2_PLACEMENT_3D('',#6479,#5295,#5296);
#4544=AXIS2_PLACEMENT_3D('',#6480,#5297,#5298);
#4545=AXIS2_PLACEMENT_3D('',#6489,#5303,#5304);
#4546=AXIS2_PLACEMENT_3D('',#6495,#5308,#5309);
#4547=AXIS2_PLACEMENT_3D('',#6501,#5313,#5314);
#4548=AXIS2_PLACEMENT_3D('',#6504,#5316,#5317);
#4549=AXIS2_PLACEMENT_3D('',#6506,#5318,#5319);
#4550=AXIS2_PLACEMENT_3D('',#6508,#5320,#5321);
#4551=AXIS2_PLACEMENT_3D('',#6510,#5322,#5323);
#4552=AXIS2_PLACEMENT_3D('',#6512,#5324,#5325);
#4553=AXIS2_PLACEMENT_3D('',#6514,#5326,#5327);
#4554=AXIS2_PLACEMENT_3D('',#6516,#5328,#5329);
#4555=AXIS2_PLACEMENT_3D('',#6518,#5330,#5331);
#4556=AXIS2_PLACEMENT_3D('',#6520,#5332,#5333);
#4557=AXIS2_PLACEMENT_3D('',#6522,#5334,#5335);
#4558=AXIS2_PLACEMENT_3D('',#6524,#5336,#5337);
#4559=AXIS2_PLACEMENT_3D('',#6526,#5338,#5339);
#4560=AXIS2_PLACEMENT_3D('',#6528,#5340,#5341);
#4561=AXIS2_PLACEMENT_3D('',#6530,#5342,#5343);
#4562=AXIS2_PLACEMENT_3D('',#6532,#5344,#5345);
#4563=AXIS2_PLACEMENT_3D('',#6534,#5346,#5347);
#4564=AXIS2_PLACEMENT_3D('',#6536,#5348,#5349);
#4565=AXIS2_PLACEMENT_3D('',#6538,#5350,#5351);
#4566=AXIS2_PLACEMENT_3D('',#6540,#5352,#5353);
#4567=AXIS2_PLACEMENT_3D('',#6542,#5354,#5355);
#4568=AXIS2_PLACEMENT_3D('',#6544,#5356,#5357);
#4569=AXIS2_PLACEMENT_3D('',#6546,#5358,#5359);
#4570=AXIS2_PLACEMENT_3D('',#6548,#5360,#5361);
#4571=AXIS2_PLACEMENT_3D('',#6550,#5362,#5363);
#4572=AXIS2_PLACEMENT_3D('',#6552,#5364,#5365);
#4573=AXIS2_PLACEMENT_3D('',#6554,#5366,#5367);
#4574=AXIS2_PLACEMENT_3D('',#6556,#5368,#5369);
#4575=AXIS2_PLACEMENT_3D('',#6558,#5370,#5371);
#4576=AXIS2_PLACEMENT_3D('',#6560,#5372,#5373);
#4577=AXIS2_PLACEMENT_3D('',#6562,#5374,#5375);
#4578=AXIS2_PLACEMENT_3D('',#6564,#5376,#5377);
#4579=AXIS2_PLACEMENT_3D('',#6566,#5378,#5379);
#4580=AXIS2_PLACEMENT_3D('',#6568,#5380,#5381);
#4581=AXIS2_PLACEMENT_3D('',#6570,#5382,#5383);
#4582=AXIS2_PLACEMENT_3D('',#6572,#5384,#5385);
#4583=AXIS2_PLACEMENT_3D('',#6574,#5386,#5387);
#4584=AXIS2_PLACEMENT_3D('',#6576,#5388,#5389);
#4585=AXIS2_PLACEMENT_3D('',#6578,#5390,#5391);
#4586=AXIS2_PLACEMENT_3D('',#6580,#5392,#5393);
#4587=AXIS2_PLACEMENT_3D('',#6582,#5394,#5395);
#4588=AXIS2_PLACEMENT_3D('',#6584,#5396,#5397);
#4589=AXIS2_PLACEMENT_3D('',#6586,#5398,#5399);
#4590=AXIS2_PLACEMENT_3D('',#6588,#5400,#5401);
#4591=AXIS2_PLACEMENT_3D('',#6590,#5402,#5403);
#4592=AXIS2_PLACEMENT_3D('',#6592,#5404,#5405);
#4593=AXIS2_PLACEMENT_3D('',#6594,#5406,#5407);
#4594=AXIS2_PLACEMENT_3D('',#6596,#5408,#5409);
#4595=AXIS2_PLACEMENT_3D('',#6599,#5410,#5411);
#4596=AXIS2_PLACEMENT_3D('',#6603,#5413,#5414);
#4597=AXIS2_PLACEMENT_3D('',#6606,#5416,#5417);
#4598=AXIS2_PLACEMENT_3D('',#6609,#5418,#5419);
#4599=AXIS2_PLACEMENT_3D('',#6613,#5421,#5422);
#4600=AXIS2_PLACEMENT_3D('',#6616,#5424,#5425);
#4601=AXIS2_PLACEMENT_3D('',#6617,#5426,#5427);
#4602=AXIS2_PLACEMENT_3D('',#6620,#5429,#5430);
#4603=AXIS2_PLACEMENT_3D('',#6622,#5431,#5432);
#4604=AXIS2_PLACEMENT_3D('',#6624,#5433,#5434);
#4605=AXIS2_PLACEMENT_3D('',#6626,#5435,#5436);
#4606=AXIS2_PLACEMENT_3D('',#6628,#5437,#5438);
#4607=AXIS2_PLACEMENT_3D('',#6630,#5439,#5440);
#4608=AXIS2_PLACEMENT_3D('',#6632,#5441,#5442);
#4609=AXIS2_PLACEMENT_3D('',#6634,#5443,#5444);
#4610=AXIS2_PLACEMENT_3D('',#6636,#5445,#5446);
#4611=AXIS2_PLACEMENT_3D('',#6638,#5447,#5448);
#4612=AXIS2_PLACEMENT_3D('',#6640,#5449,#5450);
#4613=AXIS2_PLACEMENT_3D('',#6642,#5451,#5452);
#4614=AXIS2_PLACEMENT_3D('',#6644,#5453,#5454);
#4615=AXIS2_PLACEMENT_3D('',#6646,#5455,#5456);
#4616=AXIS2_PLACEMENT_3D('',#6648,#5457,#5458);
#4617=AXIS2_PLACEMENT_3D('',#6650,#5459,#5460);
#4618=AXIS2_PLACEMENT_3D('',#6652,#5461,#5462);
#4619=AXIS2_PLACEMENT_3D('',#6654,#5463,#5464);
#4620=AXIS2_PLACEMENT_3D('',#6656,#5465,#5466);
#4621=AXIS2_PLACEMENT_3D('',#6658,#5467,#5468);
#4622=AXIS2_PLACEMENT_3D('',#6660,#5469,#5470);
#4623=AXIS2_PLACEMENT_3D('',#6662,#5471,#5472);
#4624=AXIS2_PLACEMENT_3D('',#6664,#5473,#5474);
#4625=AXIS2_PLACEMENT_3D('',#6666,#5475,#5476);
#4626=AXIS2_PLACEMENT_3D('',#6668,#5477,#5478);
#4627=AXIS2_PLACEMENT_3D('',#6670,#5479,#5480);
#4628=AXIS2_PLACEMENT_3D('',#6672,#5481,#5482);
#4629=AXIS2_PLACEMENT_3D('',#6674,#5483,#5484);
#4630=AXIS2_PLACEMENT_3D('',#6676,#5485,#5486);
#4631=AXIS2_PLACEMENT_3D('',#6678,#5487,#5488);
#4632=AXIS2_PLACEMENT_3D('',#6680,#5489,#5490);
#4633=AXIS2_PLACEMENT_3D('',#6682,#5491,#5492);
#4634=AXIS2_PLACEMENT_3D('',#6684,#5493,#5494);
#4635=AXIS2_PLACEMENT_3D('',#6686,#5495,#5496);
#4636=AXIS2_PLACEMENT_3D('',#6688,#5497,#5498);
#4637=AXIS2_PLACEMENT_3D('',#6690,#5499,#5500);
#4638=AXIS2_PLACEMENT_3D('',#6692,#5501,#5502);
#4639=AXIS2_PLACEMENT_3D('',#6694,#5503,#5504);
#4640=AXIS2_PLACEMENT_3D('',#6696,#5505,#5506);
#4641=AXIS2_PLACEMENT_3D('',#6698,#5507,#5508);
#4642=AXIS2_PLACEMENT_3D('',#6700,#5509,#5510);
#4643=AXIS2_PLACEMENT_3D('',#6702,#5511,#5512);
#4644=AXIS2_PLACEMENT_3D('',#6704,#5513,#5514);
#4645=AXIS2_PLACEMENT_3D('',#6706,#5515,#5516);
#4646=AXIS2_PLACEMENT_3D('',#6708,#5517,#5518);
#4647=AXIS2_PLACEMENT_3D('',#6710,#5519,#5520);
#4648=AXIS2_PLACEMENT_3D('',#6712,#5521,#5522);
#4649=AXIS2_PLACEMENT_3D('',#6715,#5523,#5524);
#4650=AXIS2_PLACEMENT_3D('',#6719,#5526,#5527);
#4651=AXIS2_PLACEMENT_3D('',#6722,#5529,#5530);
#4652=AXIS2_PLACEMENT_3D('',#6725,#5531,#5532);
#4653=AXIS2_PLACEMENT_3D('',#6729,#5534,#5535);
#4654=AXIS2_PLACEMENT_3D('',#6732,#5537,#5538);
#4655=AXIS2_PLACEMENT_3D('',#6733,#5539,#5540);
#4656=AXIS2_PLACEMENT_3D('',#6734,#5541,#5542);
#4657=AXIS2_PLACEMENT_3D('',#6736,#5544,#5545);
#4658=AXIS2_PLACEMENT_3D('',#6738,#5547,#5548);
#4659=AXIS2_PLACEMENT_3D('',#6740,#5550,#5551);
#4660=AXIS2_PLACEMENT_3D('',#6742,#5553,#5554);
#4661=AXIS2_PLACEMENT_3D('',#6744,#5556,#5557);
#4662=AXIS2_PLACEMENT_3D('',#6746,#5559,#5560);
#4663=AXIS2_PLACEMENT_3D('',#6748,#5562,#5563);
#4664=AXIS2_PLACEMENT_3D('',#6750,#5565,#5566);
#4665=AXIS2_PLACEMENT_3D('',#6752,#5568,#5569);
#4666=AXIS2_PLACEMENT_3D('',#6754,#5571,#5572);
#4667=AXIS2_PLACEMENT_3D('',#6756,#5574,#5575);
#4668=AXIS2_PLACEMENT_3D('',#6758,#5577,#5578);
#4669=AXIS2_PLACEMENT_3D('',#6760,#5580,#5581);
#4670=AXIS2_PLACEMENT_3D('',#6762,#5583,#5584);
#4671=AXIS2_PLACEMENT_3D('',#6764,#5586,#5587);
#4672=AXIS2_PLACEMENT_3D('',#6766,#5589,#5590);
#4673=AXIS2_PLACEMENT_3D('',#6768,#5592,#5593);
#4674=AXIS2_PLACEMENT_3D('',#6770,#5595,#5596);
#4675=AXIS2_PLACEMENT_3D('',#6772,#5598,#5599);
#4676=AXIS2_PLACEMENT_3D('',#6774,#5601,#5602);
#4677=AXIS2_PLACEMENT_3D('',#6776,#5604,#5605);
#4678=AXIS2_PLACEMENT_3D('',#6778,#5607,#5608);
#4679=AXIS2_PLACEMENT_3D('',#6780,#5610,#5611);
#4680=AXIS2_PLACEMENT_3D('',#6782,#5613,#5614);
#4681=AXIS2_PLACEMENT_3D('',#6784,#5616,#5617);
#4682=AXIS2_PLACEMENT_3D('',#6786,#5619,#5620);
#4683=AXIS2_PLACEMENT_3D('',#6788,#5622,#5623);
#4684=AXIS2_PLACEMENT_3D('',#6790,#5625,#5626);
#4685=AXIS2_PLACEMENT_3D('',#6792,#5628,#5629);
#4686=AXIS2_PLACEMENT_3D('',#6794,#5631,#5632);
#4687=AXIS2_PLACEMENT_3D('',#6796,#5634,#5635);
#4688=AXIS2_PLACEMENT_3D('',#6798,#5637,#5638);
#4689=AXIS2_PLACEMENT_3D('',#6800,#5640,#5641);
#4690=AXIS2_PLACEMENT_3D('',#6802,#5643,#5644);
#4691=AXIS2_PLACEMENT_3D('',#6804,#5646,#5647);
#4692=AXIS2_PLACEMENT_3D('',#6806,#5649,#5650);
#4693=AXIS2_PLACEMENT_3D('',#6808,#5652,#5653);
#4694=AXIS2_PLACEMENT_3D('',#6810,#5655,#5656);
#4695=AXIS2_PLACEMENT_3D('',#6812,#5658,#5659);
#4696=AXIS2_PLACEMENT_3D('',#6814,#5661,#5662);
#4697=AXIS2_PLACEMENT_3D('',#6816,#5664,#5665);
#4698=AXIS2_PLACEMENT_3D('',#6818,#5667,#5668);
#4699=AXIS2_PLACEMENT_3D('',#6820,#5670,#5671);
#4700=AXIS2_PLACEMENT_3D('',#6822,#5673,#5674);
#4701=AXIS2_PLACEMENT_3D('',#6824,#5676,#5677);
#4702=AXIS2_PLACEMENT_3D('',#6826,#5679,#5680);
#4703=AXIS2_PLACEMENT_3D('',#6828,#5682,#5683);
#4704=AXIS2_PLACEMENT_3D('',#6831,#5686,#5687);
#4705=AXIS2_PLACEMENT_3D('',#6833,#5689,#5690);
#4706=AXIS2_PLACEMENT_3D('',#6835,#5692,#5693);
#4707=AXIS2_PLACEMENT_3D('',#6836,#5694,#5695);
#4708=AXIS2_PLACEMENT_3D('',#6838,#5697,#5698);
#4709=AXIS2_PLACEMENT_3D('',#6841,#5701,#5702);
#4710=AXIS2_PLACEMENT_3D('',#6843,#5704,#5705);
#4711=AXIS2_PLACEMENT_3D('',#6845,#5707,#5708);
#4712=AXIS2_PLACEMENT_3D('',#6846,#5709,#5710);
#4713=AXIS2_PLACEMENT_3D('',#6848,#5712,#5713);
#4714=AXIS2_PLACEMENT_3D('',#6849,#5714,#5715);
#4715=AXIS2_PLACEMENT_3D('',#6850,#5716,#5717);
#4716=AXIS2_PLACEMENT_3D('',#6851,#5718,#5719);
#4717=AXIS2_PLACEMENT_3D('',#6860,#5724,#5725);
#4718=AXIS2_PLACEMENT_3D('',#6866,#5729,#5730);
#4719=AXIS2_PLACEMENT_3D('',#6872,#5734,#5735);
#4720=AXIS2_PLACEMENT_3D('',#6875,#5738,#5739);
#4721=AXIS2_PLACEMENT_3D('',#6884,#5744,#5745);
#4722=AXIS2_PLACEMENT_3D('',#6890,#5749,#5750);
#4723=AXIS2_PLACEMENT_3D('',#6896,#5754,#5755);
#4724=AXIS2_PLACEMENT_3D('',#6899,#5758,#5759);
#4725=AXIS2_PLACEMENT_3D('',#6908,#5764,#5765);
#4726=AXIS2_PLACEMENT_3D('',#6914,#5769,#5770);
#4727=AXIS2_PLACEMENT_3D('',#6920,#5774,#5775);
#4728=AXIS2_PLACEMENT_3D('',#6923,#5778,#5779);
#4729=AXIS2_PLACEMENT_3D('',#6932,#5784,#5785);
#4730=AXIS2_PLACEMENT_3D('',#6938,#5789,#5790);
#4731=AXIS2_PLACEMENT_3D('',#6944,#5794,#5795);
#4732=AXIS2_PLACEMENT_3D('',#6947,#5798,#5799);
#4733=AXIS2_PLACEMENT_3D('',#6956,#5804,#5805);
#4734=AXIS2_PLACEMENT_3D('',#6962,#5809,#5810);
#4735=AXIS2_PLACEMENT_3D('',#6968,#5814,#5815);
#4736=AXIS2_PLACEMENT_3D('',#6971,#5818,#5819);
#4737=AXIS2_PLACEMENT_3D('',#6980,#5824,#5825);
#4738=AXIS2_PLACEMENT_3D('',#6986,#5829,#5830);
#4739=AXIS2_PLACEMENT_3D('',#6992,#5834,#5835);
#4740=AXIS2_PLACEMENT_3D('',#6995,#5838,#5839);
#4741=AXIS2_PLACEMENT_3D('',#7004,#5844,#5845);
#4742=AXIS2_PLACEMENT_3D('',#7010,#5849,#5850);
#4743=AXIS2_PLACEMENT_3D('',#7016,#5854,#5855);
#4744=AXIS2_PLACEMENT_3D('',#7019,#5858,#5859);
#4745=AXIS2_PLACEMENT_3D('',#7021,#5860,#5861);
#4746=AXIS2_PLACEMENT_3D('',#7024,#5863,#5864);
#4747=AXIS2_PLACEMENT_3D('',#7025,#5865,#5866);
#4748=AXIS2_PLACEMENT_3D('',#7027,#5867,#5868);
#4749=AXIS2_PLACEMENT_3D('',#7030,#5870,#5871);
#4750=AXIS2_PLACEMENT_3D('',#7031,#5872,#5873);
#4751=AXIS2_PLACEMENT_3D('',#7033,#5874,#5875);
#4752=AXIS2_PLACEMENT_3D('',#7036,#5877,#5878);
#4753=AXIS2_PLACEMENT_3D('',#7037,#5879,#5880);
#4754=AXIS2_PLACEMENT_3D('',#7039,#5881,#5882);
#4755=AXIS2_PLACEMENT_3D('',#7042,#5884,#5885);
#4756=AXIS2_PLACEMENT_3D('',#7043,#5886,#5887);
#4757=AXIS2_PLACEMENT_3D('',#7052,#5892,#5893);
#4758=AXIS2_PLACEMENT_3D('',#7058,#5897,#5898);
#4759=AXIS2_PLACEMENT_3D('',#7064,#5902,#5903);
#4760=AXIS2_PLACEMENT_3D('',#7067,#5906,#5907);
#4761=AXIS2_PLACEMENT_3D('',#7068,#5908,#5909);
#4762=AXIS2_PLACEMENT_3D('',#7069,#5910,#5911);
#4763=AXIS2_PLACEMENT_3D('',#7070,#5912,#5913);
#4764=AXIS2_PLACEMENT_3D('',#7071,#5914,#5915);
#4765=DIRECTION('axis',(0.,0.,1.));
#4766=DIRECTION('refdir',(1.,0.,0.));
#4767=DIRECTION('axis',(0.,0.,1.));
#4768=DIRECTION('refdir',(1.,0.,0.));
#4769=DIRECTION('center_axis',(-1.,0.,0.));
#4770=DIRECTION('ref_axis',(0.,0.,-1.));
#4771=DIRECTION('',(0.,0.,-1.));
#4772=DIRECTION('',(0.,-1.,0.));
#4773=DIRECTION('',(0.,0.,1.));
#4774=DIRECTION('',(0.,-1.,0.));
#4775=DIRECTION('center_axis',(0.,0.,1.));
#4776=DIRECTION('ref_axis',(-1.,0.,0.));
#4777=DIRECTION('',(-1.,0.,0.));
#4778=DIRECTION('',(0.,-1.,0.));
#4779=DIRECTION('',(1.,0.,0.));
#4780=DIRECTION('center_axis',(1.,0.,0.));
#4781=DIRECTION('ref_axis',(0.,0.,1.));
#4782=DIRECTION('',(0.,0.,1.));
#4783=DIRECTION('',(0.,-1.,0.));
#4784=DIRECTION('',(0.,0.,-1.));
#4785=DIRECTION('center_axis',(0.,-1.,0.));
#4786=DIRECTION('ref_axis',(1.,0.,0.));
#4787=DIRECTION('',(1.,0.,0.));
#4788=DIRECTION('',(0.,0.,1.));
#4789=DIRECTION('',(1.,0.,0.));
#4790=DIRECTION('',(0.,0.,1.));
#4791=DIRECTION('',(1.,0.,0.));
#4792=DIRECTION('center_axis',(0.,0.,-1.));
#4793=DIRECTION('ref_axis',(-1.,0.,0.));
#4794=DIRECTION('center_axis',(0.,0.,-1.));
#4795=DIRECTION('ref_axis',(-1.,0.,0.));
#4796=DIRECTION('',(0.,0.,-1.));
#4797=DIRECTION('center_axis',(0.,0.,1.));
#4798=DIRECTION('ref_axis',(-1.,0.,0.));
#4799=DIRECTION('center_axis',(0.,0.,-1.));
#4800=DIRECTION('ref_axis',(-1.,0.,0.));
#4801=DIRECTION('center_axis',(0.,0.,-1.));
#4802=DIRECTION('ref_axis',(-1.,0.,0.));
#4803=DIRECTION('',(0.,0.,-1.));
#4804=DIRECTION('center_axis',(0.,0.,1.));
#4805=DIRECTION('ref_axis',(-1.,0.,0.));
#4806=DIRECTION('center_axis',(0.,0.,-1.));
#4807=DIRECTION('ref_axis',(-1.,0.,0.));
#4808=DIRECTION('center_axis',(0.,0.,-1.));
#4809=DIRECTION('ref_axis',(-1.,0.,0.));
#4810=DIRECTION('',(0.,0.,-1.));
#4811=DIRECTION('center_axis',(0.,0.,1.));
#4812=DIRECTION('ref_axis',(-1.,0.,0.));
#4813=DIRECTION('center_axis',(0.,0.,-1.));
#4814=DIRECTION('ref_axis',(-1.,0.,0.));
#4815=DIRECTION('center_axis',(0.,0.,-1.));
#4816=DIRECTION('ref_axis',(-1.,0.,0.));
#4817=DIRECTION('',(0.,0.,-1.));
#4818=DIRECTION('center_axis',(0.,0.,1.));
#4819=DIRECTION('ref_axis',(-1.,0.,0.));
#4820=DIRECTION('center_axis',(0.,0.,1.));
#4821=DIRECTION('ref_axis',(1.,0.,0.));
#4822=DIRECTION('',(-1.,0.,0.));
#4823=DIRECTION('',(0.,-1.,0.));
#4824=DIRECTION('',(1.,0.,0.));
#4825=DIRECTION('',(0.,1.,0.));
#4826=DIRECTION('center_axis',(-1.,0.,0.));
#4827=DIRECTION('ref_axis',(0.,-1.,0.));
#4828=DIRECTION('',(0.,0.,1.));
#4829=DIRECTION('',(0.,-1.,0.));
#4830=DIRECTION('center_axis',(1.,0.,0.));
#4831=DIRECTION('ref_axis',(0.,1.,0.));
#4832=DIRECTION('',(0.,1.,0.));
#4833=DIRECTION('',(0.,0.,1.));
#4834=DIRECTION('center_axis',(0.,1.,0.));
#4835=DIRECTION('ref_axis',(-1.,0.,0.));
#4836=DIRECTION('',(-1.,0.,0.));
#4837=DIRECTION('center_axis',(-1.,0.,0.));
#4838=DIRECTION('ref_axis',(0.,-1.,0.));
#4839=DIRECTION('',(0.,1.,0.));
#4840=DIRECTION('',(0.,0.,1.));
#4841=DIRECTION('',(0.,-1.,0.));
#4842=DIRECTION('',(0.,0.,1.));
#4843=DIRECTION('center_axis',(0.,1.,0.));
#4844=DIRECTION('ref_axis',(-1.,0.,0.));
#4845=DIRECTION('',(1.,0.,0.));
#4846=DIRECTION('',(-1.,0.,0.));
#4847=DIRECTION('',(0.,0.,1.));
#4848=DIRECTION('center_axis',(1.,0.,0.));
#4849=DIRECTION('ref_axis',(0.,1.,0.));
#4850=DIRECTION('',(0.,-1.,0.));
#4851=DIRECTION('',(0.,1.,0.));
#4852=DIRECTION('',(0.,0.,1.));
#4853=DIRECTION('center_axis',(0.,-1.,0.));
#4854=DIRECTION('ref_axis',(1.,0.,0.));
#4855=DIRECTION('',(-1.,0.,0.));
#4856=DIRECTION('',(1.,0.,0.));
#4857=DIRECTION('center_axis',(0.,0.,1.));
#4858=DIRECTION('ref_axis',(1.,0.,0.));
#4859=DIRECTION('center_axis',(0.,0.,1.));
#4860=DIRECTION('ref_axis',(1.,0.,0.));
#4861=DIRECTION('axis',(0.,0.,1.));
#4862=DIRECTION('refdir',(1.,0.,0.));
#4863=DIRECTION('axis',(0.,0.,1.));
#4864=DIRECTION('refdir',(1.,0.,0.));
#4865=DIRECTION('axis',(0.,0.,1.));
#4866=DIRECTION('refdir',(1.,0.,0.));
#4867=DIRECTION('center_axis',(-1.224646799147E-16,-1.,0.));
#4868=DIRECTION('ref_axis',(-1.,1.224646799147E-16,0.));
#4869=DIRECTION('',(0.,0.,1.));
#4870=DIRECTION('',(-1.,1.224646799147E-16,0.));
#4871=DIRECTION('',(0.,0.,1.));
#4872=DIRECTION('',(-1.,1.224646799147E-16,0.));
#4873=DIRECTION('center_axis',(-1.,1.224646799147E-16,0.));
#4874=DIRECTION('ref_axis',(1.224646799147E-16,1.,0.));
#4875=DIRECTION('',(1.224646799147E-16,1.,0.));
#4876=DIRECTION('',(-1.359631073447E-32,-1.110223024625E-16,1.));
#4877=DIRECTION('',(1.224646799147E-16,1.,1.110223024625E-16));
#4878=DIRECTION('',(1.359631073447E-32,1.110223024625E-16,-1.));
#4879=DIRECTION('',(1.224646799147E-16,1.,0.));
#4880=DIRECTION('',(1.224646799147E-16,1.,0.));
#4881=DIRECTION('center_axis',(-1.,2.22044604925E-16,1.110223024625E-16));
#4882=DIRECTION('ref_axis',(-2.22044604925E-16,-1.,-1.110223024625E-16));
#4883=DIRECTION('',(1.224646799147E-16,1.,0.));
#4884=DIRECTION('',(0.,0.,1.));
#4885=DIRECTION('center_axis',(1.,-1.224646799147E-16,0.));
#4886=DIRECTION('ref_axis',(-1.224646799147E-16,-1.,0.));
#4887=DIRECTION('',(-1.224646799147E-16,-1.,0.));
#4888=DIRECTION('',(-1.110223024625E-16,1.110223024625E-16,-1.));
#4889=DIRECTION('',(2.22044604925E-16,1.,1.110223024625E-16));
#4890=DIRECTION('',(1.110223024625E-16,-1.110223024625E-16,1.));
#4891=DIRECTION('',(-1.224646799147E-16,-1.,0.));
#4892=DIRECTION('',(0.,0.,1.));
#4893=DIRECTION('',(-1.224646799147E-16,-1.,0.));
#4894=DIRECTION('center_axis',(-1.,2.22044604925E-16,1.110223024625E-16));
#4895=DIRECTION('ref_axis',(-2.22044604925E-16,-1.,-1.110223024625E-16));
#4896=DIRECTION('',(-1.224646799147E-16,-1.,0.));
#4897=DIRECTION('center_axis',(0.,0.,-1.));
#4898=DIRECTION('ref_axis',(-1.,0.,0.));
#4899=DIRECTION('',(1.,-1.110223024625E-16,-1.110223024625E-16));
#4900=DIRECTION('',(1.224646799147E-16,1.,0.));
#4901=DIRECTION('',(-1.,1.224646799147E-16,0.));
#4902=DIRECTION('',(-1.224646799147E-16,-1.,0.));
#4903=DIRECTION('center_axis',(0.,0.,1.));
#4904=DIRECTION('ref_axis',(-1.,1.224646799147E-16,0.));
#4905=DIRECTION('center_axis',(0.,0.,-1.));
#4906=DIRECTION('ref_axis',(-1.,0.,0.));
#4907=DIRECTION('',(1.,-1.110223024625E-16,-1.110223024625E-16));
#4908=DIRECTION('',(-1.,1.224646799147E-16,0.));
#4909=DIRECTION('',(1.224646799147E-16,1.,0.));
#4910=DIRECTION('',(1.,-1.224646799147E-16,0.));
#4911=DIRECTION('',(-1.224646799147E-16,-1.,0.));
#4912=DIRECTION('',(-1.224646799147E-16,-1.,0.));
#4913=DIRECTION('',(-1.,1.224646799147E-16,0.));
#4914=DIRECTION('',(1.224646799147E-16,1.,0.));
#4915=DIRECTION('',(1.,-1.224646799147E-16,0.));
#4916=DIRECTION('',(1.224646799147E-16,1.,0.));
#4917=DIRECTION('',(1.,-1.224646799147E-16,0.));
#4918=DIRECTION('',(-1.224646799147E-16,-1.,0.));
#4919=DIRECTION('',(-1.,1.224646799147E-16,0.));
#4920=DIRECTION('',(-1.,1.224646799147E-16,0.));
#4921=DIRECTION('',(1.224646799147E-16,1.,0.));
#4922=DIRECTION('',(1.,-1.224646799147E-16,0.));
#4923=DIRECTION('',(-1.224646799147E-16,-1.,0.));
#4924=DIRECTION('center_axis',(0.,0.,-1.));
#4925=DIRECTION('ref_axis',(-1.,0.,0.));
#4926=DIRECTION('',(1.,-1.110223024625E-16,-1.110223024625E-16));
#4927=DIRECTION('',(1.,-1.224646799147E-16,0.));
#4928=DIRECTION('center_axis',(-1.110223024625E-16,-1.,-1.110223024625E-16));
#4929=DIRECTION('ref_axis',(1.110223024625E-16,-1.110223024625E-16,1.));
#4930=DIRECTION('',(1.,-1.110223024625E-16,-1.110223024625E-16));
#4931=DIRECTION('center_axis',(1.110223024625E-16,-1.110223024625E-16,1.));
#4932=DIRECTION('ref_axis',(2.22044604925E-16,1.,1.110223024625E-16));
#4933=DIRECTION('',(1.,-1.110223024625E-16,-1.110223024625E-16));
#4934=DIRECTION('',(1.224646799147E-16,1.,1.110223024625E-16));
#4935=DIRECTION('',(-1.,1.224646799147E-16,1.110223024625E-16));
#4936=DIRECTION('',(-1.224646799147E-16,-1.,-1.110223024625E-16));
#4937=DIRECTION('',(1.,-1.224646799147E-16,-1.110223024625E-16));
#4938=DIRECTION('',(1.,-1.224646799147E-16,-1.110223024625E-16));
#4939=DIRECTION('',(1.224646799147E-16,1.,1.110223024625E-16));
#4940=DIRECTION('',(-1.,1.224646799147E-16,1.110223024625E-16));
#4941=DIRECTION('',(-1.224646799147E-16,-1.,-1.110223024625E-16));
#4942=DIRECTION('',(-1.224646799147E-16,-1.,-1.110223024625E-16));
#4943=DIRECTION('',(1.,-1.224646799147E-16,-1.110223024625E-16));
#4944=DIRECTION('',(1.224646799147E-16,1.,1.110223024625E-16));
#4945=DIRECTION('',(-1.,1.224646799147E-16,1.110223024625E-16));
#4946=DIRECTION('',(1.,-1.224646799147E-16,-1.110223024625E-16));
#4947=DIRECTION('',(1.224646799147E-16,1.,1.110223024625E-16));
#4948=DIRECTION('',(-1.,1.224646799147E-16,1.110223024625E-16));
#4949=DIRECTION('',(-1.224646799147E-16,-1.,-1.110223024625E-16));
#4950=DIRECTION('center_axis',(1.110223024625E-16,1.,1.110223024625E-16));
#4951=DIRECTION('ref_axis',(-1.110223024625E-16,1.110223024625E-16,-1.));
#4952=DIRECTION('center_axis',(-1.,2.22044604925E-16,1.110223024625E-16));
#4953=DIRECTION('ref_axis',(-2.22044604925E-16,-1.,-1.110223024625E-16));
#4954=DIRECTION('',(1.,-1.110223024625E-16,-1.110223024625E-16));
#4955=DIRECTION('',(1.,-1.110223024625E-16,-1.110223024625E-16));
#4956=DIRECTION('',(1.,-1.110223024625E-16,-1.110223024625E-16));
#4957=DIRECTION('center_axis',(0.,0.,-1.));
#4958=DIRECTION('ref_axis',(-1.,0.,0.));
#4959=DIRECTION('',(1.224646799147E-16,1.,0.));
#4960=DIRECTION('',(1.,-1.224646799147E-16,0.));
#4961=DIRECTION('center_axis',(1.224646799147E-16,1.,0.));
#4962=DIRECTION('ref_axis',(1.,-1.224646799147E-16,0.));
#4963=DIRECTION('',(1.,-1.224646799147E-16,0.));
#4964=DIRECTION('',(1.,-1.224646799147E-16,0.));
#4965=DIRECTION('center_axis',(0.,0.,-1.));
#4966=DIRECTION('ref_axis',(-1.,0.,0.));
#4967=DIRECTION('',(-1.224646799147E-16,-1.,0.));
#4968=DIRECTION('center_axis',(1.,-1.224646799147E-16,0.));
#4969=DIRECTION('ref_axis',(1.224646799147E-16,1.,0.));
#4970=DIRECTION('',(0.,0.,-1.));
#4971=DIRECTION('',(1.224646799147E-16,1.,0.));
#4972=DIRECTION('',(0.,0.,-1.));
#4973=DIRECTION('center_axis',(0.,0.,1.));
#4974=DIRECTION('ref_axis',(-1.,1.224646799147E-16,0.));
#4975=DIRECTION('',(0.,0.,-1.));
#4976=DIRECTION('center_axis',(0.,0.,1.));
#4977=DIRECTION('ref_axis',(-1.,1.224646799147E-16,0.));
#4978=DIRECTION('center_axis',(-1.,1.224646799147E-16,0.));
#4979=DIRECTION('ref_axis',(-1.224646799147E-16,-1.,0.));
#4980=DIRECTION('',(0.,0.,-1.));
#4981=DIRECTION('',(-1.224646799147E-16,-1.,0.));
#4982=DIRECTION('center_axis',(1.224646799147E-16,1.,0.));
#4983=DIRECTION('ref_axis',(-1.,1.224646799147E-16,0.));
#4984=DIRECTION('',(-1.,1.224646799147E-16,0.));
#4985=DIRECTION('center_axis',(-1.224646799147E-16,-1.,0.));
#4986=DIRECTION('ref_axis',(-1.,1.224646799147E-16,0.));
#4987=DIRECTION('',(0.,0.,1.));
#4988=DIRECTION('',(-1.,1.224646799147E-16,0.));
#4989=DIRECTION('',(0.,0.,1.));
#4990=DIRECTION('center_axis',(1.,-1.224646799147E-16,0.));
#4991=DIRECTION('ref_axis',(-1.224646799147E-16,-1.,0.));
#4992=DIRECTION('',(0.,0.,1.));
#4993=DIRECTION('',(-1.224646799147E-16,-1.,0.));
#4994=DIRECTION('center_axis',(-1.,1.224646799147E-16,0.));
#4995=DIRECTION('ref_axis',(1.224646799147E-16,1.,0.));
#4996=DIRECTION('',(1.224646799147E-16,1.,0.));
#4997=DIRECTION('',(0.,0.,1.));
#4998=DIRECTION('center_axis',(1.224646799147E-16,1.,0.));
#4999=DIRECTION('ref_axis',(1.,-1.224646799147E-16,0.));
#5000=DIRECTION('',(1.,-1.224646799147E-16,0.));
#5001=DIRECTION('center_axis',(1.,-1.224646799147E-16,0.));
#5002=DIRECTION('ref_axis',(-1.224646799147E-16,-1.,0.));
#5003=DIRECTION('',(0.,0.,1.));
#5004=DIRECTION('',(-1.224646799147E-16,-1.,0.));
#5005=DIRECTION('',(0.,0.,1.));
#5006=DIRECTION('center_axis',(1.224646799147E-16,1.,0.));
#5007=DIRECTION('ref_axis',(1.,-1.224646799147E-16,0.));
#5008=DIRECTION('',(0.,0.,1.));
#5009=DIRECTION('',(1.,-1.224646799147E-16,0.));
#5010=DIRECTION('center_axis',(-1.224646799147E-16,-1.,0.));
#5011=DIRECTION('ref_axis',(-1.,1.224646799147E-16,0.));
#5012=DIRECTION('',(-1.,1.224646799147E-16,0.));
#5013=DIRECTION('',(0.,0.,1.));
#5014=DIRECTION('center_axis',(-1.,1.224646799147E-16,0.));
#5015=DIRECTION('ref_axis',(1.224646799147E-16,1.,0.));
#5016=DIRECTION('',(1.224646799147E-16,1.,0.));
#5017=DIRECTION('center_axis',(-1.,1.224646799147E-16,0.));
#5018=DIRECTION('ref_axis',(1.224646799147E-16,1.,0.));
#5019=DIRECTION('',(0.,0.,1.));
#5020=DIRECTION('',(1.224646799147E-16,1.,0.));
#5021=DIRECTION('',(0.,0.,1.));
#5022=DIRECTION('center_axis',(-1.224646799147E-16,-1.,0.));
#5023=DIRECTION('ref_axis',(-1.,1.224646799147E-16,0.));
#5024=DIRECTION('',(0.,0.,1.));
#5025=DIRECTION('',(-1.,1.224646799147E-16,0.));
#5026=DIRECTION('center_axis',(1.224646799147E-16,1.,0.));
#5027=DIRECTION('ref_axis',(1.,-1.224646799147E-16,0.));
#5028=DIRECTION('',(1.,-1.224646799147E-16,0.));
#5029=DIRECTION('',(0.,0.,1.));
#5030=DIRECTION('center_axis',(1.,-1.224646799147E-16,0.));
#5031=DIRECTION('ref_axis',(-1.224646799147E-16,-1.,0.));
#5032=DIRECTION('',(-1.224646799147E-16,-1.,0.));
#5033=DIRECTION('center_axis',(-1.224646799147E-16,-1.,0.));
#5034=DIRECTION('ref_axis',(-1.,1.224646799147E-16,0.));
#5035=DIRECTION('',(0.,0.,1.));
#5036=DIRECTION('',(-1.,1.224646799147E-16,0.));
#5037=DIRECTION('',(0.,0.,1.));
#5038=DIRECTION('center_axis',(-1.,1.224646799147E-16,0.));
#5039=DIRECTION('ref_axis',(1.224646799147E-16,1.,0.));
#5040=DIRECTION('',(1.224646799147E-16,1.,0.));
#5041=DIRECTION('',(0.,0.,1.));
#5042=DIRECTION('center_axis',(1.224646799147E-16,1.,0.));
#5043=DIRECTION('ref_axis',(1.,-1.224646799147E-16,0.));
#5044=DIRECTION('',(1.,-1.224646799147E-16,0.));
#5045=DIRECTION('',(0.,0.,1.));
#5046=DIRECTION('center_axis',(1.,-1.224646799147E-16,0.));
#5047=DIRECTION('ref_axis',(-1.224646799147E-16,-1.,0.));
#5048=DIRECTION('',(-1.224646799147E-16,-1.,0.));
#5049=DIRECTION('center_axis',(1.,-1.224646799147E-16,0.));
#5050=DIRECTION('ref_axis',(-1.224646799147E-16,-1.,0.));
#5051=DIRECTION('',(-1.224646799147E-16,-1.,0.));
#5052=DIRECTION('',(0.,0.,1.));
#5053=DIRECTION('',(0.,0.,1.));
#5054=DIRECTION('center_axis',(-1.224646799147E-16,-1.,0.));
#5055=DIRECTION('ref_axis',(-1.,1.224646799147E-16,0.));
#5056=DIRECTION('',(-1.,1.224646799147E-16,0.));
#5057=DIRECTION('',(0.,0.,1.));
#5058=DIRECTION('center_axis',(1.224646799147E-16,1.,0.));
#5059=DIRECTION('ref_axis',(1.,-1.224646799147E-16,0.));
#5060=DIRECTION('',(1.,-1.224646799147E-16,0.));
#5061=DIRECTION('',(0.,0.,1.));
#5062=DIRECTION('center_axis',(-1.,1.224646799147E-16,0.));
#5063=DIRECTION('ref_axis',(1.224646799147E-16,1.,0.));
#5064=DIRECTION('',(1.224646799147E-16,1.,0.));
#5065=DIRECTION('center_axis',(-1.224646799147E-16,-1.,0.));
#5066=DIRECTION('ref_axis',(-1.,1.224646799147E-16,0.));
#5067=DIRECTION('',(-1.,1.224646799147E-16,0.));
#5068=DIRECTION('',(0.,0.,1.));
#5069=DIRECTION('',(0.,0.,1.));
#5070=DIRECTION('center_axis',(-1.,1.224646799147E-16,0.));
#5071=DIRECTION('ref_axis',(1.224646799147E-16,1.,0.));
#5072=DIRECTION('',(1.224646799147E-16,1.,0.));
#5073=DIRECTION('',(0.,0.,1.));
#5074=DIRECTION('center_axis',(1.,-1.224646799147E-16,0.));
#5075=DIRECTION('ref_axis',(-1.224646799147E-16,-1.,0.));
#5076=DIRECTION('',(-1.224646799147E-16,-1.,0.));
#5077=DIRECTION('',(0.,0.,1.));
#5078=DIRECTION('center_axis',(1.224646799147E-16,1.,0.));
#5079=DIRECTION('ref_axis',(1.,-1.224646799147E-16,0.));
#5080=DIRECTION('',(1.,-1.224646799147E-16,0.));
#5081=DIRECTION('center_axis',(-1.,1.224646799147E-16,0.));
#5082=DIRECTION('ref_axis',(1.224646799147E-16,1.,0.));
#5083=DIRECTION('',(1.224646799147E-16,1.,0.));
#5084=DIRECTION('',(0.,0.,1.));
#5085=DIRECTION('',(0.,0.,1.));
#5086=DIRECTION('center_axis',(1.224646799147E-16,1.,0.));
#5087=DIRECTION('ref_axis',(1.,-1.224646799147E-16,0.));
#5088=DIRECTION('',(1.,-1.224646799147E-16,0.));
#5089=DIRECTION('',(0.,0.,1.));
#5090=DIRECTION('center_axis',(-1.224646799147E-16,-1.,0.));
#5091=DIRECTION('ref_axis',(-1.,1.224646799147E-16,0.));
#5092=DIRECTION('',(-1.,1.224646799147E-16,0.));
#5093=DIRECTION('',(0.,0.,1.));
#5094=DIRECTION('center_axis',(1.,-1.224646799147E-16,0.));
#5095=DIRECTION('ref_axis',(-1.224646799147E-16,-1.,0.));
#5096=DIRECTION('',(-1.224646799147E-16,-1.,0.));
#5097=DIRECTION('center_axis',(-1.224646799147E-16,-1.,0.));
#5098=DIRECTION('ref_axis',(-1.,1.224646799147E-16,0.));
#5099=DIRECTION('',(-1.,1.224646799147E-16,0.));
#5100=DIRECTION('',(0.,0.,1.));
#5101=DIRECTION('',(0.,0.,1.));
#5102=DIRECTION('center_axis',(1.,-1.224646799147E-16,0.));
#5103=DIRECTION('ref_axis',(-1.224646799147E-16,-1.,0.));
#5104=DIRECTION('',(-1.224646799147E-16,-1.,0.));
#5105=DIRECTION('',(0.,0.,1.));
#5106=DIRECTION('center_axis',(1.224646799147E-16,1.,0.));
#5107=DIRECTION('ref_axis',(1.,-1.224646799147E-16,0.));
#5108=DIRECTION('',(1.,-1.224646799147E-16,0.));
#5109=DIRECTION('',(0.,0.,1.));
#5110=DIRECTION('center_axis',(-1.,1.224646799147E-16,0.));
#5111=DIRECTION('ref_axis',(1.224646799147E-16,1.,0.));
#5112=DIRECTION('',(1.224646799147E-16,1.,0.));
#5113=DIRECTION('center_axis',(-1.224646799147E-16,-1.,0.));
#5114=DIRECTION('ref_axis',(-1.,1.224646799147E-16,0.));
#5115=DIRECTION('',(0.,0.,1.));
#5116=DIRECTION('',(1.,-1.110223024625E-16,-1.110223024625E-16));
#5117=DIRECTION('',(0.,0.,1.));
#5118=DIRECTION('center_axis',(-1.,1.224646799147E-16,0.));
#5119=DIRECTION('ref_axis',(1.224646799147E-16,1.,0.));
#5120=DIRECTION('',(0.,0.,1.));
#5121=DIRECTION('',(0.,0.,1.));
#5122=DIRECTION('',(1.224646799147E-16,1.,0.));
#5123=DIRECTION('center_axis',(1.224646799147E-16,1.,0.));
#5124=DIRECTION('ref_axis',(1.,-1.224646799147E-16,0.));
#5125=DIRECTION('',(0.,0.,1.));
#5126=DIRECTION('',(1.,-1.224646799147E-16,0.));
#5127=DIRECTION('center_axis',(1.,-1.224646799147E-16,0.));
#5128=DIRECTION('ref_axis',(-1.224646799147E-16,-1.,0.));
#5129=DIRECTION('',(-1.224646799147E-16,-1.,0.));
#5130=DIRECTION('',(0.,0.,1.));
#5131=DIRECTION('center_axis',(0.,0.,-1.));
#5132=DIRECTION('ref_axis',(-1.,0.,0.));
#5133=DIRECTION('center_axis',(-8.48604918785857E-17,-0.707106781186548,
0.707106781186548));
#5134=DIRECTION('ref_axis',(1.,-1.21237769219549E-16,-1.22691069520111E-18));
#5135=DIRECTION('',(-0.577350269189626,0.577350269189626,0.577350269189626));
#5136=DIRECTION('',(-1.,1.224646799147E-16,0.));
#5137=DIRECTION('',(0.577350269189626,0.577350269189626,0.577350269189626));
#5138=DIRECTION('center_axis',(0.707106781186548,-8.65956056234346E-17,
0.707106781186548));
#5139=DIRECTION('ref_axis',(1.22464679914647E-16,1.,-7.39926877194021E-29));
#5140=DIRECTION('',(-0.577350269189626,-0.577350269189626,0.577350269189626));
#5141=DIRECTION('',(-1.224646799147E-16,-1.,0.));
#5142=DIRECTION('center_axis',(-0.707106781186548,8.65956056234346E-17,
0.707106781186548));
#5143=DIRECTION('ref_axis',(-1.22464679914647E-16,-1.,-7.39926877194021E-29));
#5144=DIRECTION('',(1.224646799147E-16,1.,0.));
#5145=DIRECTION('',(0.577350269189626,-0.577350269189626,0.577350269189626));
#5146=DIRECTION('center_axis',(8.48604918785857E-17,0.707106781186548,0.707106781186548));
#5147=DIRECTION('ref_axis',(-1.,1.21237769219549E-16,-1.22691069520111E-18));
#5148=DIRECTION('',(1.,-1.224646799147E-16,0.));
#5149=DIRECTION('center_axis',(0.707106781186548,-8.48604918785857E-17,
0.707106781186548));
#5150=DIRECTION('ref_axis',(1.21237769219549E-16,1.,-1.22691069520111E-18));
#5151=DIRECTION('',(-0.577350269189626,-0.577350269189626,0.577350269189626));
#5152=DIRECTION('',(-1.224646799147E-16,-1.,0.));
#5153=DIRECTION('',(-0.577350269189626,0.577350269189626,0.577350269189626));
#5154=DIRECTION('center_axis',(8.48604918785857E-17,0.707106781186548,0.707106781186548));
#5155=DIRECTION('ref_axis',(-1.,1.21237769219549E-16,-1.22691069520111E-18));
#5156=DIRECTION('',(0.577350269189626,-0.577350269189626,0.577350269189626));
#5157=DIRECTION('',(1.,-1.224646799147E-16,0.));
#5158=DIRECTION('center_axis',(-8.48604918785857E-17,-0.707106781186548,
0.707106781186548));
#5159=DIRECTION('ref_axis',(1.,-1.21237769219549E-16,-1.22691069520111E-18));
#5160=DIRECTION('',(-1.,1.224646799147E-16,0.));
#5161=DIRECTION('',(0.577350269189626,0.577350269189626,0.577350269189626));
#5162=DIRECTION('center_axis',(-0.707106781186548,8.48604918785857E-17,
0.707106781186548));
#5163=DIRECTION('ref_axis',(-1.21237769219549E-16,-1.,-1.22691069520111E-18));
#5164=DIRECTION('',(1.224646799147E-16,1.,0.));
#5165=DIRECTION('center_axis',(-0.707106781186548,8.65956056234346E-17,
0.707106781186548));
#5166=DIRECTION('ref_axis',(-1.22464679914647E-16,-1.,-7.39926877194021E-29));
#5167=DIRECTION('',(0.577350269189626,0.577350269189626,0.577350269189626));
#5168=DIRECTION('',(1.224646799147E-16,1.,0.));
#5169=DIRECTION('',(0.577350269189626,-0.577350269189626,0.577350269189626));
#5170=DIRECTION('center_axis',(-8.48604918785857E-17,-0.707106781186548,
0.707106781186548));
#5171=DIRECTION('ref_axis',(1.,-1.21237769219549E-16,-1.22691069520111E-18));
#5172=DIRECTION('',(-0.577350269189626,0.577350269189626,0.577350269189626));
#5173=DIRECTION('',(-1.,1.224646799147E-16,0.));
#5174=DIRECTION('center_axis',(8.48604918785857E-17,0.707106781186548,0.707106781186548));
#5175=DIRECTION('ref_axis',(-1.,1.21237769219549E-16,-1.22691069520111E-18));
#5176=DIRECTION('',(1.,-1.224646799147E-16,0.));
#5177=DIRECTION('',(-0.577350269189626,-0.577350269189626,0.577350269189626));
#5178=DIRECTION('center_axis',(0.707106781186548,-8.65956056234346E-17,
0.707106781186548));
#5179=DIRECTION('ref_axis',(1.22464679914647E-16,1.,-7.39926877194021E-29));
#5180=DIRECTION('',(-1.224646799147E-16,-1.,0.));
#5181=DIRECTION('center_axis',(-8.48604918785857E-17,-0.707106781186548,
0.707106781186548));
#5182=DIRECTION('ref_axis',(1.,-1.21237769219549E-16,-1.22691069520111E-18));
#5183=DIRECTION('',(-0.577350269189626,0.577350269189626,0.577350269189626));
#5184=DIRECTION('',(-1.,1.224646799147E-16,0.));
#5185=DIRECTION('',(0.577350269189626,0.577350269189626,0.577350269189626));
#5186=DIRECTION('center_axis',(-0.707106781186548,8.65956056234346E-17,
0.707106781186548));
#5187=DIRECTION('ref_axis',(-1.22464679914647E-16,-1.,-7.39926877194021E-29));
#5188=DIRECTION('',(1.224646799147E-16,1.,0.));
#5189=DIRECTION('',(0.577350269189626,-0.577350269189626,0.577350269189626));
#5190=DIRECTION('center_axis',(8.48604918785857E-17,0.707106781186548,0.707106781186548));
#5191=DIRECTION('ref_axis',(-1.,1.21237769219549E-16,-1.22691069520111E-18));
#5192=DIRECTION('',(1.,-1.224646799147E-16,0.));
#5193=DIRECTION('',(-0.577350269189626,-0.577350269189626,0.577350269189626));
#5194=DIRECTION('center_axis',(0.707106781186548,-8.65956056234346E-17,
0.707106781186548));
#5195=DIRECTION('ref_axis',(1.22464679914647E-16,1.,-7.39926877194021E-29));
#5196=DIRECTION('',(-1.224646799147E-16,-1.,0.));
#5197=DIRECTION('center_axis',(-0.707106781186548,8.65956056234346E-17,
0.707106781186548));
#5198=DIRECTION('ref_axis',(1.22464679914647E-16,1.,7.39926877194021E-29));
#5199=DIRECTION('',(0.577350269189626,0.577350269189626,0.577350269189626));
#5200=DIRECTION('',(-0.577350269189626,0.577350269189626,-0.577350269189626));
#5201=DIRECTION('',(-1.224646799147E-16,-1.,0.));
#5202=DIRECTION('center_axis',(8.65956056234346E-17,0.707106781186548,0.707106781186548));
#5203=DIRECTION('ref_axis',(1.,-1.22464679914647E-16,7.39926877194021E-29));
#5204=DIRECTION('',(0.577350269189626,0.577350269189626,-0.577350269189626));
#5205=DIRECTION('',(-1.,1.224646799147E-16,0.));
#5206=DIRECTION('center_axis',(-8.65956056234346E-17,-0.707106781186548,
0.707106781186548));
#5207=DIRECTION('ref_axis',(1.,-1.22464679914647E-16,-7.39926877194021E-29));
#5208=DIRECTION('',(-0.577350269189626,0.577350269189626,0.577350269189626));
#5209=DIRECTION('',(1.,-1.224646799147E-16,0.));
#5210=DIRECTION('center_axis',(0.707106781186548,-8.65956056234346E-17,
0.707106781186548));
#5211=DIRECTION('ref_axis',(1.22464679914647E-16,1.,-7.39926877194021E-29));
#5212=DIRECTION('',(1.224646799147E-16,1.,0.));
#5213=DIRECTION('center_axis',(8.65956056234346E-17,0.707106781186548,0.707106781186548));
#5214=DIRECTION('ref_axis',(1.,-1.22464679914647E-16,7.39926877194021E-29));
#5215=DIRECTION('',(-0.577350269189626,0.577350269189626,-0.577350269189626));
#5216=DIRECTION('',(0.577350269189626,0.577350269189626,-0.577350269189626));
#5217=DIRECTION('',(-1.,1.224646799147E-16,0.));
#5218=DIRECTION('center_axis',(0.707106781186548,-8.65956056234346E-17,
0.707106781186548));
#5219=DIRECTION('ref_axis',(1.22464679914647E-16,1.,-7.39926877194021E-29));
#5220=DIRECTION('',(-0.577350269189626,0.577350269189626,0.577350269189626));
#5221=DIRECTION('',(1.224646799147E-16,1.,0.));
#5222=DIRECTION('center_axis',(-0.707106781186548,8.65956056234346E-17,
0.707106781186548));
#5223=DIRECTION('ref_axis',(1.22464679914647E-16,1.,7.39926877194021E-29));
#5224=DIRECTION('',(0.577350269189626,0.577350269189626,0.577350269189626));
#5225=DIRECTION('',(-1.224646799147E-16,-1.,0.));
#5226=DIRECTION('center_axis',(-8.65956056234346E-17,-0.707106781186548,
0.707106781186548));
#5227=DIRECTION('ref_axis',(1.,-1.22464679914647E-16,-7.39926877194021E-29));
#5228=DIRECTION('',(1.,-1.224646799147E-16,0.));
#5229=DIRECTION('center_axis',(0.707106781186548,-8.65956056234346E-17,
0.707106781186548));
#5230=DIRECTION('ref_axis',(1.22464679914647E-16,1.,-7.39926877194021E-29));
#5231=DIRECTION('',(0.577350269189626,0.577350269189626,-0.577350269189626));
#5232=DIRECTION('',(-0.577350269189626,0.577350269189626,0.577350269189626));
#5233=DIRECTION('',(1.224646799147E-16,1.,0.));
#5234=DIRECTION('center_axis',(-8.65956056234346E-17,-0.707106781186548,
0.707106781186548));
#5235=DIRECTION('ref_axis',(1.,-1.22464679914647E-16,-7.39926877194021E-29));
#5236=DIRECTION('',(0.577350269189626,0.577350269189626,0.577350269189626));
#5237=DIRECTION('',(1.,-1.224646799147E-16,0.));
#5238=DIRECTION('center_axis',(8.65956056234346E-17,0.707106781186548,0.707106781186548));
#5239=DIRECTION('ref_axis',(1.,-1.22464679914647E-16,7.39926877194021E-29));
#5240=DIRECTION('',(-0.577350269189626,0.577350269189626,-0.577350269189626));
#5241=DIRECTION('',(-1.,1.224646799147E-16,0.));
#5242=DIRECTION('center_axis',(-0.707106781186548,8.65956056234346E-17,
0.707106781186548));
#5243=DIRECTION('ref_axis',(1.22464679914647E-16,1.,7.39926877194021E-29));
#5244=DIRECTION('',(-1.224646799147E-16,-1.,0.));
#5245=DIRECTION('center_axis',(8.65956056234346E-17,0.707106781186548,0.707106781186548));
#5246=DIRECTION('ref_axis',(1.,-1.22464679914647E-16,7.39926877194021E-29));
#5247=DIRECTION('',(-0.577350269189626,0.577350269189626,-0.577350269189626));
#5248=DIRECTION('',(0.577350269189626,0.577350269189626,-0.577350269189626));
#5249=DIRECTION('',(-1.,1.224646799147E-16,0.));
#5250=DIRECTION('center_axis',(-0.707106781186548,8.65956056234346E-17,
0.707106781186548));
#5251=DIRECTION('ref_axis',(1.22464679914647E-16,1.,7.39926877194021E-29));
#5252=DIRECTION('',(0.577350269189626,0.577350269189626,0.577350269189626));
#5253=DIRECTION('',(-1.224646799147E-16,-1.,0.));
#5254=DIRECTION('center_axis',(-8.65956056234346E-17,-0.707106781186548,
0.707106781186548));
#5255=DIRECTION('ref_axis',(1.,-1.22464679914647E-16,-7.39926877194021E-29));
#5256=DIRECTION('',(-0.577350269189626,0.577350269189626,0.577350269189626));
#5257=DIRECTION('',(1.,-1.224646799147E-16,0.));
#5258=DIRECTION('center_axis',(0.707106781186548,-8.65956056234346E-17,
0.707106781186548));
#5259=DIRECTION('ref_axis',(1.22464679914647E-16,1.,-7.39926877194021E-29));
#5260=DIRECTION('',(1.224646799147E-16,1.,0.));
#5261=DIRECTION('center_axis',(1.09275707636644E-17,-0.656178714924663,
0.754605522163612));
#5262=DIRECTION('ref_axis',(2.40406556800676E-16,0.754605522163612,0.656178714924663));
#5263=DIRECTION('',(2.40406556800677E-16,0.754605522163612,0.656178714924663));
#5264=DIRECTION('',(1.,-1.110223024625E-16,-1.110223024625E-16));
#5265=DIRECTION('',(2.40406556800677E-16,0.754605522163612,0.656178714924663));
#5266=DIRECTION('center_axis',(0.,0.,-1.));
#5267=DIRECTION('ref_axis',(-1.,0.,0.));
#5268=DIRECTION('',(1.,-1.110223024625E-16,-1.110223024625E-16));
#5269=DIRECTION('center_axis',(-1.,2.22044604925E-16,1.110223024625E-16));
#5270=DIRECTION('ref_axis',(-2.22044604925E-16,-1.,0.));
#5271=DIRECTION('',(-9.47056132851013E-17,-0.754605522163612,0.656178714924663));
#5272=DIRECTION('center_axis',(-1.,2.22044604925E-16,1.110223024625E-16));
#5273=DIRECTION('ref_axis',(-2.22044604925E-16,-1.,0.));
#5274=DIRECTION('',(-9.47056132851013E-17,-0.754605522163612,0.656178714924663));
#5275=DIRECTION('center_axis',(0.,0.,1.));
#5276=DIRECTION('ref_axis',(1.,0.,0.));
#5277=DIRECTION('center_axis',(0.,0.,1.));
#5278=DIRECTION('ref_axis',(1.,0.,0.));
#5279=DIRECTION('center_axis',(0.,0.,1.));
#5280=DIRECTION('ref_axis',(1.,0.,0.));
#5281=DIRECTION('center_axis',(0.,0.,1.));
#5282=DIRECTION('ref_axis',(1.,0.,0.));
#5283=DIRECTION('center_axis',(0.,0.,1.));
#5284=DIRECTION('ref_axis',(1.,0.,0.));
#5285=DIRECTION('center_axis',(0.,0.,1.));
#5286=DIRECTION('ref_axis',(1.,0.,0.));
#5287=DIRECTION('center_axis',(0.,0.,1.));
#5288=DIRECTION('ref_axis',(1.,0.,0.));
#5289=DIRECTION('center_axis',(0.,0.,1.));
#5290=DIRECTION('ref_axis',(1.,0.,0.));
#5291=DIRECTION('center_axis',(-1.5662851427922E-16,-0.656178714924663,
-0.754605522163612));
#5292=DIRECTION('ref_axis',(-9.47056132851013E-17,-0.754605522163612,0.656178714924663));
#5293=DIRECTION('',(0.,0.,1.));
#5294=DIRECTION('',(1.,0.,0.));
#5295=DIRECTION('axis',(0.,0.,1.));
#5296=DIRECTION('refdir',(1.,0.,0.));
#5297=DIRECTION('center_axis',(0.,-1.,0.));
#5298=DIRECTION('ref_axis',(-1.,0.,0.));
#5299=DIRECTION('',(0.,0.,1.));
#5300=DIRECTION('',(-1.,0.,0.));
#5301=DIRECTION('',(0.,0.,1.));
#5302=DIRECTION('',(-1.,0.,0.));
#5303=DIRECTION('center_axis',(1.,0.,0.));
#5304=DIRECTION('ref_axis',(0.,-1.,0.));
#5305=DIRECTION('',(0.,0.,1.));
#5306=DIRECTION('',(0.,-1.,0.));
#5307=DIRECTION('',(0.,-1.,0.));
#5308=DIRECTION('center_axis',(-1.,0.,0.));
#5309=DIRECTION('ref_axis',(0.,1.,0.));
#5310=DIRECTION('',(0.,1.,0.));
#5311=DIRECTION('',(0.,0.,1.));
#5312=DIRECTION('',(0.,1.,0.));
#5313=DIRECTION('center_axis',(0.,0.,1.));
#5314=DIRECTION('ref_axis',(1.,0.,0.));
#5315=DIRECTION('',(1.,0.,0.));
#5316=DIRECTION('center_axis',(0.,0.,-1.));
#5317=DIRECTION('ref_axis',(-3.343730521224E-14,-1.,0.));
#5318=DIRECTION('center_axis',(0.,0.,-1.));
#5319=DIRECTION('ref_axis',(0.,-1.,0.));
#5320=DIRECTION('center_axis',(0.,0.,-1.));
#5321=DIRECTION('ref_axis',(0.,-1.,0.));
#5322=DIRECTION('center_axis',(0.,0.,-1.));
#5323=DIRECTION('ref_axis',(3.343730521224E-14,-1.,0.));
#5324=DIRECTION('center_axis',(0.,0.,-1.));
#5325=DIRECTION('ref_axis',(0.,-1.,0.));
#5326=DIRECTION('center_axis',(0.,0.,-1.));
#5327=DIRECTION('ref_axis',(-3.343730521224E-14,-1.,0.));
#5328=DIRECTION('center_axis',(0.,0.,-1.));
#5329=DIRECTION('ref_axis',(0.,-1.,0.));
#5330=DIRECTION('center_axis',(0.,0.,-1.));
#5331=DIRECTION('ref_axis',(0.,-1.,0.));
#5332=DIRECTION('center_axis',(0.,0.,-1.));
#5333=DIRECTION('ref_axis',(3.343730521224E-14,-1.,0.));
#5334=DIRECTION('center_axis',(0.,0.,-1.));
#5335=DIRECTION('ref_axis',(-3.343730521224E-14,-1.,0.));
#5336=DIRECTION('center_axis',(0.,0.,-1.));
#5337=DIRECTION('ref_axis',(0.,-1.,0.));
#5338=DIRECTION('center_axis',(0.,0.,-1.));
#5339=DIRECTION('ref_axis',(-3.343730521224E-14,-1.,0.));
#5340=DIRECTION('center_axis',(0.,0.,-1.));
#5341=DIRECTION('ref_axis',(0.,-1.,0.));
#5342=DIRECTION('center_axis',(0.,0.,-1.));
#5343=DIRECTION('ref_axis',(0.,-1.,0.));
#5344=DIRECTION('center_axis',(0.,0.,-1.));
#5345=DIRECTION('ref_axis',(3.343730521224E-14,-1.,0.));
#5346=DIRECTION('center_axis',(0.,0.,-1.));
#5347=DIRECTION('ref_axis',(0.,-1.,0.));
#5348=DIRECTION('center_axis',(0.,0.,-1.));
#5349=DIRECTION('ref_axis',(0.,-1.,0.));
#5350=DIRECTION('center_axis',(0.,0.,-1.));
#5351=DIRECTION('ref_axis',(3.343730521224E-14,-1.,0.));
#5352=DIRECTION('center_axis',(0.,0.,-1.));
#5353=DIRECTION('ref_axis',(-3.343730521224E-14,-1.,0.));
#5354=DIRECTION('center_axis',(0.,0.,-1.));
#5355=DIRECTION('ref_axis',(0.,-1.,0.));
#5356=DIRECTION('center_axis',(0.,0.,-1.));
#5357=DIRECTION('ref_axis',(0.,-1.,0.));
#5358=DIRECTION('center_axis',(0.,0.,-1.));
#5359=DIRECTION('ref_axis',(3.343730521224E-14,-1.,0.));
#5360=DIRECTION('center_axis',(0.,0.,-1.));
#5361=DIRECTION('ref_axis',(0.,-1.,0.));
#5362=DIRECTION('center_axis',(0.,0.,-1.));
#5363=DIRECTION('ref_axis',(0.,-1.,0.));
#5364=DIRECTION('center_axis',(0.,0.,-1.));
#5365=DIRECTION('ref_axis',(0.,-1.,0.));
#5366=DIRECTION('center_axis',(0.,0.,-1.));
#5367=DIRECTION('ref_axis',(0.,-1.,0.));
#5368=DIRECTION('center_axis',(0.,0.,-1.));
#5369=DIRECTION('ref_axis',(0.,-1.,0.));
#5370=DIRECTION('center_axis',(0.,0.,-1.));
#5371=DIRECTION('ref_axis',(0.,-1.,0.));
#5372=DIRECTION('center_axis',(0.,0.,-1.));
#5373=DIRECTION('ref_axis',(0.,-1.,0.));
#5374=DIRECTION('center_axis',(0.,0.,-1.));
#5375=DIRECTION('ref_axis',(0.,-1.,0.));
#5376=DIRECTION('center_axis',(0.,0.,-1.));
#5377=DIRECTION('ref_axis',(0.,-1.,0.));
#5378=DIRECTION('center_axis',(0.,0.,-1.));
#5379=DIRECTION('ref_axis',(0.,-1.,0.));
#5380=DIRECTION('center_axis',(0.,0.,-1.));
#5381=DIRECTION('ref_axis',(0.,-1.,0.));
#5382=DIRECTION('center_axis',(0.,0.,-1.));
#5383=DIRECTION('ref_axis',(0.,-1.,0.));
#5384=DIRECTION('center_axis',(0.,0.,-1.));
#5385=DIRECTION('ref_axis',(0.,-1.,0.));
#5386=DIRECTION('center_axis',(0.,0.,-1.));
#5387=DIRECTION('ref_axis',(0.,-1.,0.));
#5388=DIRECTION('center_axis',(0.,0.,-1.));
#5389=DIRECTION('ref_axis',(0.,-1.,0.));
#5390=DIRECTION('center_axis',(0.,0.,-1.));
#5391=DIRECTION('ref_axis',(0.,-1.,0.));
#5392=DIRECTION('center_axis',(0.,0.,-1.));
#5393=DIRECTION('ref_axis',(0.,-1.,0.));
#5394=DIRECTION('center_axis',(0.,0.,-1.));
#5395=DIRECTION('ref_axis',(0.,-1.,0.));
#5396=DIRECTION('center_axis',(0.,0.,-1.));
#5397=DIRECTION('ref_axis',(0.,-1.,0.));
#5398=DIRECTION('center_axis',(0.,0.,-1.));
#5399=DIRECTION('ref_axis',(-5.167583532801E-14,-1.,0.));
#5400=DIRECTION('center_axis',(0.,0.,-1.));
#5401=DIRECTION('ref_axis',(0.,-1.,0.));
#5402=DIRECTION('center_axis',(0.,0.,-1.));
#5403=DIRECTION('ref_axis',(0.,-1.,0.));
#5404=DIRECTION('center_axis',(0.,0.,-1.));
#5405=DIRECTION('ref_axis',(0.,-1.,0.));
#5406=DIRECTION('center_axis',(0.,0.,-1.));
#5407=DIRECTION('ref_axis',(0.,-1.,0.));
#5408=DIRECTION('center_axis',(0.,0.,-1.));
#5409=DIRECTION('ref_axis',(0.,-1.,0.));
#5410=DIRECTION('center_axis',(0.,0.,-1.));
#5411=DIRECTION('ref_axis',(0.,-1.,0.));
#5412=DIRECTION('',(1.,0.,0.));
#5413=DIRECTION('center_axis',(0.,0.,-1.));
#5414=DIRECTION('ref_axis',(0.,1.,0.));
#5415=DIRECTION('',(-1.,0.,0.));
#5416=DIRECTION('center_axis',(0.,0.,-1.));
#5417=DIRECTION('ref_axis',(0.,-1.,0.));
#5418=DIRECTION('center_axis',(0.,0.,-1.));
#5419=DIRECTION('ref_axis',(0.,-1.,0.));
#5420=DIRECTION('',(1.,0.,0.));
#5421=DIRECTION('center_axis',(0.,0.,-1.));
#5422=DIRECTION('ref_axis',(0.,1.,0.));
#5423=DIRECTION('',(-1.,0.,0.));
#5424=DIRECTION('center_axis',(0.,0.,-1.));
#5425=DIRECTION('ref_axis',(0.,-1.,0.));
#5426=DIRECTION('center_axis',(0.,0.,1.));
#5427=DIRECTION('ref_axis',(1.,0.,0.));
#5428=DIRECTION('',(1.,0.,0.));
#5429=DIRECTION('center_axis',(0.,0.,-1.));
#5430=DIRECTION('ref_axis',(-3.343730521224E-14,-1.,0.));
#5431=DIRECTION('center_axis',(0.,0.,-1.));
#5432=DIRECTION('ref_axis',(0.,-1.,0.));
#5433=DIRECTION('center_axis',(0.,0.,-1.));
#5434=DIRECTION('ref_axis',(0.,-1.,0.));
#5435=DIRECTION('center_axis',(0.,0.,-1.));
#5436=DIRECTION('ref_axis',(3.343730521224E-14,-1.,0.));
#5437=DIRECTION('center_axis',(0.,0.,-1.));
#5438=DIRECTION('ref_axis',(0.,-1.,0.));
#5439=DIRECTION('center_axis',(0.,0.,-1.));
#5440=DIRECTION('ref_axis',(-3.343730521224E-14,-1.,0.));
#5441=DIRECTION('center_axis',(0.,0.,-1.));
#5442=DIRECTION('ref_axis',(0.,-1.,0.));
#5443=DIRECTION('center_axis',(0.,0.,-1.));
#5444=DIRECTION('ref_axis',(0.,-1.,0.));
#5445=DIRECTION('center_axis',(0.,0.,-1.));
#5446=DIRECTION('ref_axis',(3.343730521224E-14,-1.,0.));
#5447=DIRECTION('center_axis',(0.,0.,-1.));
#5448=DIRECTION('ref_axis',(-3.343730521224E-14,-1.,0.));
#5449=DIRECTION('center_axis',(0.,0.,-1.));
#5450=DIRECTION('ref_axis',(0.,-1.,0.));
#5451=DIRECTION('center_axis',(0.,0.,-1.));
#5452=DIRECTION('ref_axis',(-3.343730521224E-14,-1.,0.));
#5453=DIRECTION('center_axis',(0.,0.,-1.));
#5454=DIRECTION('ref_axis',(0.,-1.,0.));
#5455=DIRECTION('center_axis',(0.,0.,-1.));
#5456=DIRECTION('ref_axis',(0.,-1.,0.));
#5457=DIRECTION('center_axis',(0.,0.,-1.));
#5458=DIRECTION('ref_axis',(3.343730521224E-14,-1.,0.));
#5459=DIRECTION('center_axis',(0.,0.,-1.));
#5460=DIRECTION('ref_axis',(0.,-1.,0.));
#5461=DIRECTION('center_axis',(0.,0.,-1.));
#5462=DIRECTION('ref_axis',(0.,-1.,0.));
#5463=DIRECTION('center_axis',(0.,0.,-1.));
#5464=DIRECTION('ref_axis',(3.343730521224E-14,-1.,0.));
#5465=DIRECTION('center_axis',(0.,0.,-1.));
#5466=DIRECTION('ref_axis',(-3.343730521224E-14,-1.,0.));
#5467=DIRECTION('center_axis',(0.,0.,-1.));
#5468=DIRECTION('ref_axis',(0.,-1.,0.));
#5469=DIRECTION('center_axis',(0.,0.,-1.));
#5470=DIRECTION('ref_axis',(0.,-1.,0.));
#5471=DIRECTION('center_axis',(0.,0.,-1.));
#5472=DIRECTION('ref_axis',(3.343730521224E-14,-1.,0.));
#5473=DIRECTION('center_axis',(0.,0.,-1.));
#5474=DIRECTION('ref_axis',(0.,-1.,0.));
#5475=DIRECTION('center_axis',(0.,0.,-1.));
#5476=DIRECTION('ref_axis',(0.,-1.,0.));
#5477=DIRECTION('center_axis',(0.,0.,-1.));
#5478=DIRECTION('ref_axis',(0.,-1.,0.));
#5479=DIRECTION('center_axis',(0.,0.,-1.));
#5480=DIRECTION('ref_axis',(0.,-1.,0.));
#5481=DIRECTION('center_axis',(0.,0.,-1.));
#5482=DIRECTION('ref_axis',(0.,-1.,0.));
#5483=DIRECTION('center_axis',(0.,0.,-1.));
#5484=DIRECTION('ref_axis',(0.,-1.,0.));
#5485=DIRECTION('center_axis',(0.,0.,-1.));
#5486=DIRECTION('ref_axis',(0.,-1.,0.));
#5487=DIRECTION('center_axis',(0.,0.,-1.));
#5488=DIRECTION('ref_axis',(0.,-1.,0.));
#5489=DIRECTION('center_axis',(0.,0.,-1.));
#5490=DIRECTION('ref_axis',(0.,-1.,0.));
#5491=DIRECTION('center_axis',(0.,0.,-1.));
#5492=DIRECTION('ref_axis',(0.,-1.,0.));
#5493=DIRECTION('center_axis',(0.,0.,-1.));
#5494=DIRECTION('ref_axis',(0.,-1.,0.));
#5495=DIRECTION('center_axis',(0.,0.,-1.));
#5496=DIRECTION('ref_axis',(0.,-1.,0.));
#5497=DIRECTION('center_axis',(0.,0.,-1.));
#5498=DIRECTION('ref_axis',(0.,-1.,0.));
#5499=DIRECTION('center_axis',(0.,0.,-1.));
#5500=DIRECTION('ref_axis',(0.,-1.,0.));
#5501=DIRECTION('center_axis',(0.,0.,-1.));
#5502=DIRECTION('ref_axis',(0.,-1.,0.));
#5503=DIRECTION('center_axis',(0.,0.,-1.));
#5504=DIRECTION('ref_axis',(0.,-1.,0.));
#5505=DIRECTION('center_axis',(0.,0.,-1.));
#5506=DIRECTION('ref_axis',(0.,-1.,0.));
#5507=DIRECTION('center_axis',(0.,0.,-1.));
#5508=DIRECTION('ref_axis',(0.,-1.,0.));
#5509=DIRECTION('center_axis',(0.,0.,-1.));
#5510=DIRECTION('ref_axis',(0.,-1.,0.));
#5511=DIRECTION('center_axis',(0.,0.,-1.));
#5512=DIRECTION('ref_axis',(-5.167583532801E-14,-1.,0.));
#5513=DIRECTION('center_axis',(0.,0.,-1.));
#5514=DIRECTION('ref_axis',(0.,-1.,0.));
#5515=DIRECTION('center_axis',(0.,0.,-1.));
#5516=DIRECTION('ref_axis',(0.,-1.,0.));
#5517=DIRECTION('center_axis',(0.,0.,-1.));
#5518=DIRECTION('ref_axis',(0.,-1.,0.));
#5519=DIRECTION('center_axis',(0.,0.,-1.));
#5520=DIRECTION('ref_axis',(0.,-1.,0.));
#5521=DIRECTION('center_axis',(0.,0.,-1.));
#5522=DIRECTION('ref_axis',(0.,-1.,0.));
#5523=DIRECTION('center_axis',(0.,0.,-1.));
#5524=DIRECTION('ref_axis',(0.,-1.,0.));
#5525=DIRECTION('',(-1.,0.,0.));
#5526=DIRECTION('center_axis',(0.,0.,-1.));
#5527=DIRECTION('ref_axis',(0.,1.,0.));
#5528=DIRECTION('',(1.,0.,0.));
#5529=DIRECTION('center_axis',(0.,0.,-1.));
#5530=DIRECTION('ref_axis',(0.,-1.,0.));
#5531=DIRECTION('center_axis',(0.,0.,-1.));
#5532=DIRECTION('ref_axis',(0.,-1.,0.));
#5533=DIRECTION('',(-1.,0.,0.));
#5534=DIRECTION('center_axis',(0.,0.,-1.));
#5535=DIRECTION('ref_axis',(0.,1.,0.));
#5536=DIRECTION('',(1.,0.,0.));
#5537=DIRECTION('center_axis',(0.,0.,-1.));
#5538=DIRECTION('ref_axis',(0.,-1.,0.));
#5539=DIRECTION('center_axis',(0.,1.,0.));
#5540=DIRECTION('ref_axis',(1.,0.,0.));
#5541=DIRECTION('center_axis',(0.,0.,-1.));
#5542=DIRECTION('ref_axis',(-3.343730521224E-14,-1.,0.));
#5543=DIRECTION('',(0.,0.,-1.));
#5544=DIRECTION('center_axis',(0.,0.,-1.));
#5545=DIRECTION('ref_axis',(0.,-1.,0.));
#5546=DIRECTION('',(0.,0.,-1.));
#5547=DIRECTION('center_axis',(0.,0.,-1.));
#5548=DIRECTION('ref_axis',(0.,-1.,0.));
#5549=DIRECTION('',(0.,0.,-1.));
#5550=DIRECTION('center_axis',(0.,0.,-1.));
#5551=DIRECTION('ref_axis',(3.343730521224E-14,-1.,0.));
#5552=DIRECTION('',(0.,0.,-1.));
#5553=DIRECTION('center_axis',(0.,0.,-1.));
#5554=DIRECTION('ref_axis',(0.,-1.,0.));
#5555=DIRECTION('',(0.,0.,-1.));
#5556=DIRECTION('center_axis',(0.,0.,-1.));
#5557=DIRECTION('ref_axis',(-3.343730521224E-14,-1.,0.));
#5558=DIRECTION('',(0.,0.,-1.));
#5559=DIRECTION('center_axis',(0.,0.,-1.));
#5560=DIRECTION('ref_axis',(0.,-1.,0.));
#5561=DIRECTION('',(0.,0.,-1.));
#5562=DIRECTION('center_axis',(0.,0.,-1.));
#5563=DIRECTION('ref_axis',(0.,-1.,0.));
#5564=DIRECTION('',(0.,0.,-1.));
#5565=DIRECTION('center_axis',(0.,0.,-1.));
#5566=DIRECTION('ref_axis',(3.343730521224E-14,-1.,0.));
#5567=DIRECTION('',(0.,0.,-1.));
#5568=DIRECTION('center_axis',(0.,0.,-1.));
#5569=DIRECTION('ref_axis',(-3.343730521224E-14,-1.,0.));
#5570=DIRECTION('',(0.,0.,-1.));
#5571=DIRECTION('center_axis',(0.,0.,-1.));
#5572=DIRECTION('ref_axis',(0.,-1.,0.));
#5573=DIRECTION('',(0.,0.,-1.));
#5574=DIRECTION('center_axis',(0.,0.,-1.));
#5575=DIRECTION('ref_axis',(-3.343730521224E-14,-1.,0.));
#5576=DIRECTION('',(0.,0.,-1.));
#5577=DIRECTION('center_axis',(0.,0.,-1.));
#5578=DIRECTION('ref_axis',(0.,-1.,0.));
#5579=DIRECTION('',(0.,0.,-1.));
#5580=DIRECTION('center_axis',(0.,0.,-1.));
#5581=DIRECTION('ref_axis',(0.,-1.,0.));
#5582=DIRECTION('',(0.,0.,-1.));
#5583=DIRECTION('center_axis',(0.,0.,-1.));
#5584=DIRECTION('ref_axis',(3.343730521224E-14,-1.,0.));
#5585=DIRECTION('',(0.,0.,-1.));
#5586=DIRECTION('center_axis',(0.,0.,-1.));
#5587=DIRECTION('ref_axis',(0.,-1.,0.));
#5588=DIRECTION('',(0.,0.,-1.));
#5589=DIRECTION('center_axis',(0.,0.,-1.));
#5590=DIRECTION('ref_axis',(0.,-1.,0.));
#5591=DIRECTION('',(0.,0.,-1.));
#5592=DIRECTION('center_axis',(0.,0.,-1.));
#5593=DIRECTION('ref_axis',(3.343730521224E-14,-1.,0.));
#5594=DIRECTION('',(0.,0.,-1.));
#5595=DIRECTION('center_axis',(0.,0.,-1.));
#5596=DIRECTION('ref_axis',(-3.343730521224E-14,-1.,0.));
#5597=DIRECTION('',(0.,0.,-1.));
#5598=DIRECTION('center_axis',(0.,0.,-1.));
#5599=DIRECTION('ref_axis',(0.,-1.,0.));
#5600=DIRECTION('',(0.,0.,-1.));
#5601=DIRECTION('center_axis',(0.,0.,-1.));
#5602=DIRECTION('ref_axis',(0.,-1.,0.));
#5603=DIRECTION('',(0.,0.,-1.));
#5604=DIRECTION('center_axis',(0.,0.,-1.));
#5605=DIRECTION('ref_axis',(3.343730521224E-14,-1.,0.));
#5606=DIRECTION('',(0.,0.,-1.));
#5607=DIRECTION('center_axis',(0.,0.,-1.));
#5608=DIRECTION('ref_axis',(0.,-1.,0.));
#5609=DIRECTION('',(0.,0.,-1.));
#5610=DIRECTION('center_axis',(0.,0.,-1.));
#5611=DIRECTION('ref_axis',(0.,-1.,0.));
#5612=DIRECTION('',(0.,0.,-1.));
#5613=DIRECTION('center_axis',(0.,0.,-1.));
#5614=DIRECTION('ref_axis',(0.,-1.,0.));
#5615=DIRECTION('',(0.,0.,-1.));
#5616=DIRECTION('center_axis',(0.,0.,-1.));
#5617=DIRECTION('ref_axis',(0.,-1.,0.));
#5618=DIRECTION('',(0.,0.,-1.));
#5619=DIRECTION('center_axis',(0.,0.,-1.));
#5620=DIRECTION('ref_axis',(0.,-1.,0.));
#5621=DIRECTION('',(0.,0.,-1.));
#5622=DIRECTION('center_axis',(0.,0.,-1.));
#5623=DIRECTION('ref_axis',(0.,-1.,0.));
#5624=DIRECTION('',(0.,0.,-1.));
#5625=DIRECTION('center_axis',(0.,0.,-1.));
#5626=DIRECTION('ref_axis',(0.,-1.,0.));
#5627=DIRECTION('',(0.,0.,-1.));
#5628=DIRECTION('center_axis',(0.,0.,-1.));
#5629=DIRECTION('ref_axis',(0.,-1.,0.));
#5630=DIRECTION('',(0.,0.,-1.));
#5631=DIRECTION('center_axis',(0.,0.,-1.));
#5632=DIRECTION('ref_axis',(0.,-1.,0.));
#5633=DIRECTION('',(0.,0.,-1.));
#5634=DIRECTION('center_axis',(0.,0.,-1.));
#5635=DIRECTION('ref_axis',(0.,-1.,0.));
#5636=DIRECTION('',(0.,0.,-1.));
#5637=DIRECTION('center_axis',(0.,0.,-1.));
#5638=DIRECTION('ref_axis',(0.,-1.,0.));
#5639=DIRECTION('',(0.,0.,-1.));
#5640=DIRECTION('center_axis',(0.,0.,-1.));
#5641=DIRECTION('ref_axis',(0.,-1.,0.));
#5642=DIRECTION('',(0.,0.,-1.));
#5643=DIRECTION('center_axis',(0.,0.,-1.));
#5644=DIRECTION('ref_axis',(0.,-1.,0.));
#5645=DIRECTION('',(0.,0.,-1.));
#5646=DIRECTION('center_axis',(0.,0.,-1.));
#5647=DIRECTION('ref_axis',(0.,-1.,0.));
#5648=DIRECTION('',(0.,0.,-1.));
#5649=DIRECTION('center_axis',(0.,0.,-1.));
#5650=DIRECTION('ref_axis',(0.,-1.,0.));
#5651=DIRECTION('',(0.,0.,-1.));
#5652=DIRECTION('center_axis',(0.,0.,-1.));
#5653=DIRECTION('ref_axis',(0.,-1.,0.));
#5654=DIRECTION('',(0.,0.,-1.));
#5655=DIRECTION('center_axis',(0.,0.,-1.));
#5656=DIRECTION('ref_axis',(0.,-1.,0.));
#5657=DIRECTION('',(0.,0.,-1.));
#5658=DIRECTION('center_axis',(0.,0.,-1.));
#5659=DIRECTION('ref_axis',(0.,-1.,0.));
#5660=DIRECTION('',(0.,0.,-1.));
#5661=DIRECTION('center_axis',(0.,0.,-1.));
#5662=DIRECTION('ref_axis',(0.,-1.,0.));
#5663=DIRECTION('',(0.,0.,-1.));
#5664=DIRECTION('center_axis',(0.,0.,-1.));
#5665=DIRECTION('ref_axis',(-5.167583532801E-14,-1.,0.));
#5666=DIRECTION('',(0.,0.,-1.));
#5667=DIRECTION('center_axis',(0.,0.,-1.));
#5668=DIRECTION('ref_axis',(0.,-1.,0.));
#5669=DIRECTION('',(0.,0.,-1.));
#5670=DIRECTION('center_axis',(0.,0.,-1.));
#5671=DIRECTION('ref_axis',(0.,-1.,0.));
#5672=DIRECTION('',(0.,0.,-1.));
#5673=DIRECTION('center_axis',(0.,0.,-1.));
#5674=DIRECTION('ref_axis',(0.,-1.,0.));
#5675=DIRECTION('',(0.,0.,-1.));
#5676=DIRECTION('center_axis',(0.,0.,-1.));
#5677=DIRECTION('ref_axis',(0.,-1.,0.));
#5678=DIRECTION('',(0.,0.,-1.));
#5679=DIRECTION('center_axis',(0.,0.,-1.));
#5680=DIRECTION('ref_axis',(0.,-1.,0.));
#5681=DIRECTION('',(0.,0.,-1.));
#5682=DIRECTION('center_axis',(0.,0.,-1.));
#5683=DIRECTION('ref_axis',(0.,-1.,0.));
#5684=DIRECTION('',(0.,0.,1.));
#5685=DIRECTION('',(0.,0.,1.));
#5686=DIRECTION('center_axis',(0.,-1.,0.));
#5687=DIRECTION('ref_axis',(-1.,0.,0.));
#5688=DIRECTION('',(0.,0.,1.));
#5689=DIRECTION('center_axis',(0.,0.,-1.));
#5690=DIRECTION('ref_axis',(0.,1.,0.));
#5691=DIRECTION('',(0.,0.,1.));
#5692=DIRECTION('center_axis',(0.,1.,0.));
#5693=DIRECTION('ref_axis',(1.,0.,0.));
#5694=DIRECTION('center_axis',(0.,0.,-1.));
#5695=DIRECTION('ref_axis',(0.,-1.,0.));
#5696=DIRECTION('',(0.,0.,-1.));
#5697=DIRECTION('center_axis',(0.,0.,-1.));
#5698=DIRECTION('ref_axis',(0.,-1.,0.));
#5699=DIRECTION('',(0.,0.,1.));
#5700=DIRECTION('',(0.,0.,1.));
#5701=DIRECTION('center_axis',(0.,-1.,0.));
#5702=DIRECTION('ref_axis',(-1.,0.,0.));
#5703=DIRECTION('',(0.,0.,1.));
#5704=DIRECTION('center_axis',(0.,0.,-1.));
#5705=DIRECTION('ref_axis',(0.,1.,0.));
#5706=DIRECTION('',(0.,0.,1.));
#5707=DIRECTION('center_axis',(0.,1.,0.));
#5708=DIRECTION('ref_axis',(1.,0.,0.));
#5709=DIRECTION('center_axis',(0.,0.,-1.));
#5710=DIRECTION('ref_axis',(0.,-1.,0.));
#5711=DIRECTION('',(0.,0.,-1.));
#5712=DIRECTION('',(0.,0.,1.));
#5713=DIRECTION('',(1.110223024625E-16,-1.,0.));
#5714=DIRECTION('',(0.,0.,1.));
#5715=DIRECTION('',(1.,0.,0.));
#5716=DIRECTION('axis',(0.,0.,1.));
#5717=DIRECTION('refdir',(1.,0.,0.));
#5718=DIRECTION('center_axis',(0.,1.,0.));
#5719=DIRECTION('ref_axis',(1.,0.,0.));
#5720=DIRECTION('',(1.,0.,0.));
#5721=DIRECTION('',(0.,0.,-1.));
#5722=DIRECTION('',(-1.,0.,0.));
#5723=DIRECTION('',(0.,0.,-1.));
#5724=DIRECTION('center_axis',(-1.,0.,0.));
#5725=DIRECTION('ref_axis',(0.,1.,0.));
#5726=DIRECTION('',(0.,1.,0.));
#5727=DIRECTION('',(0.,0.,-1.));
#5728=DIRECTION('',(0.,-1.,0.));
#5729=DIRECTION('center_axis',(0.,-1.,0.));
#5730=DIRECTION('ref_axis',(-1.,0.,0.));
#5731=DIRECTION('',(-1.,0.,0.));
#5732=DIRECTION('',(0.,0.,-1.));
#5733=DIRECTION('',(1.,0.,0.));
#5734=DIRECTION('center_axis',(1.,0.,0.));
#5735=DIRECTION('ref_axis',(0.,-1.,0.));
#5736=DIRECTION('',(0.,-1.,0.));
#5737=DIRECTION('',(0.,1.,0.));
#5738=DIRECTION('center_axis',(-1.,0.,0.));
#5739=DIRECTION('ref_axis',(0.,1.,0.));
#5740=DIRECTION('',(0.,1.,0.));
#5741=DIRECTION('',(0.,0.,-1.));
#5742=DIRECTION('',(0.,-1.,0.));
#5743=DIRECTION('',(0.,0.,-1.));
#5744=DIRECTION('center_axis',(0.,-1.,0.));
#5745=DIRECTION('ref_axis',(-1.,0.,0.));
#5746=DIRECTION('',(-1.,0.,0.));
#5747=DIRECTION('',(-1.,0.,0.));
#5748=DIRECTION('',(0.,0.,-1.));
#5749=DIRECTION('center_axis',(1.,0.,0.));
#5750=DIRECTION('ref_axis',(0.,-1.,0.));
#5751=DIRECTION('',(0.,-1.,0.));
#5752=DIRECTION('',(0.,0.,-1.));
#5753=DIRECTION('',(0.,1.,0.));
#5754=DIRECTION('center_axis',(0.,1.,0.));
#5755=DIRECTION('ref_axis',(1.,0.,0.));
#5756=DIRECTION('',(1.,0.,0.));
#5757=DIRECTION('',(-1.,0.,0.));
#5758=DIRECTION('center_axis',(-1.,0.,0.));
#5759=DIRECTION('ref_axis',(0.,1.,0.));
#5760=DIRECTION('',(0.,1.,0.));
#5761=DIRECTION('',(0.,0.,-1.));
#5762=DIRECTION('',(0.,-1.,0.));
#5763=DIRECTION('',(0.,0.,-1.));
#5764=DIRECTION('center_axis',(0.,-1.,0.));
#5765=DIRECTION('ref_axis',(-1.,0.,0.));
#5766=DIRECTION('',(-1.,0.,0.));
#5767=DIRECTION('',(0.,0.,-1.));
#5768=DIRECTION('',(1.,0.,0.));
#5769=DIRECTION('center_axis',(1.,0.,0.));
#5770=DIRECTION('ref_axis',(0.,-1.,0.));
#5771=DIRECTION('',(0.,-1.,0.));
#5772=DIRECTION('',(0.,0.,-1.));
#5773=DIRECTION('',(0.,1.,0.));
#5774=DIRECTION('center_axis',(0.,1.,0.));
#5775=DIRECTION('ref_axis',(1.,0.,0.));
#5776=DIRECTION('',(1.,0.,0.));
#5777=DIRECTION('',(-1.,0.,0.));
#5778=DIRECTION('center_axis',(-1.,0.,0.));
#5779=DIRECTION('ref_axis',(0.,1.,0.));
#5780=DIRECTION('',(0.,1.,0.));
#5781=DIRECTION('',(0.,0.,-1.));
#5782=DIRECTION('',(0.,-1.,0.));
#5783=DIRECTION('',(0.,0.,-1.));
#5784=DIRECTION('center_axis',(0.,-1.,0.));
#5785=DIRECTION('ref_axis',(-1.,0.,0.));
#5786=DIRECTION('',(-1.,0.,0.));
#5787=DIRECTION('',(0.,0.,-1.));
#5788=DIRECTION('',(1.,0.,0.));
#5789=DIRECTION('center_axis',(1.,0.,0.));
#5790=DIRECTION('ref_axis',(0.,-1.,0.));
#5791=DIRECTION('',(0.,-1.,0.));
#5792=DIRECTION('',(0.,0.,-1.));
#5793=DIRECTION('',(0.,1.,0.));
#5794=DIRECTION('center_axis',(0.,1.,0.));
#5795=DIRECTION('ref_axis',(1.,0.,0.));
#5796=DIRECTION('',(1.,0.,0.));
#5797=DIRECTION('',(-1.,0.,0.));
#5798=DIRECTION('center_axis',(-1.,0.,0.));
#5799=DIRECTION('ref_axis',(0.,1.,0.));
#5800=DIRECTION('',(0.,1.,0.));
#5801=DIRECTION('',(0.,0.,-1.));
#5802=DIRECTION('',(0.,-1.,0.));
#5803=DIRECTION('',(0.,0.,-1.));
#5804=DIRECTION('center_axis',(0.,-1.,0.));
#5805=DIRECTION('ref_axis',(-1.,0.,0.));
#5806=DIRECTION('',(-1.,0.,0.));
#5807=DIRECTION('',(0.,0.,-1.));
#5808=DIRECTION('',(1.,0.,0.));
#5809=DIRECTION('center_axis',(1.,0.,0.));
#5810=DIRECTION('ref_axis',(0.,-1.,0.));
#5811=DIRECTION('',(0.,-1.,0.));
#5812=DIRECTION('',(0.,0.,-1.));
#5813=DIRECTION('',(0.,1.,0.));
#5814=DIRECTION('center_axis',(0.,1.,0.));
#5815=DIRECTION('ref_axis',(1.,0.,0.));
#5816=DIRECTION('',(1.,0.,0.));
#5817=DIRECTION('',(-1.,0.,0.));
#5818=DIRECTION('center_axis',(-1.,0.,0.));
#5819=DIRECTION('ref_axis',(0.,1.,0.));
#5820=DIRECTION('',(0.,1.,0.));
#5821=DIRECTION('',(0.,0.,-1.));
#5822=DIRECTION('',(0.,-1.,0.));
#5823=DIRECTION('',(0.,0.,-1.));
#5824=DIRECTION('center_axis',(0.,-1.,0.));
#5825=DIRECTION('ref_axis',(-1.,0.,0.));
#5826=DIRECTION('',(-1.,0.,0.));
#5827=DIRECTION('',(0.,0.,-1.));
#5828=DIRECTION('',(1.,0.,0.));
#5829=DIRECTION('center_axis',(1.,0.,0.));
#5830=DIRECTION('ref_axis',(0.,-1.,0.));
#5831=DIRECTION('',(0.,-1.,0.));
#5832=DIRECTION('',(0.,0.,-1.));
#5833=DIRECTION('',(0.,1.,0.));
#5834=DIRECTION('center_axis',(0.,1.,0.));
#5835=DIRECTION('ref_axis',(1.,0.,0.));
#5836=DIRECTION('',(1.,0.,0.));
#5837=DIRECTION('',(-1.,0.,0.));
#5838=DIRECTION('center_axis',(1.,0.,0.));
#5839=DIRECTION('ref_axis',(0.,-1.,0.));
#5840=DIRECTION('',(0.,-1.,0.));
#5841=DIRECTION('',(0.,0.,-1.));
#5842=DIRECTION('',(0.,1.,0.));
#5843=DIRECTION('',(0.,0.,-1.));
#5844=DIRECTION('center_axis',(0.,1.,0.));
#5845=DIRECTION('ref_axis',(1.,0.,0.));
#5846=DIRECTION('',(1.,0.,0.));
#5847=DIRECTION('',(0.,0.,-1.));
#5848=DIRECTION('',(-1.,0.,0.));
#5849=DIRECTION('center_axis',(-1.,0.,0.));
#5850=DIRECTION('ref_axis',(0.,1.,0.));
#5851=DIRECTION('',(0.,1.,0.));
#5852=DIRECTION('',(0.,0.,-1.));
#5853=DIRECTION('',(0.,-1.,0.));
#5854=DIRECTION('center_axis',(0.,-1.,0.));
#5855=DIRECTION('ref_axis',(-1.,0.,0.));
#5856=DIRECTION('',(-1.,0.,0.));
#5857=DIRECTION('',(1.,0.,0.));
#5858=DIRECTION('center_axis',(0.,0.,-1.));
#5859=DIRECTION('ref_axis',(-1.,0.,0.));
#5860=DIRECTION('center_axis',(0.,0.,-1.));
#5861=DIRECTION('ref_axis',(-1.,0.,0.));
#5862=DIRECTION('',(0.,0.,-1.));
#5863=DIRECTION('center_axis',(0.,0.,1.));
#5864=DIRECTION('ref_axis',(-1.,0.,0.));
#5865=DIRECTION('center_axis',(0.,0.,-1.));
#5866=DIRECTION('ref_axis',(-1.,0.,0.));
#5867=DIRECTION('center_axis',(0.,0.,-1.));
#5868=DIRECTION('ref_axis',(-1.,0.,0.));
#5869=DIRECTION('',(0.,0.,-1.));
#5870=DIRECTION('center_axis',(0.,0.,1.));
#5871=DIRECTION('ref_axis',(-1.,0.,0.));
#5872=DIRECTION('center_axis',(0.,0.,-1.));
#5873=DIRECTION('ref_axis',(-1.,0.,0.));
#5874=DIRECTION('center_axis',(0.,0.,-1.));
#5875=DIRECTION('ref_axis',(-1.,0.,0.));
#5876=DIRECTION('',(0.,0.,-1.));
#5877=DIRECTION('center_axis',(0.,0.,1.));
#5878=DIRECTION('ref_axis',(-1.,0.,0.));
#5879=DIRECTION('center_axis',(0.,0.,-1.));
#5880=DIRECTION('ref_axis',(-1.,0.,0.));
#5881=DIRECTION('center_axis',(0.,0.,-1.));
#5882=DIRECTION('ref_axis',(-1.,0.,0.));
#5883=DIRECTION('',(0.,0.,-1.));
#5884=DIRECTION('center_axis',(0.,0.,1.));
#5885=DIRECTION('ref_axis',(-1.,0.,0.));
#5886=DIRECTION('center_axis',(-1.,0.,0.));
#5887=DIRECTION('ref_axis',(0.,-1.,0.));
#5888=DIRECTION('',(0.,1.,0.));
#5889=DIRECTION('',(0.,0.,1.));
#5890=DIRECTION('',(0.,-1.,0.));
#5891=DIRECTION('',(0.,0.,1.));
#5892=DIRECTION('center_axis',(0.,1.,0.));
#5893=DIRECTION('ref_axis',(-1.,0.,0.));
#5894=DIRECTION('',(1.,0.,0.));
#5895=DIRECTION('',(-1.,0.,0.));
#5896=DIRECTION('',(0.,0.,1.));
#5897=DIRECTION('center_axis',(1.,0.,0.));
#5898=DIRECTION('ref_axis',(0.,1.,0.));
#5899=DIRECTION('',(0.,-1.,0.));
#5900=DIRECTION('',(0.,1.,0.));
#5901=DIRECTION('',(0.,0.,1.));
#5902=DIRECTION('center_axis',(0.,-1.,0.));
#5903=DIRECTION('ref_axis',(1.,0.,0.));
#5904=DIRECTION('',(-1.,0.,0.));
#5905=DIRECTION('',(1.,0.,0.));
#5906=DIRECTION('center_axis',(0.,0.,1.));
#5907=DIRECTION('ref_axis',(1.,0.,0.));
#5908=DIRECTION('center_axis',(0.,0.,1.));
#5909=DIRECTION('ref_axis',(1.,0.,0.));
#5910=DIRECTION('',(0.,0.,1.));
#5911=DIRECTION('',(1.,0.,0.));
#5912=DIRECTION('',(0.,0.,1.));
#5913=DIRECTION('',(1.,0.,0.));
#5914=DIRECTION('',(0.,0.,1.));
#5915=DIRECTION('',(1.,0.,0.));
#5916=CARTESIAN_POINT('',(0.,0.,0.));
#5917=CARTESIAN_POINT('',(0.,0.,0.));
#5918=CARTESIAN_POINT('Origin',(-5.90000044703482,20.0000002980232,7.));
#5919=CARTESIAN_POINT('',(-5.90000044703482,20.0000002980232,7.));
#5920=CARTESIAN_POINT('',(-5.90000044703482,20.0000002980232,3.));
#5921=CARTESIAN_POINT('',(-5.90000044703482,20.0000002980232,3.5));
#5922=CARTESIAN_POINT('',(-5.90000044703482,10.0000002980232,7.));
#5923=CARTESIAN_POINT('',(-5.90000044703482,20.0000002980232,7.));
#5924=CARTESIAN_POINT('',(-5.90000044703482,10.0000002980232,3.));
#5925=CARTESIAN_POINT('',(-5.90000044703482,10.0000001490116,3.5));
#5926=CARTESIAN_POINT('',(-5.90000044703482,20.0000002980232,3.));
#5927=CARTESIAN_POINT('Origin',(4.49999955296518,20.0000002980232,7.));
#5928=CARTESIAN_POINT('',(4.49999955296518,20.0000002980232,7.));
#5929=CARTESIAN_POINT('',(35.9499995529652,20.0000002980232,7.));
#5930=CARTESIAN_POINT('',(4.49999955296518,10.0000002980232,7.));
#5931=CARTESIAN_POINT('',(4.49999955296518,20.0000002980232,7.));
#5932=CARTESIAN_POINT('',(-7.75000037252902,10.0000001490116,7.));
#5933=CARTESIAN_POINT('Origin',(4.49999955296518,20.0000002980232,3.));
#5934=CARTESIAN_POINT('',(4.49999955296518,20.0000002980232,3.));
#5935=CARTESIAN_POINT('',(4.49999955296518,20.0000002980232,1.5));
#5936=CARTESIAN_POINT('',(4.49999955296518,10.0000002980232,3.));
#5937=CARTESIAN_POINT('',(4.49999955296518,20.0000002980232,3.));
#5938=CARTESIAN_POINT('',(4.49999955296518,10.0000001490116,1.5));
#5939=CARTESIAN_POINT('Origin',(-20.0000002980232,10.0000001490116,0.));
#5940=CARTESIAN_POINT('',(57.3999997019768,10.0000001490116,3.));
#5941=CARTESIAN_POINT('',(-0.650000298023221,10.0000001490116,3.));
#5942=CARTESIAN_POINT('',(57.3999997019768,10.0000001490116,13.));
#5943=CARTESIAN_POINT('',(57.3999997019768,10.0000001490116,0.));
#5944=CARTESIAN_POINT('',(-20.0000002980232,10.0000001490116,13.));
#5945=CARTESIAN_POINT('',(-20.0000002980232,10.0000001490116,13.));
#5946=CARTESIAN_POINT('',(-20.0000002980232,10.0000001490116,3.));
#5947=CARTESIAN_POINT('',(-20.0000002980232,10.0000001490116,0.));
#5948=CARTESIAN_POINT('',(-0.650000298023221,10.0000001490116,3.));
#5949=CARTESIAN_POINT('Origin',(62.3999995529652,-64.8999997019768,13.));
#5950=CARTESIAN_POINT('',(63.9999995529652,-64.8999997019768,13.));
#5951=CARTESIAN_POINT('Origin',(62.3999995529652,-64.8999997019768,13.));
#5952=CARTESIAN_POINT('',(63.9999995529652,-64.8999997019768,0.));
#5953=CARTESIAN_POINT('',(63.9999995529652,-64.8999997019768,13.));
#5954=CARTESIAN_POINT('Origin',(62.3999995529652,-64.8999997019768,0.));
#5955=CARTESIAN_POINT('Origin',(-25.0000004470348,-64.8999997019768,13.));
#5956=CARTESIAN_POINT('',(-23.4000004470348,-64.8999997019768,13.));
#5957=CARTESIAN_POINT('Origin',(-25.0000004470348,-64.8999997019768,13.));
#5958=CARTESIAN_POINT('',(-23.4000004470348,-64.8999997019768,0.));
#5959=CARTESIAN_POINT('',(-23.4000004470348,-64.8999997019768,13.));
#5960=CARTESIAN_POINT('Origin',(-25.0000004470348,-64.8999997019768,0.));
#5961=CARTESIAN_POINT('Origin',(62.3999997019768,15.0000002235174,13.));
#5962=CARTESIAN_POINT('',(63.9999997019768,15.0000002235174,13.));
#5963=CARTESIAN_POINT('Origin',(62.3999997019768,15.0000002235174,13.));
#5964=CARTESIAN_POINT('',(63.9999997019768,15.0000002235174,0.));
#5965=CARTESIAN_POINT('',(63.9999997019768,15.0000002235174,13.));
#5966=CARTESIAN_POINT('Origin',(62.3999997019768,15.0000002235174,0.));
#5967=CARTESIAN_POINT('Origin',(-25.000000372529,15.0000002235174,13.));
#5968=CARTESIAN_POINT('',(-23.400000372529,15.0000002235174,13.));
#5969=CARTESIAN_POINT('Origin',(-25.000000372529,15.0000002235174,13.));
#5970=CARTESIAN_POINT('',(-23.400000372529,15.0000002235174,0.));
#5971=CARTESIAN_POINT('',(-23.400000372529,15.0000002235174,13.));
#5972=CARTESIAN_POINT('Origin',(-25.000000372529,15.0000002235174,0.));
#5973=CARTESIAN_POINT('Origin',(18.6999997019768,-24.9499998509884,3.));
#5974=CARTESIAN_POINT('',(57.3999997019768,-59.8999998509884,3.));
#5975=CARTESIAN_POINT('',(-20.0000002980232,-59.8999998509884,3.));
#5976=CARTESIAN_POINT('',(38.0499997019768,-59.8999998509884,3.));
#5977=CARTESIAN_POINT('',(57.3999997019768,-7.47499985098839,3.));
#5978=CARTESIAN_POINT('',(30.7499995529652,20.0000002980232,3.));
#5979=CARTESIAN_POINT('',(-20.0000002980232,-42.4249998509884,3.));
#5980=CARTESIAN_POINT('Origin',(57.3999997019768,10.0000001490116,0.));
#5981=CARTESIAN_POINT('',(57.3999997019768,-59.8999998509884,13.));
#5982=CARTESIAN_POINT('',(57.3999997019768,-59.8999998509884,0.));
#5983=CARTESIAN_POINT('',(57.3999997019768,10.0000001490116,13.));
#5984=CARTESIAN_POINT('Origin',(-20.0000002980232,-59.8999998509884,0.));
#5985=CARTESIAN_POINT('',(-20.0000002980232,-59.8999998509884,13.));
#5986=CARTESIAN_POINT('',(-20.0000002980232,-59.8999998509884,13.));
#5987=CARTESIAN_POINT('',(-20.0000002980232,-59.8999998509884,0.));
#5988=CARTESIAN_POINT('Origin',(57.3999997019768,-59.8999998509884,0.));
#5989=CARTESIAN_POINT('',(57.3999997019768,-59.8999998509884,13.));
#5990=CARTESIAN_POINT('Origin',(-30.0000004470348,20.0000002980232,0.));
#5991=CARTESIAN_POINT('',(-30.0000004470348,-69.8999997019768,0.));
#5992=CARTESIAN_POINT('',(-30.0000004470348,20.0000002980232,0.));
#5993=CARTESIAN_POINT('',(-30.0000004470348,-69.8999997019768,0.));
#5994=CARTESIAN_POINT('',(-30.0000004470348,-69.8999997019768,13.));
#5995=CARTESIAN_POINT('',(-30.0000004470348,-69.8999997019768,0.));
#5996=CARTESIAN_POINT('',(-30.0000004470348,20.0000002980232,13.));
#5997=CARTESIAN_POINT('',(-30.0000004470348,-69.8999997019768,13.));
#5998=CARTESIAN_POINT('',(-30.0000004470348,20.0000002980232,0.));
#5999=CARTESIAN_POINT('Origin',(67.3999995529652,20.0000002980232,0.));
#6000=CARTESIAN_POINT('',(67.3999995529652,20.0000002980232,0.));
#6001=CARTESIAN_POINT('',(-30.0000004470348,20.0000002980232,0.));
#6002=CARTESIAN_POINT('',(67.3999995529652,20.0000002980232,13.));
#6003=CARTESIAN_POINT('',(-30.0000004470348,20.0000002980232,13.));
#6004=CARTESIAN_POINT('',(67.3999995529652,20.0000002980232,0.));
#6005=CARTESIAN_POINT('Origin',(67.3999995529652,-69.8999997019768,0.));
#6006=CARTESIAN_POINT('',(67.3999995529652,-69.8999997019768,0.));
#6007=CARTESIAN_POINT('',(67.3999995529652,20.0000002980232,0.));
#6008=CARTESIAN_POINT('',(67.3999995529652,-69.8999997019768,13.));
#6009=CARTESIAN_POINT('',(67.3999995529652,20.0000002980232,13.));
#6010=CARTESIAN_POINT('',(67.3999995529652,-69.8999997019768,0.));
#6011=CARTESIAN_POINT('Origin',(-30.0000004470348,-69.8999997019768,0.));
#6012=CARTESIAN_POINT('',(67.3999995529652,-69.8999997019768,0.));
#6013=CARTESIAN_POINT('',(67.3999995529652,-69.8999997019768,13.));
#6014=CARTESIAN_POINT('Origin',(18.6999995529652,-24.9499997019768,13.));
#6015=CARTESIAN_POINT('Origin',(18.6999995529652,-24.9499997019768,0.));
#6016=CARTESIAN_POINT('',(0.,0.,0.));
#6017=CARTESIAN_POINT('',(0.,0.,0.));
#6018=CARTESIAN_POINT('',(0.,0.,0.));
#6019=CARTESIAN_POINT('Origin',(8.91,2.54,0.));
#6020=CARTESIAN_POINT('',(8.91,2.54,0.));
#6021=CARTESIAN_POINT('',(8.91,2.54,2.5));
#6022=CARTESIAN_POINT('',(8.91,2.54,0.));
#6023=CARTESIAN_POINT('',(-1.29,2.54,0.));
#6024=CARTESIAN_POINT('',(8.91,2.54,0.));
#6025=CARTESIAN_POINT('',(-1.29,2.54,2.5));
#6026=CARTESIAN_POINT('',(-1.29,2.54,0.));
#6027=CARTESIAN_POINT('',(8.91,2.54,2.5));
#6028=CARTESIAN_POINT('Origin',(8.91,-3.3,0.));
#6029=CARTESIAN_POINT('',(8.91,-3.3,0.));
#6030=CARTESIAN_POINT('',(8.91,-2.1,-6.827871601445E-16));
#6031=CARTESIAN_POINT('',(8.91,-3.3,0.));
#6032=CARTESIAN_POINT('',(8.91,-2.1,0.5));
#6033=CARTESIAN_POINT('',(8.91,-2.1,-4.996003610813E-17));
#6034=CARTESIAN_POINT('',(8.91,1.34,0.5));
#6035=CARTESIAN_POINT('',(8.91,-2.7,0.5));
#6036=CARTESIAN_POINT('',(8.91,1.34,-4.918287999089E-16));
#6037=CARTESIAN_POINT('',(8.91,1.34,0.25));
#6038=CARTESIAN_POINT('',(8.91,-3.3,0.));
#6039=CARTESIAN_POINT('',(8.91,-1.3,2.5));
#6040=CARTESIAN_POINT('',(8.91,-3.3,2.5));
#6041=CARTESIAN_POINT('',(8.91,-2.3,2.5));
#6042=CARTESIAN_POINT('Origin',(8.91,-1.8,2.5));
#6043=CARTESIAN_POINT('',(8.91,-3.3,2.5));
#6044=CARTESIAN_POINT('',(8.91,-3.3,2.5));
#6045=CARTESIAN_POINT('',(8.91,-3.3,0.));
#6046=CARTESIAN_POINT('Origin',(-1.29,2.54,0.));
#6047=CARTESIAN_POINT('',(-1.29,1.34,1.487698852998E-16));
#6048=CARTESIAN_POINT('',(-1.29,2.54,0.));
#6049=CARTESIAN_POINT('',(-1.29,1.34,0.5));
#6050=CARTESIAN_POINT('',(-1.29,1.34,0.5));
#6051=CARTESIAN_POINT('',(-1.29,-2.1,0.5));
#6052=CARTESIAN_POINT('',(-1.29,-2.1,0.5));
#6053=CARTESIAN_POINT('',(-1.29,-2.1,-2.331468351713E-16));
#6054=CARTESIAN_POINT('',(-1.29,-2.1,-2.331468351713E-16));
#6055=CARTESIAN_POINT('',(-1.29,-3.3,0.));
#6056=CARTESIAN_POINT('',(-1.29,2.54,0.));
#6057=CARTESIAN_POINT('',(-1.29,-3.3,2.5));
#6058=CARTESIAN_POINT('',(-1.29,-3.3,0.));
#6059=CARTESIAN_POINT('',(-1.29,-2.3,2.5));
#6060=CARTESIAN_POINT('',(-1.29,2.54,2.5));
#6061=CARTESIAN_POINT('',(-1.29,-1.3,2.5));
#6062=CARTESIAN_POINT('Origin',(-1.29,-1.8,2.5));
#6063=CARTESIAN_POINT('',(-1.29,2.54,2.5));
#6064=CARTESIAN_POINT('Origin',(8.91,2.54,0.));
#6065=CARTESIAN_POINT('',(-1.29,1.34,1.487698852998E-16));
#6066=CARTESIAN_POINT('',(5.554999991327,1.906620214849,0.));
#6067=CARTESIAN_POINT('',(5.554999991327,2.156620214849,0.));
#6068=CARTESIAN_POINT('',(5.554999991327,1.906620214849,0.));
#6069=CARTESIAN_POINT('',(4.604999991327,2.156620214849,0.));
#6070=CARTESIAN_POINT('',(5.554999991327,2.156620214849,0.));
#6071=CARTESIAN_POINT('',(4.604999991327,1.906620214849,0.));
#6072=CARTESIAN_POINT('',(4.604999991327,2.156620214849,0.));
#6073=CARTESIAN_POINT('Origin',(5.079999991327,1.906620214849,0.));
#6074=CARTESIAN_POINT('Origin',(8.91,2.54,2.5));
#6075=CARTESIAN_POINT('',(-1.29,-1.3,2.5));
#6076=CARTESIAN_POINT('',(2.86,-0.32,2.5));
#6077=CARTESIAN_POINT('',(2.22,-0.32,2.5));
#6078=CARTESIAN_POINT('',(5.885,-0.32,2.5));
#6079=CARTESIAN_POINT('',(2.22,0.32,2.5));
#6080=CARTESIAN_POINT('',(2.22,1.11,2.5));
#6081=CARTESIAN_POINT('',(2.86,0.32,2.5));
#6082=CARTESIAN_POINT('',(5.565,0.32,2.5));
#6083=CARTESIAN_POINT('',(2.86,1.43,2.5));
#6084=CARTESIAN_POINT('',(0.32,0.32,2.5));
#6085=CARTESIAN_POINT('',(0.32,-0.32,2.5));
#6086=CARTESIAN_POINT('',(0.32,1.43,2.5));
#6087=CARTESIAN_POINT('',(-0.32,-0.32,2.5));
#6088=CARTESIAN_POINT('',(4.615,-0.32,2.5));
#6089=CARTESIAN_POINT('',(-0.32,0.32,2.5));
#6090=CARTESIAN_POINT('',(-0.32,1.11,2.5));
#6091=CARTESIAN_POINT('',(4.295,0.32,2.5));
#6092=CARTESIAN_POINT('',(4.76,-0.32,2.5));
#6093=CARTESIAN_POINT('',(4.76,0.32,2.5));
#6094=CARTESIAN_POINT('',(4.76,1.11,2.5));
#6095=CARTESIAN_POINT('',(5.4,0.32,2.5));
#6096=CARTESIAN_POINT('',(6.835,0.32,2.5));
#6097=CARTESIAN_POINT('',(5.4,-0.32,2.5));
#6098=CARTESIAN_POINT('',(5.4,1.43,2.5));
#6099=CARTESIAN_POINT('',(7.155,-0.32,2.5));
#6100=CARTESIAN_POINT('',(7.94,-0.32,2.5));
#6101=CARTESIAN_POINT('',(7.3,-0.32,2.5));
#6102=CARTESIAN_POINT('',(8.425,-0.32,2.5));
#6103=CARTESIAN_POINT('',(7.3,0.32,2.5));
#6104=CARTESIAN_POINT('',(7.3,1.11,2.5));
#6105=CARTESIAN_POINT('',(7.94,0.32,2.5));
#6106=CARTESIAN_POINT('',(8.105,0.32,2.5));
#6107=CARTESIAN_POINT('',(7.94,1.43,2.5));
#6108=CARTESIAN_POINT('Origin',(8.91,2.54,0.));
#6109=CARTESIAN_POINT('',(-1.29,-2.1,-2.331468351713E-16));
#6110=CARTESIAN_POINT('',(-1.29,-3.3,0.));
#6111=CARTESIAN_POINT('Origin',(-1.29,-2.1,-2.331468351713E-16));
#6112=CARTESIAN_POINT('',(-1.29,-2.1,0.5));
#6113=CARTESIAN_POINT('Origin',(-1.29,-2.1,0.5));
#6114=CARTESIAN_POINT('',(-1.29,1.34,0.5));
#6115=CARTESIAN_POINT('',(0.32,-0.32,0.5));
#6116=CARTESIAN_POINT('',(0.32,0.32,0.5));
#6117=CARTESIAN_POINT('',(0.32,-0.89,0.5));
#6118=CARTESIAN_POINT('',(-0.32,0.32,0.5));
#6119=CARTESIAN_POINT('',(-0.805,0.32,0.5));
#6120=CARTESIAN_POINT('',(-0.32,-0.32,0.5));
#6121=CARTESIAN_POINT('',(-0.32,-1.21,0.5));
#6122=CARTESIAN_POINT('',(-0.485,-0.32,0.5));
#6123=CARTESIAN_POINT('',(2.22,-0.32,0.5));
#6124=CARTESIAN_POINT('',(2.86,-0.32,0.5));
#6125=CARTESIAN_POINT('',(0.785,-0.32,0.5));
#6126=CARTESIAN_POINT('',(2.86,0.32,0.5));
#6127=CARTESIAN_POINT('',(2.86,-0.89,0.5));
#6128=CARTESIAN_POINT('',(2.22,0.32,0.5));
#6129=CARTESIAN_POINT('',(0.465,0.32,0.5));
#6130=CARTESIAN_POINT('',(2.22,-1.21,0.5));
#6131=CARTESIAN_POINT('',(4.76,0.32,0.5));
#6132=CARTESIAN_POINT('',(4.76,-0.32,0.5));
#6133=CARTESIAN_POINT('',(4.76,-1.21,0.5));
#6134=CARTESIAN_POINT('',(5.4,-0.32,0.5));
#6135=CARTESIAN_POINT('',(2.055,-0.32,0.5));
#6136=CARTESIAN_POINT('',(5.4,0.32,0.5));
#6137=CARTESIAN_POINT('',(5.4,-0.89,0.5));
#6138=CARTESIAN_POINT('',(1.735,0.32,0.5));
#6139=CARTESIAN_POINT('',(7.3,-0.32,0.5));
#6140=CARTESIAN_POINT('',(7.94,-0.32,0.5));
#6141=CARTESIAN_POINT('',(3.325,-0.32,0.5));
#6142=CARTESIAN_POINT('',(7.94,0.32,0.5));
#6143=CARTESIAN_POINT('',(7.94,-0.89,0.5));
#6144=CARTESIAN_POINT('',(7.3,0.32,0.5));
#6145=CARTESIAN_POINT('',(3.005,0.32,0.5));
#6146=CARTESIAN_POINT('',(7.3,-1.21,0.5));
#6147=CARTESIAN_POINT('Origin',(-1.29,1.34,0.5));
#6148=CARTESIAN_POINT('Origin',(-1.29,-1.8,2.5));
#6149=CARTESIAN_POINT('',(-2.816687638039E-16,-2.3,2.5));
#6150=CARTESIAN_POINT('',(-1.29,-2.3,2.5));
#6151=CARTESIAN_POINT('',(5.08,-2.3,2.5));
#6152=CARTESIAN_POINT('',(-1.29,-2.3,2.5));
#6153=CARTESIAN_POINT('',(-1.29,-2.3,2.5));
#6154=CARTESIAN_POINT('Origin',(8.91,2.54,2.5));
#6155=CARTESIAN_POINT('',(5.08,-3.3,2.5));
#6156=CARTESIAN_POINT('',(5.08,-3.3,2.5));
#6157=CARTESIAN_POINT('',(-1.29,-3.3,2.5));
#6158=CARTESIAN_POINT('Origin',(-1.29,-3.3,0.));
#6159=CARTESIAN_POINT('',(-4.041334437186E-16,-3.3,2.5));
#6160=CARTESIAN_POINT('',(-4.041334437186E-16,-3.3,2.5));
#6161=CARTESIAN_POINT('',(-1.29,-3.3,2.5));
#6162=CARTESIAN_POINT('Origin',(8.91,2.54,2.5));
#6163=CARTESIAN_POINT('',(-2.816687638039E-16,-2.3,2.5));
#6164=CARTESIAN_POINT('Origin',(5.554999991327,1.906620214849,0.));
#6165=CARTESIAN_POINT('',(5.554999991327,1.906620214849,-2.3));
#6166=CARTESIAN_POINT('',(5.554999991327,1.906620214849,0.));
#6167=CARTESIAN_POINT('',(5.554999991327,2.156620214849,-2.3));
#6168=CARTESIAN_POINT('',(5.554999991327,1.906620214849,-2.3));
#6169=CARTESIAN_POINT('',(5.554999991327,2.156620214849,0.));
#6170=CARTESIAN_POINT('Origin',(5.079999991327,1.906620214849,0.));
#6171=CARTESIAN_POINT('',(4.604999991327,1.906620214849,-2.3));
#6172=CARTESIAN_POINT('',(4.604999991327,1.906620214849,0.));
#6173=CARTESIAN_POINT('Origin',(5.079999991327,1.906620214849,-2.3));
#6174=CARTESIAN_POINT('Origin',(4.604999991327,2.156620214849,0.));
#6175=CARTESIAN_POINT('',(4.604999991327,2.156620214849,-2.3));
#6176=CARTESIAN_POINT('',(4.604999991327,2.156620214849,0.));
#6177=CARTESIAN_POINT('',(4.604999991327,2.156620214849,-2.3));
#6178=CARTESIAN_POINT('Origin',(5.554999991327,2.156620214849,0.));
#6179=CARTESIAN_POINT('',(5.554999991327,2.156620214849,-2.3));
#6180=CARTESIAN_POINT('Origin',(2.86,-0.32,-3.5));
#6181=CARTESIAN_POINT('',(2.86,-0.32,9.85));
#6182=CARTESIAN_POINT('',(2.86,-0.32,-3.5));
#6183=CARTESIAN_POINT('',(2.22,-0.32,9.85));
#6184=CARTESIAN_POINT('',(2.86,-0.32,9.85));
#6185=CARTESIAN_POINT('',(2.22,-0.32,-3.5));
#6186=CARTESIAN_POINT('Origin',(2.86,0.32,-3.5));
#6187=CARTESIAN_POINT('',(2.86,0.32,9.85));
#6188=CARTESIAN_POINT('',(2.86,0.32,-3.5));
#6189=CARTESIAN_POINT('',(2.86,0.32,9.85));
#6190=CARTESIAN_POINT('Origin',(2.22,-0.32,-3.5));
#6191=CARTESIAN_POINT('',(2.22,0.32,9.85));
#6192=CARTESIAN_POINT('',(2.22,-0.32,9.85));
#6193=CARTESIAN_POINT('',(2.22,0.32,-3.5));
#6194=CARTESIAN_POINT('Origin',(2.22,0.32,-3.5));
#6195=CARTESIAN_POINT('',(2.22,0.32,9.85));
#6196=CARTESIAN_POINT('Origin',(0.32,0.32,-3.5));
#6197=CARTESIAN_POINT('',(0.32,0.32,9.85));
#6198=CARTESIAN_POINT('',(0.32,0.32,-3.5));
#6199=CARTESIAN_POINT('',(0.32,-0.32,9.85));
#6200=CARTESIAN_POINT('',(0.32,0.32,9.85));
#6201=CARTESIAN_POINT('',(0.32,-0.32,-3.5));
#6202=CARTESIAN_POINT('Origin',(-0.32,0.32,-3.5));
#6203=CARTESIAN_POINT('',(-0.32,0.32,9.85));
#6204=CARTESIAN_POINT('',(-0.32,0.32,-3.5));
#6205=CARTESIAN_POINT('',(-0.32,0.32,9.85));
#6206=CARTESIAN_POINT('Origin',(0.32,-0.32,-3.5));
#6207=CARTESIAN_POINT('',(-0.32,-0.32,9.85));
#6208=CARTESIAN_POINT('',(0.32,-0.32,9.85));
#6209=CARTESIAN_POINT('',(-0.32,-0.32,-3.5));
#6210=CARTESIAN_POINT('Origin',(-0.32,-0.32,-3.5));
#6211=CARTESIAN_POINT('',(-0.32,-0.32,9.85));
#6212=CARTESIAN_POINT('Origin',(4.76,-0.32,-3.5));
#6213=CARTESIAN_POINT('',(4.76,-0.32,9.85));
#6214=CARTESIAN_POINT('',(4.76,-0.32,-3.5));
#6215=CARTESIAN_POINT('',(4.76,0.32,9.85));
#6216=CARTESIAN_POINT('',(4.76,-0.32,9.85));
#6217=CARTESIAN_POINT('',(4.76,0.32,-3.5));
#6218=CARTESIAN_POINT('Origin',(5.4,-0.32,-3.5));
#6219=CARTESIAN_POINT('',(5.4,-0.32,9.85));
#6220=CARTESIAN_POINT('',(5.4,-0.32,-3.5));
#6221=CARTESIAN_POINT('',(5.4,-0.32,9.85));
#6222=CARTESIAN_POINT('Origin',(4.76,0.32,-3.5));
#6223=CARTESIAN_POINT('',(5.4,0.32,9.85));
#6224=CARTESIAN_POINT('',(4.76,0.32,9.85));
#6225=CARTESIAN_POINT('',(5.4,0.32,-3.5));
#6226=CARTESIAN_POINT('Origin',(5.4,0.32,-3.5));
#6227=CARTESIAN_POINT('',(5.4,0.32,9.85));
#6228=CARTESIAN_POINT('Origin',(7.94,-0.32,-3.5));
#6229=CARTESIAN_POINT('',(7.94,-0.32,9.85));
#6230=CARTESIAN_POINT('',(7.94,-0.32,-3.5));
#6231=CARTESIAN_POINT('',(7.3,-0.32,9.85));
#6232=CARTESIAN_POINT('',(7.94,-0.32,9.85));
#6233=CARTESIAN_POINT('',(7.3,-0.32,-3.5));
#6234=CARTESIAN_POINT('Origin',(7.3,-0.32,-3.5));
#6235=CARTESIAN_POINT('',(7.3,0.32,9.85));
#6236=CARTESIAN_POINT('',(7.3,-0.32,9.85));
#6237=CARTESIAN_POINT('',(7.3,0.32,-3.5));
#6238=CARTESIAN_POINT('Origin',(7.3,0.32,-3.5));
#6239=CARTESIAN_POINT('',(7.94,0.32,9.85));
#6240=CARTESIAN_POINT('',(7.3,0.32,9.85));
#6241=CARTESIAN_POINT('',(7.94,0.32,-3.5));
#6242=CARTESIAN_POINT('Origin',(7.94,0.32,-3.5));
#6243=CARTESIAN_POINT('',(7.94,0.32,9.85));
#6244=CARTESIAN_POINT('Origin',(0.32,0.32,-3.5));
#6245=CARTESIAN_POINT('',(0.32,0.32,-3.35));
#6246=CARTESIAN_POINT('',(0.32,-0.32,-3.35));
#6247=CARTESIAN_POINT('',(0.32,0.32,-3.35));
#6248=CARTESIAN_POINT('',(0.32,0.32,-3.5));
#6249=CARTESIAN_POINT('',(0.32,-0.32,-3.5));
#6250=CARTESIAN_POINT('Origin',(0.32,-0.32,-3.5));
#6251=CARTESIAN_POINT('',(-0.32,-0.32,-3.35));
#6252=CARTESIAN_POINT('',(0.32,-0.32,-3.35));
#6253=CARTESIAN_POINT('',(-0.32,-0.32,-3.5));
#6254=CARTESIAN_POINT('Origin',(-0.32,0.32,-3.5));
#6255=CARTESIAN_POINT('',(-0.32,0.32,-3.35));
#6256=CARTESIAN_POINT('',(-0.32,0.32,-3.35));
#6257=CARTESIAN_POINT('',(-0.32,0.32,-3.5));
#6258=CARTESIAN_POINT('Origin',(-0.32,-0.32,-3.5));
#6259=CARTESIAN_POINT('',(-0.32,-0.32,-3.35));
#6260=CARTESIAN_POINT('Origin',(2.86,-0.32,-3.5));
#6261=CARTESIAN_POINT('',(2.86,-0.32,-3.35));
#6262=CARTESIAN_POINT('',(2.22,-0.32,-3.35));
#6263=CARTESIAN_POINT('',(2.86,-0.32,-3.35));
#6264=CARTESIAN_POINT('',(2.86,-0.32,-3.5));
#6265=CARTESIAN_POINT('',(2.22,-0.32,-3.5));
#6266=CARTESIAN_POINT('Origin',(2.22,-0.32,-3.5));
#6267=CARTESIAN_POINT('',(2.22,0.32,-3.35));
#6268=CARTESIAN_POINT('',(2.22,-0.32,-3.35));
#6269=CARTESIAN_POINT('',(2.22,0.32,-3.5));
#6270=CARTESIAN_POINT('Origin',(2.86,0.32,-3.5));
#6271=CARTESIAN_POINT('',(2.86,0.32,-3.35));
#6272=CARTESIAN_POINT('',(2.86,0.32,-3.35));
#6273=CARTESIAN_POINT('',(2.86,0.32,-3.5));
#6274=CARTESIAN_POINT('Origin',(2.22,0.32,-3.5));
#6275=CARTESIAN_POINT('',(2.22,0.32,-3.35));
#6276=CARTESIAN_POINT('Origin',(4.76,-0.32,-3.5));
#6277=CARTESIAN_POINT('',(4.76,-0.32,-3.35));
#6278=CARTESIAN_POINT('',(4.76,0.32,-3.35));
#6279=CARTESIAN_POINT('',(4.76,-0.32,-3.35));
#6280=CARTESIAN_POINT('',(4.76,-0.32,-3.5));
#6281=CARTESIAN_POINT('',(4.76,0.32,-3.5));
#6282=CARTESIAN_POINT('Origin',(4.76,0.32,-3.5));
#6283=CARTESIAN_POINT('',(5.4,0.32,-3.35));
#6284=CARTESIAN_POINT('',(4.76,0.32,-3.35));
#6285=CARTESIAN_POINT('',(5.4,0.32,-3.5));
#6286=CARTESIAN_POINT('Origin',(5.4,-0.32,-3.5));
#6287=CARTESIAN_POINT('',(5.4,-0.32,-3.35));
#6288=CARTESIAN_POINT('',(5.4,-0.32,-3.35));
#6289=CARTESIAN_POINT('',(5.4,-0.32,-3.5));
#6290=CARTESIAN_POINT('Origin',(5.4,0.32,-3.5));
#6291=CARTESIAN_POINT('',(5.4,0.32,-3.35));
#6292=CARTESIAN_POINT('Origin',(7.94,-0.32,-3.5));
#6293=CARTESIAN_POINT('',(7.94,-0.32,-3.35));
#6294=CARTESIAN_POINT('',(7.3,-0.32,-3.35));
#6295=CARTESIAN_POINT('',(7.94,-0.32,-3.35));
#6296=CARTESIAN_POINT('',(7.94,-0.32,-3.5));
#6297=CARTESIAN_POINT('',(7.3,-0.32,-3.5));
#6298=CARTESIAN_POINT('Origin',(7.94,0.32,-3.5));
#6299=CARTESIAN_POINT('',(7.94,0.32,-3.35));
#6300=CARTESIAN_POINT('',(7.94,0.32,-3.35));
#6301=CARTESIAN_POINT('',(7.94,0.32,-3.5));
#6302=CARTESIAN_POINT('Origin',(7.3,0.32,-3.5));
#6303=CARTESIAN_POINT('',(7.3,0.32,-3.35));
#6304=CARTESIAN_POINT('',(7.3,0.32,-3.35));
#6305=CARTESIAN_POINT('',(7.3,0.32,-3.5));
#6306=CARTESIAN_POINT('Origin',(7.3,-0.32,-3.5));
#6307=CARTESIAN_POINT('',(7.3,-0.32,-3.35));
#6308=CARTESIAN_POINT('Origin',(5.08,-2.3,2.5));
#6309=CARTESIAN_POINT('',(9.992007221626E-17,-2.3,5.5));
#6310=CARTESIAN_POINT('',(-2.816687638039E-16,-2.3,2.5));
#6311=CARTESIAN_POINT('',(5.08,-2.3,5.5));
#6312=CARTESIAN_POINT('',(9.992007221626E-17,-2.3,5.5));
#6313=CARTESIAN_POINT('',(5.08,-2.3,2.5));
#6314=CARTESIAN_POINT('Origin',(5.08,-3.3,2.5));
#6315=CARTESIAN_POINT('',(5.08,-3.3,7.5));
#6316=CARTESIAN_POINT('',(5.08,-3.3,2.5));
#6317=CARTESIAN_POINT('',(5.08,-2.3,7.5));
#6318=CARTESIAN_POINT('',(5.08,-2.3,2.5));
#6319=CARTESIAN_POINT('',(5.08,-3.3,7.5));
#6320=CARTESIAN_POINT('Origin',(-4.041334437186E-16,-3.3,2.5));
#6321=CARTESIAN_POINT('',(-4.041334437186E-16,-3.3,7.5));
#6322=CARTESIAN_POINT('',(-4.041334437186E-16,-3.3,2.5));
#6323=CARTESIAN_POINT('',(-4.041334437186E-16,-3.3,7.5));
#6324=CARTESIAN_POINT('Origin',(-2.816687638039E-16,-2.3,2.5));
#6325=CARTESIAN_POINT('',(2.01479566687E-17,-2.3,7.5));
#6326=CARTESIAN_POINT('',(-2.816687638039E-16,-2.3,7.5));
#6327=CARTESIAN_POINT('',(-2.816687638039E-16,-2.3,2.5));
#6328=CARTESIAN_POINT('Origin',(4.604999991327,2.156620214849,-2.3));
#6329=CARTESIAN_POINT('Origin',(2.86,-0.245,9.925));
#6330=CARTESIAN_POINT('',(2.71,-0.17,10.));
#6331=CARTESIAN_POINT('',(2.703333333333,-0.163333333333,10.006666666667));
#6332=CARTESIAN_POINT('',(2.37,-0.17,10.));
#6333=CARTESIAN_POINT('',(2.86,-0.17,10.));
#6334=CARTESIAN_POINT('',(2.376666666667,-0.163333333333,10.006666666667));
#6335=CARTESIAN_POINT('Origin',(2.785,0.32,9.925));
#6336=CARTESIAN_POINT('',(2.71,0.17,10.));
#6337=CARTESIAN_POINT('',(2.703333333333,0.163333333333,10.006666666667));
#6338=CARTESIAN_POINT('',(2.71,0.32,10.));
#6339=CARTESIAN_POINT('Origin',(2.295,-0.32,9.925));
#6340=CARTESIAN_POINT('',(2.37,0.17,10.));
#6341=CARTESIAN_POINT('',(2.37,-0.32,10.));
#6342=CARTESIAN_POINT('',(2.376666666667,0.163333333333,10.006666666667));
#6343=CARTESIAN_POINT('Origin',(2.22,0.245,9.925));
#6344=CARTESIAN_POINT('',(2.22,0.17,10.));
#6345=CARTESIAN_POINT('Origin',(0.245,0.32,9.925));
#6346=CARTESIAN_POINT('',(0.17,0.17,10.));
#6347=CARTESIAN_POINT('',(0.163333333333,0.163333333333,10.006666666667));
#6348=CARTESIAN_POINT('',(0.17,-0.17,10.));
#6349=CARTESIAN_POINT('',(0.17,0.32,10.));
#6350=CARTESIAN_POINT('',(0.163333333333,-0.163333333333,10.006666666667));
#6351=CARTESIAN_POINT('Origin',(-0.32,0.245,9.925));
#6352=CARTESIAN_POINT('',(-0.17,0.17,10.));
#6353=CARTESIAN_POINT('',(-0.163333333333,0.163333333333,10.006666666667));
#6354=CARTESIAN_POINT('',(-0.32,0.17,10.));
#6355=CARTESIAN_POINT('Origin',(0.32,-0.245,9.925));
#6356=CARTESIAN_POINT('',(-0.17,-0.17,10.));
#6357=CARTESIAN_POINT('',(0.32,-0.17,10.));
#6358=CARTESIAN_POINT('',(-0.163333333333,-0.163333333333,10.006666666667));
#6359=CARTESIAN_POINT('Origin',(-0.245,-0.32,9.925));
#6360=CARTESIAN_POINT('',(-0.17,-0.32,10.));
#6361=CARTESIAN_POINT('Origin',(4.835,-0.32,9.925));
#6362=CARTESIAN_POINT('',(4.91,-0.17,10.));
#6363=CARTESIAN_POINT('',(4.916666666667,-0.163333333333,10.006666666667));
#6364=CARTESIAN_POINT('',(4.91,0.17,10.));
#6365=CARTESIAN_POINT('',(4.91,-0.32,10.));
#6366=CARTESIAN_POINT('',(4.916666666667,0.163333333333,10.006666666667));
#6367=CARTESIAN_POINT('Origin',(5.4,-0.245,9.925));
#6368=CARTESIAN_POINT('',(5.25,-0.17,10.));
#6369=CARTESIAN_POINT('',(5.243333333333,-0.163333333333,10.006666666667));
#6370=CARTESIAN_POINT('',(5.4,-0.17,10.));
#6371=CARTESIAN_POINT('Origin',(4.76,0.245,9.925));
#6372=CARTESIAN_POINT('',(5.25,0.17,10.));
#6373=CARTESIAN_POINT('',(4.76,0.17,10.));
#6374=CARTESIAN_POINT('',(5.243333333333,0.163333333333,10.006666666667));
#6375=CARTESIAN_POINT('Origin',(5.325,0.32,9.925));
#6376=CARTESIAN_POINT('',(5.25,0.32,10.));
#6377=CARTESIAN_POINT('Origin',(7.94,-0.245,9.925));
#6378=CARTESIAN_POINT('',(7.79,-0.17,10.));
#6379=CARTESIAN_POINT('',(7.783333333333,-0.163333333333,10.006666666667));
#6380=CARTESIAN_POINT('',(7.45,-0.17,10.));
#6381=CARTESIAN_POINT('',(7.94,-0.17,10.));
#6382=CARTESIAN_POINT('',(7.456666666667,-0.163333333333,10.006666666667));
#6383=CARTESIAN_POINT('Origin',(7.375,-0.32,9.925));
#6384=CARTESIAN_POINT('',(7.45,0.17,10.));
#6385=CARTESIAN_POINT('',(7.45,-0.32,10.));
#6386=CARTESIAN_POINT('',(7.456666666667,0.163333333333,10.006666666667));
#6387=CARTESIAN_POINT('Origin',(7.3,0.245,9.925));
#6388=CARTESIAN_POINT('',(7.79,0.17,10.));
#6389=CARTESIAN_POINT('',(7.3,0.17,10.));
#6390=CARTESIAN_POINT('',(7.783333333333,0.163333333333,10.006666666667));
#6391=CARTESIAN_POINT('Origin',(7.865,0.32,9.925));
#6392=CARTESIAN_POINT('',(7.79,0.32,10.));
#6393=CARTESIAN_POINT('Origin',(0.245,0.32,-3.425));
#6394=CARTESIAN_POINT('',(0.17,0.17,-3.5));
#6395=CARTESIAN_POINT('',(0.163333333333,0.163333333333,-3.506666666667));
#6396=CARTESIAN_POINT('',(0.17,-0.17,-3.5));
#6397=CARTESIAN_POINT('',(0.163333333333,-0.163333333333,-3.506666666667));
#6398=CARTESIAN_POINT('',(0.17,0.32,-3.5));
#6399=CARTESIAN_POINT('Origin',(0.32,-0.245,-3.425));
#6400=CARTESIAN_POINT('',(-0.17,-0.17,-3.5));
#6401=CARTESIAN_POINT('',(-0.163333333333,-0.163333333333,-3.506666666667));
#6402=CARTESIAN_POINT('',(0.32,-0.17,-3.5));
#6403=CARTESIAN_POINT('Origin',(-0.32,0.245,-3.425));
#6404=CARTESIAN_POINT('',(-0.17,0.17,-3.5));
#6405=CARTESIAN_POINT('',(-0.163333333333,0.163333333333,-3.506666666667));
#6406=CARTESIAN_POINT('',(-0.32,0.17,-3.5));
#6407=CARTESIAN_POINT('Origin',(-0.245,-0.32,-3.425));
#6408=CARTESIAN_POINT('',(-0.17,-0.32,-3.5));
#6409=CARTESIAN_POINT('Origin',(2.86,-0.245,-3.425));
#6410=CARTESIAN_POINT('',(2.71,-0.17,-3.5));
#6411=CARTESIAN_POINT('',(2.703333333333,-0.163333333333,-3.506666666667));
#6412=CARTESIAN_POINT('',(2.37,-0.17,-3.5));
#6413=CARTESIAN_POINT('',(2.376666666667,-0.163333333333,-3.506666666667));
#6414=CARTESIAN_POINT('',(2.86,-0.17,-3.5));
#6415=CARTESIAN_POINT('Origin',(2.295,-0.32,-3.425));
#6416=CARTESIAN_POINT('',(2.37,0.17,-3.5));
#6417=CARTESIAN_POINT('',(2.376666666667,0.163333333333,-3.506666666667));
#6418=CARTESIAN_POINT('',(2.37,-0.32,-3.5));
#6419=CARTESIAN_POINT('Origin',(2.785,0.32,-3.425));
#6420=CARTESIAN_POINT('',(2.71,0.17,-3.5));
#6421=CARTESIAN_POINT('',(2.703333333333,0.163333333333,-3.506666666667));
#6422=CARTESIAN_POINT('',(2.71,0.32,-3.5));
#6423=CARTESIAN_POINT('Origin',(2.22,0.245,-3.425));
#6424=CARTESIAN_POINT('',(2.22,0.17,-3.5));
#6425=CARTESIAN_POINT('Origin',(4.835,-0.32,-3.425));
#6426=CARTESIAN_POINT('',(4.91,-0.17,-3.5));
#6427=CARTESIAN_POINT('',(4.916666666667,-0.163333333333,-3.506666666667));
#6428=CARTESIAN_POINT('',(4.91,0.17,-3.5));
#6429=CARTESIAN_POINT('',(4.916666666667,0.163333333333,-3.506666666667));
#6430=CARTESIAN_POINT('',(4.91,-0.32,-3.5));
#6431=CARTESIAN_POINT('Origin',(4.76,0.245,-3.425));
#6432=CARTESIAN_POINT('',(5.25,0.17,-3.5));
#6433=CARTESIAN_POINT('',(5.243333333333,0.163333333333,-3.506666666667));
#6434=CARTESIAN_POINT('',(4.76,0.17,-3.5));
#6435=CARTESIAN_POINT('Origin',(5.4,-0.245,-3.425));
#6436=CARTESIAN_POINT('',(5.25,-0.17,-3.5));
#6437=CARTESIAN_POINT('',(5.243333333333,-0.163333333333,-3.506666666667));
#6438=CARTESIAN_POINT('',(5.4,-0.17,-3.5));
#6439=CARTESIAN_POINT('Origin',(5.325,0.32,-3.425));
#6440=CARTESIAN_POINT('',(5.25,0.32,-3.5));
#6441=CARTESIAN_POINT('Origin',(7.94,-0.245,-3.425));
#6442=CARTESIAN_POINT('',(7.79,-0.17,-3.5));
#6443=CARTESIAN_POINT('',(7.783333333333,-0.163333333333,-3.506666666667));
#6444=CARTESIAN_POINT('',(7.45,-0.17,-3.5));
#6445=CARTESIAN_POINT('',(7.456666666667,-0.163333333333,-3.506666666667));
#6446=CARTESIAN_POINT('',(7.94,-0.17,-3.5));
#6447=CARTESIAN_POINT('Origin',(7.865,0.32,-3.425));
#6448=CARTESIAN_POINT('',(7.79,0.17,-3.5));
#6449=CARTESIAN_POINT('',(7.783333333333,0.163333333333,-3.506666666667));
#6450=CARTESIAN_POINT('',(7.79,0.32,-3.5));
#6451=CARTESIAN_POINT('Origin',(7.3,0.245,-3.425));
#6452=CARTESIAN_POINT('',(7.45,0.17,-3.5));
#6453=CARTESIAN_POINT('',(7.456666666667,0.163333333333,-3.506666666667));
#6454=CARTESIAN_POINT('',(7.3,0.17,-3.5));
#6455=CARTESIAN_POINT('Origin',(7.375,-0.32,-3.425));
#6456=CARTESIAN_POINT('',(7.45,-0.32,-3.5));
#6457=CARTESIAN_POINT('Origin',(9.992007221626E-17,-2.3,5.5));
#6458=CARTESIAN_POINT('',(4.662936703426E-16,-1.15,6.5));
#6459=CARTESIAN_POINT('',(9.992007221626E-17,-2.3,5.5));
#6460=CARTESIAN_POINT('',(5.08,-1.15,6.5));
#6461=CARTESIAN_POINT('',(4.662936703426E-16,-1.15,6.5));
#6462=CARTESIAN_POINT('',(5.08,-2.3,5.5));
#6463=CARTESIAN_POINT('Origin',(-4.041334437186E-16,-3.3,7.5));
#6464=CARTESIAN_POINT('',(3.219646771413E-16,-2.3,7.5));
#6465=CARTESIAN_POINT('Origin',(5.08,-2.3,7.5));
#6466=CARTESIAN_POINT('',(5.08,-1.15,6.5));
#6467=CARTESIAN_POINT('Origin',(3.219646771413E-16,-2.3,7.5));
#6468=CARTESIAN_POINT('',(4.662936703426E-16,-1.15,6.5));
#6469=CARTESIAN_POINT('Origin',(2.86,-0.32,10.));
#6470=CARTESIAN_POINT('Origin',(0.32,-0.32,10.));
#6471=CARTESIAN_POINT('Origin',(5.4,-0.32,10.));
#6472=CARTESIAN_POINT('Origin',(7.94,-0.32,10.));
#6473=CARTESIAN_POINT('Origin',(0.32,-0.32,-3.5));
#6474=CARTESIAN_POINT('Origin',(2.86,-0.32,-3.5));
#6475=CARTESIAN_POINT('Origin',(5.4,-0.32,-3.5));
#6476=CARTESIAN_POINT('Origin',(7.94,-0.32,-3.5));
#6477=CARTESIAN_POINT('Origin',(4.662936703426E-16,-1.15,6.5));
#6478=CARTESIAN_POINT('',(0.,0.,0.));
#6479=CARTESIAN_POINT('',(0.,0.,0.));
#6480=CARTESIAN_POINT('Origin',(252.5,-140.5,0.));
#6481=CARTESIAN_POINT('',(252.5,-140.5,0.));
#6482=CARTESIAN_POINT('',(252.5,-140.5,1.51));
#6483=CARTESIAN_POINT('',(252.5,-140.5,0.));
#6484=CARTESIAN_POINT('',(175.5,-140.5,1.51));
#6485=CARTESIAN_POINT('',(252.5,-140.5,1.51));
#6486=CARTESIAN_POINT('',(175.5,-140.5,0.));
#6487=CARTESIAN_POINT('',(175.5,-140.5,0.));
#6488=CARTESIAN_POINT('',(252.5,-140.5,0.));
#6489=CARTESIAN_POINT('Origin',(252.5,-71.,0.));
#6490=CARTESIAN_POINT('',(252.5,-71.,0.));
#6491=CARTESIAN_POINT('',(252.5,-71.,1.51));
#6492=CARTESIAN_POINT('',(252.5,-71.,0.));
#6493=CARTESIAN_POINT('',(252.5,-71.,1.51));
#6494=CARTESIAN_POINT('',(252.5,-71.,0.));
#6495=CARTESIAN_POINT('Origin',(175.5,-140.5,0.));
#6496=CARTESIAN_POINT('',(175.5,-71.,1.51));
#6497=CARTESIAN_POINT('',(175.5,-140.5,1.51));
#6498=CARTESIAN_POINT('',(175.5,-71.,0.));
#6499=CARTESIAN_POINT('',(175.5,-71.,0.));
#6500=CARTESIAN_POINT('',(175.5,-140.5,0.));
#6501=CARTESIAN_POINT('Origin',(0.,0.,0.));
#6502=CARTESIAN_POINT('',(175.5,-71.,0.));
#6503=CARTESIAN_POINT('',(200.42,-125.65,0.));
#6504=CARTESIAN_POINT('Origin',(200.42,-126.5,0.));
#6505=CARTESIAN_POINT('',(205.5,-124.5,0.));
#6506=CARTESIAN_POINT('Origin',(205.5,-126.5,0.));
#6507=CARTESIAN_POINT('',(201.69,-123.21,0.));
#6508=CARTESIAN_POINT('Origin',(201.69,-123.96,0.));
#6509=CARTESIAN_POINT('',(210.58,-125.65,0.));
#6510=CARTESIAN_POINT('Origin',(210.58,-126.5,0.));
#6511=CARTESIAN_POINT('',(208.04,-120.67,0.));
#6512=CARTESIAN_POINT('Origin',(208.04,-121.42,0.));
#6513=CARTESIAN_POINT('',(189.92,-104.65,0.));
#6514=CARTESIAN_POINT('Origin',(189.92,-105.5,0.));
#6515=CARTESIAN_POINT('',(191.19,-102.21,0.));
#6516=CARTESIAN_POINT('Origin',(191.19,-102.96,0.));
#6517=CARTESIAN_POINT('',(195.,-103.5,0.));
#6518=CARTESIAN_POINT('Origin',(195.,-105.5,0.));
#6519=CARTESIAN_POINT('',(200.08,-104.65,0.));
#6520=CARTESIAN_POINT('Origin',(200.08,-105.5,0.));
#6521=CARTESIAN_POINT('',(211.92,-104.65,0.));
#6522=CARTESIAN_POINT('Origin',(211.92,-105.5,0.));
#6523=CARTESIAN_POINT('',(213.19,-102.21,0.));
#6524=CARTESIAN_POINT('Origin',(213.19,-102.96,0.));
#6525=CARTESIAN_POINT('',(222.92,-125.65,0.));
#6526=CARTESIAN_POINT('Origin',(222.92,-126.5,0.));
#6527=CARTESIAN_POINT('',(228.,-124.5,0.));
#6528=CARTESIAN_POINT('Origin',(228.,-126.5,0.));
#6529=CARTESIAN_POINT('',(224.19,-123.21,0.));
#6530=CARTESIAN_POINT('Origin',(224.19,-123.96,0.));
#6531=CARTESIAN_POINT('',(233.08,-125.65,0.));
#6532=CARTESIAN_POINT('Origin',(233.08,-126.5,0.));
#6533=CARTESIAN_POINT('',(230.54,-120.67,0.));
#6534=CARTESIAN_POINT('Origin',(230.54,-121.42,0.));
#6535=CARTESIAN_POINT('',(217.,-103.5,0.));
#6536=CARTESIAN_POINT('Origin',(217.,-105.5,0.));
#6537=CARTESIAN_POINT('',(222.08,-104.65,0.));
#6538=CARTESIAN_POINT('Origin',(222.08,-105.5,0.));
#6539=CARTESIAN_POINT('',(233.92,-104.65,0.));
#6540=CARTESIAN_POINT('Origin',(233.92,-105.5,0.));
#6541=CARTESIAN_POINT('',(235.19,-102.21,0.));
#6542=CARTESIAN_POINT('Origin',(235.19,-102.96,0.));
#6543=CARTESIAN_POINT('',(239.,-103.5,0.));
#6544=CARTESIAN_POINT('Origin',(239.,-105.5,0.));
#6545=CARTESIAN_POINT('',(244.08,-104.65,0.));
#6546=CARTESIAN_POINT('Origin',(244.08,-105.5,0.));
#6547=CARTESIAN_POINT('',(197.54,-99.67,0.));
#6548=CARTESIAN_POINT('Origin',(197.54,-100.42,0.));
#6549=CARTESIAN_POINT('',(187.,-91.5,0.));
#6550=CARTESIAN_POINT('Origin',(187.,-92.,0.));
#6551=CARTESIAN_POINT('',(187.,-88.96,0.));
#6552=CARTESIAN_POINT('Origin',(187.,-89.46,0.));
#6553=CARTESIAN_POINT('',(202.25,-91.5,0.));
#6554=CARTESIAN_POINT('Origin',(202.25,-92.,0.));
#6555=CARTESIAN_POINT('',(202.25,-88.96,0.));
#6556=CARTESIAN_POINT('Origin',(202.25,-89.46,0.));
#6557=CARTESIAN_POINT('',(187.,-86.42,0.));
#6558=CARTESIAN_POINT('Origin',(187.,-86.92,0.));
#6559=CARTESIAN_POINT('',(187.,-83.88,0.));
#6560=CARTESIAN_POINT('Origin',(187.,-84.38,0.));
#6561=CARTESIAN_POINT('',(187.,-81.34,0.));
#6562=CARTESIAN_POINT('Origin',(187.,-81.84,0.));
#6563=CARTESIAN_POINT('',(187.,-78.8,0.));
#6564=CARTESIAN_POINT('Origin',(187.,-79.3,0.));
#6565=CARTESIAN_POINT('',(187.,-76.26,0.));
#6566=CARTESIAN_POINT('Origin',(187.,-76.76,0.));
#6567=CARTESIAN_POINT('',(202.25,-86.42,0.));
#6568=CARTESIAN_POINT('Origin',(202.25,-86.92,0.));
#6569=CARTESIAN_POINT('',(202.25,-83.88,0.));
#6570=CARTESIAN_POINT('Origin',(202.25,-84.38,0.));
#6571=CARTESIAN_POINT('',(202.25,-81.34,0.));
#6572=CARTESIAN_POINT('Origin',(202.25,-81.84,0.));
#6573=CARTESIAN_POINT('',(202.25,-78.8,0.));
#6574=CARTESIAN_POINT('Origin',(202.25,-79.3,0.));
#6575=CARTESIAN_POINT('',(202.25,-76.26,0.));
#6576=CARTESIAN_POINT('Origin',(202.25,-76.76,0.));
#6577=CARTESIAN_POINT('',(219.54,-99.67,0.));
#6578=CARTESIAN_POINT('Origin',(219.54,-100.42,0.));
#6579=CARTESIAN_POINT('',(241.54,-99.67,0.));
#6580=CARTESIAN_POINT('Origin',(241.54,-100.42,0.));
#6581=CARTESIAN_POINT('',(219.,-85.99,0.));
#6582=CARTESIAN_POINT('Origin',(219.,-86.5,0.));
#6583=CARTESIAN_POINT('',(219.,-83.45,0.));
#6584=CARTESIAN_POINT('Origin',(219.,-83.96,0.));
#6585=CARTESIAN_POINT('',(221.16,-83.41,0.));
#6586=CARTESIAN_POINT('Origin',(221.16,-83.96,0.));
#6587=CARTESIAN_POINT('',(229.25,-85.,0.));
#6588=CARTESIAN_POINT('Origin',(229.25,-85.5,0.));
#6589=CARTESIAN_POINT('',(229.25,-82.5,0.));
#6590=CARTESIAN_POINT('Origin',(229.25,-83.,0.));
#6591=CARTESIAN_POINT('',(219.,-80.91,0.));
#6592=CARTESIAN_POINT('Origin',(219.,-81.42,0.));
#6593=CARTESIAN_POINT('',(219.,-78.37,0.));
#6594=CARTESIAN_POINT('Origin',(219.,-78.88,0.));
#6595=CARTESIAN_POINT('',(229.25,-80.,0.));
#6596=CARTESIAN_POINT('Origin',(229.25,-80.5,0.));
#6597=CARTESIAN_POINT('',(237.4,-87.85,0.));
#6598=CARTESIAN_POINT('',(237.4,-89.35,0.));
#6599=CARTESIAN_POINT('Origin',(237.4,-88.6,0.));
#6600=CARTESIAN_POINT('',(236.1,-87.85,0.));
#6601=CARTESIAN_POINT('',(118.7,-87.85,0.));
#6602=CARTESIAN_POINT('',(236.1,-89.35,0.));
#6603=CARTESIAN_POINT('Origin',(236.1,-88.6,0.));
#6604=CARTESIAN_POINT('',(118.05,-89.35,0.));
#6605=CARTESIAN_POINT('',(243.75,-85.,0.));
#6606=CARTESIAN_POINT('Origin',(243.75,-85.5,0.));
#6607=CARTESIAN_POINT('',(237.4,-76.65,0.));
#6608=CARTESIAN_POINT('',(237.4,-78.15,0.));
#6609=CARTESIAN_POINT('Origin',(237.4,-77.4,0.));
#6610=CARTESIAN_POINT('',(236.1,-76.65,0.));
#6611=CARTESIAN_POINT('',(118.7,-76.65,0.));
#6612=CARTESIAN_POINT('',(236.1,-78.15,0.));
#6613=CARTESIAN_POINT('Origin',(236.1,-77.4,0.));
#6614=CARTESIAN_POINT('',(118.05,-78.15,0.));
#6615=CARTESIAN_POINT('',(243.75,-80.,0.));
#6616=CARTESIAN_POINT('Origin',(243.75,-80.5,0.));
#6617=CARTESIAN_POINT('Origin',(0.,0.,1.51));
#6618=CARTESIAN_POINT('',(175.5,-71.,1.51));
#6619=CARTESIAN_POINT('',(200.42,-125.65,1.51));
#6620=CARTESIAN_POINT('Origin',(200.42,-126.5,1.51));
#6621=CARTESIAN_POINT('',(205.5,-124.5,1.51));
#6622=CARTESIAN_POINT('Origin',(205.5,-126.5,1.51));
#6623=CARTESIAN_POINT('',(201.69,-123.21,1.51));
#6624=CARTESIAN_POINT('Origin',(201.69,-123.96,1.51));
#6625=CARTESIAN_POINT('',(210.58,-125.65,1.51));
#6626=CARTESIAN_POINT('Origin',(210.58,-126.5,1.51));
#6627=CARTESIAN_POINT('',(208.04,-120.67,1.51));
#6628=CARTESIAN_POINT('Origin',(208.04,-121.42,1.51));
#6629=CARTESIAN_POINT('',(189.92,-104.65,1.51));
#6630=CARTESIAN_POINT('Origin',(189.92,-105.5,1.51));
#6631=CARTESIAN_POINT('',(191.19,-102.21,1.51));
#6632=CARTESIAN_POINT('Origin',(191.19,-102.96,1.51));
#6633=CARTESIAN_POINT('',(195.,-103.5,1.51));
#6634=CARTESIAN_POINT('Origin',(195.,-105.5,1.51));
#6635=CARTESIAN_POINT('',(200.08,-104.65,1.51));
#6636=CARTESIAN_POINT('Origin',(200.08,-105.5,1.51));
#6637=CARTESIAN_POINT('',(211.92,-104.65,1.51));
#6638=CARTESIAN_POINT('Origin',(211.92,-105.5,1.51));
#6639=CARTESIAN_POINT('',(213.19,-102.21,1.51));
#6640=CARTESIAN_POINT('Origin',(213.19,-102.96,1.51));
#6641=CARTESIAN_POINT('',(222.92,-125.65,1.51));
#6642=CARTESIAN_POINT('Origin',(222.92,-126.5,1.51));
#6643=CARTESIAN_POINT('',(228.,-124.5,1.51));
#6644=CARTESIAN_POINT('Origin',(228.,-126.5,1.51));
#6645=CARTESIAN_POINT('',(224.19,-123.21,1.51));
#6646=CARTESIAN_POINT('Origin',(224.19,-123.96,1.51));
#6647=CARTESIAN_POINT('',(233.08,-125.65,1.51));
#6648=CARTESIAN_POINT('Origin',(233.08,-126.5,1.51));
#6649=CARTESIAN_POINT('',(230.54,-120.67,1.51));
#6650=CARTESIAN_POINT('Origin',(230.54,-121.42,1.51));
#6651=CARTESIAN_POINT('',(217.,-103.5,1.51));
#6652=CARTESIAN_POINT('Origin',(217.,-105.5,1.51));
#6653=CARTESIAN_POINT('',(222.08,-104.65,1.51));
#6654=CARTESIAN_POINT('Origin',(222.08,-105.5,1.51));
#6655=CARTESIAN_POINT('',(233.92,-104.65,1.51));
#6656=CARTESIAN_POINT('Origin',(233.92,-105.5,1.51));
#6657=CARTESIAN_POINT('',(235.19,-102.21,1.51));
#6658=CARTESIAN_POINT('Origin',(235.19,-102.96,1.51));
#6659=CARTESIAN_POINT('',(239.,-103.5,1.51));
#6660=CARTESIAN_POINT('Origin',(239.,-105.5,1.51));
#6661=CARTESIAN_POINT('',(244.08,-104.65,1.51));
#6662=CARTESIAN_POINT('Origin',(244.08,-105.5,1.51));
#6663=CARTESIAN_POINT('',(197.54,-99.67,1.51));
#6664=CARTESIAN_POINT('Origin',(197.54,-100.42,1.51));
#6665=CARTESIAN_POINT('',(187.,-91.5,1.51));
#6666=CARTESIAN_POINT('Origin',(187.,-92.,1.51));
#6667=CARTESIAN_POINT('',(187.,-88.96,1.51));
#6668=CARTESIAN_POINT('Origin',(187.,-89.46,1.51));
#6669=CARTESIAN_POINT('',(202.25,-91.5,1.51));
#6670=CARTESIAN_POINT('Origin',(202.25,-92.,1.51));
#6671=CARTESIAN_POINT('',(202.25,-88.96,1.51));
#6672=CARTESIAN_POINT('Origin',(202.25,-89.46,1.51));
#6673=CARTESIAN_POINT('',(187.,-86.42,1.51));
#6674=CARTESIAN_POINT('Origin',(187.,-86.92,1.51));
#6675=CARTESIAN_POINT('',(187.,-83.88,1.51));
#6676=CARTESIAN_POINT('Origin',(187.,-84.38,1.51));
#6677=CARTESIAN_POINT('',(187.,-81.34,1.51));
#6678=CARTESIAN_POINT('Origin',(187.,-81.84,1.51));
#6679=CARTESIAN_POINT('',(187.,-78.8,1.51));
#6680=CARTESIAN_POINT('Origin',(187.,-79.3,1.51));
#6681=CARTESIAN_POINT('',(187.,-76.26,1.51));
#6682=CARTESIAN_POINT('Origin',(187.,-76.76,1.51));
#6683=CARTESIAN_POINT('',(202.25,-86.42,1.51));
#6684=CARTESIAN_POINT('Origin',(202.25,-86.92,1.51));
#6685=CARTESIAN_POINT('',(202.25,-83.88,1.51));
#6686=CARTESIAN_POINT('Origin',(202.25,-84.38,1.51));
#6687=CARTESIAN_POINT('',(202.25,-81.34,1.51));
#6688=CARTESIAN_POINT('Origin',(202.25,-81.84,1.51));
#6689=CARTESIAN_POINT('',(202.25,-78.8,1.51));
#6690=CARTESIAN_POINT('Origin',(202.25,-79.3,1.51));
#6691=CARTESIAN_POINT('',(202.25,-76.26,1.51));
#6692=CARTESIAN_POINT('Origin',(202.25,-76.76,1.51));
#6693=CARTESIAN_POINT('',(219.54,-99.67,1.51));
#6694=CARTESIAN_POINT('Origin',(219.54,-100.42,1.51));
#6695=CARTESIAN_POINT('',(241.54,-99.67,1.51));
#6696=CARTESIAN_POINT('Origin',(241.54,-100.42,1.51));
#6697=CARTESIAN_POINT('',(219.,-85.99,1.51));
#6698=CARTESIAN_POINT('Origin',(219.,-86.5,1.51));
#6699=CARTESIAN_POINT('',(219.,-83.45,1.51));
#6700=CARTESIAN_POINT('Origin',(219.,-83.96,1.51));
#6701=CARTESIAN_POINT('',(221.16,-83.41,1.51));
#6702=CARTESIAN_POINT('Origin',(221.16,-83.96,1.51));
#6703=CARTESIAN_POINT('',(229.25,-85.,1.51));
#6704=CARTESIAN_POINT('Origin',(229.25,-85.5,1.51));
#6705=CARTESIAN_POINT('',(229.25,-82.5,1.51));
#6706=CARTESIAN_POINT('Origin',(229.25,-83.,1.51));
#6707=CARTESIAN_POINT('',(219.,-80.91,1.51));
#6708=CARTESIAN_POINT('Origin',(219.,-81.42,1.51));
#6709=CARTESIAN_POINT('',(219.,-78.37,1.51));
#6710=CARTESIAN_POINT('Origin',(219.,-78.88,1.51));
#6711=CARTESIAN_POINT('',(229.25,-80.,1.51));
#6712=CARTESIAN_POINT('Origin',(229.25,-80.5,1.51));
#6713=CARTESIAN_POINT('',(237.4,-87.85,1.51));
#6714=CARTESIAN_POINT('',(237.4,-89.35,1.51));
#6715=CARTESIAN_POINT('Origin',(237.4,-88.6,1.51));
#6716=CARTESIAN_POINT('',(236.1,-89.35,1.51));
#6717=CARTESIAN_POINT('',(118.05,-89.35,1.51));
#6718=CARTESIAN_POINT('',(236.1,-87.85,1.51));
#6719=CARTESIAN_POINT('Origin',(236.1,-88.6,1.51));
#6720=CARTESIAN_POINT('',(118.7,-87.85,1.51));
#6721=CARTESIAN_POINT('',(243.75,-85.,1.51));
#6722=CARTESIAN_POINT('Origin',(243.75,-85.5,1.51));
#6723=CARTESIAN_POINT('',(237.4,-76.65,1.51));
#6724=CARTESIAN_POINT('',(237.4,-78.15,1.51));
#6725=CARTESIAN_POINT('Origin',(237.4,-77.4,1.51));
#6726=CARTESIAN_POINT('',(236.1,-78.15,1.51));
#6727=CARTESIAN_POINT('',(118.05,-78.15,1.51));
#6728=CARTESIAN_POINT('',(236.1,-76.65,1.51));
#6729=CARTESIAN_POINT('Origin',(236.1,-77.4,1.51));
#6730=CARTESIAN_POINT('',(118.7,-76.65,1.51));
#6731=CARTESIAN_POINT('',(243.75,-80.,1.51));
#6732=CARTESIAN_POINT('Origin',(243.75,-80.5,1.51));
#6733=CARTESIAN_POINT('Origin',(175.5,-71.,0.));
#6734=CARTESIAN_POINT('Origin',(200.42,-126.5,-0.046));
#6735=CARTESIAN_POINT('',(200.42,-125.65,-0.046));
#6736=CARTESIAN_POINT('Origin',(205.5,-126.5,-0.046));
#6737=CARTESIAN_POINT('',(205.5,-124.5,-0.046));
#6738=CARTESIAN_POINT('Origin',(201.69,-123.96,-0.046));
#6739=CARTESIAN_POINT('',(201.69,-123.21,-0.046));
#6740=CARTESIAN_POINT('Origin',(210.58,-126.5,-0.046));
#6741=CARTESIAN_POINT('',(210.58,-125.65,-0.046));
#6742=CARTESIAN_POINT('Origin',(208.04,-121.42,-0.046));
#6743=CARTESIAN_POINT('',(208.04,-120.67,-0.046));
#6744=CARTESIAN_POINT('Origin',(189.92,-105.5,-0.046));
#6745=CARTESIAN_POINT('',(189.92,-104.65,-0.046));
#6746=CARTESIAN_POINT('Origin',(191.19,-102.96,-0.046));
#6747=CARTESIAN_POINT('',(191.19,-102.21,-0.046));
#6748=CARTESIAN_POINT('Origin',(195.,-105.5,-0.046));
#6749=CARTESIAN_POINT('',(195.,-103.5,-0.046));
#6750=CARTESIAN_POINT('Origin',(200.08,-105.5,-0.046));
#6751=CARTESIAN_POINT('',(200.08,-104.65,-0.046));
#6752=CARTESIAN_POINT('Origin',(211.92,-105.5,-0.046));
#6753=CARTESIAN_POINT('',(211.92,-104.65,-0.046));
#6754=CARTESIAN_POINT('Origin',(213.19,-102.96,-0.046));
#6755=CARTESIAN_POINT('',(213.19,-102.21,-0.046));
#6756=CARTESIAN_POINT('Origin',(222.92,-126.5,-0.046));
#6757=CARTESIAN_POINT('',(222.92,-125.65,-0.046));
#6758=CARTESIAN_POINT('Origin',(228.,-126.5,-0.046));
#6759=CARTESIAN_POINT('',(228.,-124.5,-0.046));
#6760=CARTESIAN_POINT('Origin',(224.19,-123.96,-0.046));
#6761=CARTESIAN_POINT('',(224.19,-123.21,-0.046));
#6762=CARTESIAN_POINT('Origin',(233.08,-126.5,-0.046));
#6763=CARTESIAN_POINT('',(233.08,-125.65,-0.046));
#6764=CARTESIAN_POINT('Origin',(230.54,-121.42,-0.046));
#6765=CARTESIAN_POINT('',(230.54,-120.67,-0.046));
#6766=CARTESIAN_POINT('Origin',(217.,-105.5,-0.046));
#6767=CARTESIAN_POINT('',(217.,-103.5,-0.046));
#6768=CARTESIAN_POINT('Origin',(222.08,-105.5,-0.046));
#6769=CARTESIAN_POINT('',(222.08,-104.65,-0.046));
#6770=CARTESIAN_POINT('Origin',(233.92,-105.5,-0.046));
#6771=CARTESIAN_POINT('',(233.92,-104.65,-0.046));
#6772=CARTESIAN_POINT('Origin',(235.19,-102.96,-0.046));
#6773=CARTESIAN_POINT('',(235.19,-102.21,-0.046));
#6774=CARTESIAN_POINT('Origin',(239.,-105.5,-0.046));
#6775=CARTESIAN_POINT('',(239.,-103.5,-0.046));
#6776=CARTESIAN_POINT('Origin',(244.08,-105.5,-0.046));
#6777=CARTESIAN_POINT('',(244.08,-104.65,-0.046));
#6778=CARTESIAN_POINT('Origin',(197.54,-100.42,-0.046));
#6779=CARTESIAN_POINT('',(197.54,-99.67,-0.046));
#6780=CARTESIAN_POINT('Origin',(187.,-92.,-0.046));
#6781=CARTESIAN_POINT('',(187.,-91.5,-0.046));
#6782=CARTESIAN_POINT('Origin',(187.,-89.46,-0.046));
#6783=CARTESIAN_POINT('',(187.,-88.96,-0.046));
#6784=CARTESIAN_POINT('Origin',(202.25,-92.,-0.046));
#6785=CARTESIAN_POINT('',(202.25,-91.5,-0.046));
#6786=CARTESIAN_POINT('Origin',(202.25,-89.46,-0.046));
#6787=CARTESIAN_POINT('',(202.25,-88.96,-0.046));
#6788=CARTESIAN_POINT('Origin',(187.,-86.92,-0.046));
#6789=CARTESIAN_POINT('',(187.,-86.42,-0.046));
#6790=CARTESIAN_POINT('Origin',(187.,-84.38,-0.046));
#6791=CARTESIAN_POINT('',(187.,-83.88,-0.046));
#6792=CARTESIAN_POINT('Origin',(187.,-81.84,-0.046));
#6793=CARTESIAN_POINT('',(187.,-81.34,-0.046));
#6794=CARTESIAN_POINT('Origin',(187.,-79.3,-0.046));
#6795=CARTESIAN_POINT('',(187.,-78.8,-0.046));
#6796=CARTESIAN_POINT('Origin',(187.,-76.76,-0.046));
#6797=CARTESIAN_POINT('',(187.,-76.26,-0.046));
#6798=CARTESIAN_POINT('Origin',(202.25,-86.92,-0.046));
#6799=CARTESIAN_POINT('',(202.25,-86.42,-0.046));
#6800=CARTESIAN_POINT('Origin',(202.25,-84.38,-0.046));
#6801=CARTESIAN_POINT('',(202.25,-83.88,-0.046));
#6802=CARTESIAN_POINT('Origin',(202.25,-81.84,-0.046));
#6803=CARTESIAN_POINT('',(202.25,-81.34,-0.046));
#6804=CARTESIAN_POINT('Origin',(202.25,-79.3,-0.046));
#6805=CARTESIAN_POINT('',(202.25,-78.8,-0.046));
#6806=CARTESIAN_POINT('Origin',(202.25,-76.76,-0.046));
#6807=CARTESIAN_POINT('',(202.25,-76.26,-0.046));
#6808=CARTESIAN_POINT('Origin',(219.54,-100.42,-0.046));
#6809=CARTESIAN_POINT('',(219.54,-99.67,-0.046));
#6810=CARTESIAN_POINT('Origin',(241.54,-100.42,-0.046));
#6811=CARTESIAN_POINT('',(241.54,-99.67,-0.046));
#6812=CARTESIAN_POINT('Origin',(219.,-86.5,-0.046));
#6813=CARTESIAN_POINT('',(219.,-85.99,-0.046));
#6814=CARTESIAN_POINT('Origin',(219.,-83.96,-0.046));
#6815=CARTESIAN_POINT('',(219.,-83.45,-0.046));
#6816=CARTESIAN_POINT('Origin',(221.16,-83.96,-0.046));
#6817=CARTESIAN_POINT('',(221.16,-83.41,-0.046));
#6818=CARTESIAN_POINT('Origin',(229.25,-85.5,-0.046));
#6819=CARTESIAN_POINT('',(229.25,-85.,-0.046));
#6820=CARTESIAN_POINT('Origin',(229.25,-83.,-0.046));
#6821=CARTESIAN_POINT('',(229.25,-82.5,-0.046));
#6822=CARTESIAN_POINT('Origin',(219.,-81.42,-0.046));
#6823=CARTESIAN_POINT('',(219.,-80.91,-0.046));
#6824=CARTESIAN_POINT('Origin',(219.,-78.88,-0.046));
#6825=CARTESIAN_POINT('',(219.,-78.37,-0.046));
#6826=CARTESIAN_POINT('Origin',(229.25,-80.5,-0.046));
#6827=CARTESIAN_POINT('',(229.25,-80.,-0.046));
#6828=CARTESIAN_POINT('Origin',(237.4,-88.6,-0.046));
#6829=CARTESIAN_POINT('',(237.4,-89.35,-0.046));
#6830=CARTESIAN_POINT('',(237.4,-87.85,-0.046));
#6831=CARTESIAN_POINT('Origin',(237.4,-87.85,-0.046));
#6832=CARTESIAN_POINT('',(236.1,-87.85,-0.046));
#6833=CARTESIAN_POINT('Origin',(236.1,-88.6,-0.046));
#6834=CARTESIAN_POINT('',(236.1,-89.35,-0.046));
#6835=CARTESIAN_POINT('Origin',(236.1,-89.35,-0.046));
#6836=CARTESIAN_POINT('Origin',(243.75,-85.5,-0.046));
#6837=CARTESIAN_POINT('',(243.75,-85.,-0.046));
#6838=CARTESIAN_POINT('Origin',(237.4,-77.4,-0.046));
#6839=CARTESIAN_POINT('',(237.4,-78.15,-0.046));
#6840=CARTESIAN_POINT('',(237.4,-76.65,-0.046));
#6841=CARTESIAN_POINT('Origin',(237.4,-76.65,-0.046));
#6842=CARTESIAN_POINT('',(236.1,-76.65,-0.046));
#6843=CARTESIAN_POINT('Origin',(236.1,-77.4,-0.046));
#6844=CARTESIAN_POINT('',(236.1,-78.15,-0.046));
#6845=CARTESIAN_POINT('Origin',(236.1,-78.15,-0.046));
#6846=CARTESIAN_POINT('Origin',(243.75,-80.5,-0.046));
#6847=CARTESIAN_POINT('',(243.75,-80.,-0.046));
#6848=CARTESIAN_POINT('',(219.,-78.88,1.595));
#6849=CARTESIAN_POINT('',(-195.100000298023,81.0000001490116,1.59));
#6850=CARTESIAN_POINT('',(0.,0.,0.));
#6851=CARTESIAN_POINT('Origin',(-26.9499999999999,9.00000037252903,3.));
#6852=CARTESIAN_POINT('',(-26.9499999999999,9.00000037252903,3.));
#6853=CARTESIAN_POINT('',(7.05000000000009,9.00000037252903,3.));
#6854=CARTESIAN_POINT('',(-14.1249999999999,9.00000037252903,3.));
#6855=CARTESIAN_POINT('',(-26.9499999999999,9.00000037252903,0.));
#6856=CARTESIAN_POINT('',(-26.9499999999999,9.00000037252903,3.));
#6857=CARTESIAN_POINT('',(7.05000000000009,9.00000037252903,0.));
#6858=CARTESIAN_POINT('',(-14.1249999999999,9.00000037252903,0.));
#6859=CARTESIAN_POINT('',(7.05000000000009,9.00000037252903,3.));
#6860=CARTESIAN_POINT('Origin',(-26.9499999999999,-2.09999962747097,3.));
#6861=CARTESIAN_POINT('',(-26.9499999999999,-2.09999962747097,3.));
#6862=CARTESIAN_POINT('',(-26.9499999999999,-11.0249998137355,3.));
#6863=CARTESIAN_POINT('',(-26.9499999999999,-2.09999962747097,0.));
#6864=CARTESIAN_POINT('',(-26.9499999999999,-2.09999962747097,3.));
#6865=CARTESIAN_POINT('',(-26.9499999999999,-11.0249998137355,0.));
#6866=CARTESIAN_POINT('Origin',(7.05000000000009,-2.09999962747097,3.));
#6867=CARTESIAN_POINT('',(7.05000000000009,-2.09999962747097,3.));
#6868=CARTESIAN_POINT('',(2.87500000000007,-2.09999962747097,3.));
#6869=CARTESIAN_POINT('',(7.05000000000009,-2.09999962747097,0.));
#6870=CARTESIAN_POINT('',(7.05000000000009,-2.09999962747097,3.));
#6871=CARTESIAN_POINT('',(2.87500000000007,-2.09999962747097,0.));
#6872=CARTESIAN_POINT('Origin',(7.05000000000009,9.00000037252903,3.));
#6873=CARTESIAN_POINT('',(7.05000000000009,-5.47499981373549,3.));
#6874=CARTESIAN_POINT('',(7.05000000000009,-5.47499981373549,0.));
#6875=CARTESIAN_POINT('Origin',(12.6500000000001,-4.55,3.));
#6876=CARTESIAN_POINT('',(12.6500000000001,-4.55,3.));
#6877=CARTESIAN_POINT('',(12.6500000000001,10.45,3.));
#6878=CARTESIAN_POINT('',(12.6500000000001,-12.25,3.));
#6879=CARTESIAN_POINT('',(12.6500000000001,-4.55,0.));
#6880=CARTESIAN_POINT('',(12.6500000000001,-4.55,3.));
#6881=CARTESIAN_POINT('',(12.6500000000001,10.45,0.));
#6882=CARTESIAN_POINT('',(12.6500022513792,-12.2875001098379,0.));
#6883=CARTESIAN_POINT('',(12.6500000000001,10.45,3.));
#6884=CARTESIAN_POINT('Origin',(30.1500000000001,-4.55,3.));
#6885=CARTESIAN_POINT('',(30.1500000000001,-4.55,0.));
#6886=CARTESIAN_POINT('',(21.4000011256896,-4.55,0.));
#6887=CARTESIAN_POINT('',(30.1500000000001,-4.55,3.));
#6888=CARTESIAN_POINT('',(14.4250000000001,-4.55,3.));
#6889=CARTESIAN_POINT('',(30.1500000000001,-4.55,3.));
#6890=CARTESIAN_POINT('Origin',(30.1500000000001,10.45,3.));
#6891=CARTESIAN_POINT('',(30.1500000000001,10.45,3.));
#6892=CARTESIAN_POINT('',(30.1500000000001,-4.75,3.));
#6893=CARTESIAN_POINT('',(30.1500000000001,10.45,0.));
#6894=CARTESIAN_POINT('',(30.1500000000001,10.45,3.));
#6895=CARTESIAN_POINT('',(30.1500022513792,-5.18750010983786,0.));
#6896=CARTESIAN_POINT('Origin',(12.6500000000001,10.45,3.));
#6897=CARTESIAN_POINT('',(5.67500000000007,10.45,3.));
#6898=CARTESIAN_POINT('',(5.67500000000007,10.45,0.));
#6899=CARTESIAN_POINT('Origin',(-29.6249999999999,-29.5,3.));
#6900=CARTESIAN_POINT('',(-29.6249999999999,-29.5,3.));
#6901=CARTESIAN_POINT('',(-29.6249999999999,-10.45,3.));
#6902=CARTESIAN_POINT('',(-29.6249999999999,-24.725,3.));
#6903=CARTESIAN_POINT('',(-29.6249999999999,-29.5,0.));
#6904=CARTESIAN_POINT('',(-29.6249999999999,-29.5,3.));
#6905=CARTESIAN_POINT('',(-29.6249999999999,-10.45,0.));
#6906=CARTESIAN_POINT('',(-29.6249999999999,-24.725,0.));
#6907=CARTESIAN_POINT('',(-29.6249999999999,-10.45,3.));
#6908=CARTESIAN_POINT('Origin',(-10.5749999999999,-29.5,3.));
#6909=CARTESIAN_POINT('',(-10.5749999999999,-29.5,3.));
#6910=CARTESIAN_POINT('',(-5.93749999999993,-29.5,3.));
#6911=CARTESIAN_POINT('',(-10.5749999999999,-29.5,0.));
#6912=CARTESIAN_POINT('',(-10.5749999999999,-29.5,3.));
#6913=CARTESIAN_POINT('',(-5.93749999999993,-29.5,0.));
#6914=CARTESIAN_POINT('Origin',(-10.5749999999999,-10.45,3.));
#6915=CARTESIAN_POINT('',(-10.5749999999999,-10.45,3.));
#6916=CARTESIAN_POINT('',(-10.5749999999999,-15.2,3.));
#6917=CARTESIAN_POINT('',(-10.5749999999999,-10.45,0.));
#6918=CARTESIAN_POINT('',(-10.5749999999999,-10.45,3.));
#6919=CARTESIAN_POINT('',(-10.5749999999999,-15.2,0.));
#6920=CARTESIAN_POINT('Origin',(-29.6249999999999,-10.45,3.));
#6921=CARTESIAN_POINT('',(-15.4624999999999,-10.45,3.));
#6922=CARTESIAN_POINT('',(-15.4624999999999,-10.45,0.));
#6923=CARTESIAN_POINT('Origin',(-7.62499999999991,-29.5,3.));
#6924=CARTESIAN_POINT('',(-7.62499999999991,-29.5,3.));
#6925=CARTESIAN_POINT('',(-7.62499999999991,-10.45,3.));
#6926=CARTESIAN_POINT('',(-7.62499999999991,-24.725,3.));
#6927=CARTESIAN_POINT('',(-7.62499999999991,-29.5,0.));
#6928=CARTESIAN_POINT('',(-7.62499999999991,-29.5,3.));
#6929=CARTESIAN_POINT('',(-7.62499999999991,-10.45,0.));
#6930=CARTESIAN_POINT('',(-7.62499999999991,-24.725,0.));
#6931=CARTESIAN_POINT('',(-7.62499999999991,-10.45,3.));
#6932=CARTESIAN_POINT('Origin',(11.4250000000001,-29.5,3.));
#6933=CARTESIAN_POINT('',(11.4250000000001,-29.5,3.));
#6934=CARTESIAN_POINT('',(5.06250000000007,-29.5,3.));
#6935=CARTESIAN_POINT('',(11.4250000000001,-29.5,0.));
#6936=CARTESIAN_POINT('',(11.4250000000001,-29.5,3.));
#6937=CARTESIAN_POINT('',(5.06250000000007,-29.5,0.));
#6938=CARTESIAN_POINT('Origin',(11.4250000000001,-10.45,3.));
#6939=CARTESIAN_POINT('',(11.4250000000001,-10.45,3.));
#6940=CARTESIAN_POINT('',(11.4250000000001,-15.2,3.));
#6941=CARTESIAN_POINT('',(11.4250000000001,-10.45,0.));
#6942=CARTESIAN_POINT('',(11.4250000000001,-10.45,3.));
#6943=CARTESIAN_POINT('',(11.4250000000001,-15.2,0.));
#6944=CARTESIAN_POINT('Origin',(-7.62499999999991,-10.45,3.));
#6945=CARTESIAN_POINT('',(-4.46249999999993,-10.45,3.));
#6946=CARTESIAN_POINT('',(-4.46249999999993,-10.45,0.));
#6947=CARTESIAN_POINT('Origin',(14.3750000000001,-29.5,3.));
#6948=CARTESIAN_POINT('',(14.3750000000001,-29.5,3.));
#6949=CARTESIAN_POINT('',(14.3750000000001,-10.45,3.));
#6950=CARTESIAN_POINT('',(14.3750000000001,-24.725,3.));
#6951=CARTESIAN_POINT('',(14.3750000000001,-29.5,0.));
#6952=CARTESIAN_POINT('',(14.3750000000001,-29.5,3.));
#6953=CARTESIAN_POINT('',(14.3750000000001,-10.45,0.));
#6954=CARTESIAN_POINT('',(14.3750000000001,-24.725,0.));
#6955=CARTESIAN_POINT('',(14.3750000000001,-10.45,3.));
#6956=CARTESIAN_POINT('Origin',(33.4250000000001,-29.5,3.));
#6957=CARTESIAN_POINT('',(33.4250000000001,-29.5,3.));
#6958=CARTESIAN_POINT('',(16.0625000000001,-29.5,3.));
#6959=CARTESIAN_POINT('',(33.4250000000001,-29.5,0.));
#6960=CARTESIAN_POINT('',(33.4250000000001,-29.5,3.));
#6961=CARTESIAN_POINT('',(16.0625000000001,-29.5,0.));
#6962=CARTESIAN_POINT('Origin',(33.4250000000001,-10.45,3.));
#6963=CARTESIAN_POINT('',(33.4250000000001,-10.45,3.));
#6964=CARTESIAN_POINT('',(33.4250000000001,-15.2,3.));
#6965=CARTESIAN_POINT('',(33.4250000000001,-10.45,0.));
#6966=CARTESIAN_POINT('',(33.4250000000001,-10.45,3.));
#6967=CARTESIAN_POINT('',(33.4250000000001,-15.2,0.));
#6968=CARTESIAN_POINT('Origin',(14.3750000000001,-10.45,3.));
#6969=CARTESIAN_POINT('',(6.53750000000007,-10.45,3.));
#6970=CARTESIAN_POINT('',(6.53750000000007,-10.45,0.));
#6971=CARTESIAN_POINT('Origin',(-19.1249999999999,-50.425,3.));
#6972=CARTESIAN_POINT('',(-19.1249999999999,-50.425,3.));
#6973=CARTESIAN_POINT('',(-19.1249999999999,-31.375,3.));
#6974=CARTESIAN_POINT('',(-19.1249999999999,-35.1875,3.));
#6975=CARTESIAN_POINT('',(-19.1249999999999,-50.425,0.));
#6976=CARTESIAN_POINT('',(-19.1249999999999,-50.425,3.));
#6977=CARTESIAN_POINT('',(-19.1249999999999,-31.375,0.));
#6978=CARTESIAN_POINT('',(-19.1249999999999,-35.1875,0.));
#6979=CARTESIAN_POINT('',(-19.1249999999999,-31.375,3.));
#6980=CARTESIAN_POINT('Origin',(-0.0749999999999168,-50.425,3.));
#6981=CARTESIAN_POINT('',(-0.0749999999999168,-50.425,3.));
#6982=CARTESIAN_POINT('',(-0.687499999999936,-50.425,3.));
#6983=CARTESIAN_POINT('',(-0.0749999999999162,-50.425,0.));
#6984=CARTESIAN_POINT('',(-0.0749999999999168,-50.425,3.));
#6985=CARTESIAN_POINT('',(-0.687499999999936,-50.425,0.));
#6986=CARTESIAN_POINT('Origin',(-0.0749999999999168,-31.375,3.));
#6987=CARTESIAN_POINT('',(-0.0749999999999168,-31.375,3.));
#6988=CARTESIAN_POINT('',(-0.0749999999999168,-25.6625,3.));
#6989=CARTESIAN_POINT('',(-0.0749999999999162,-31.375,0.));
#6990=CARTESIAN_POINT('',(-0.0749999999999168,-31.375,3.));
#6991=CARTESIAN_POINT('',(-0.0749999999999168,-25.6625,0.));
#6992=CARTESIAN_POINT('Origin',(-19.1249999999999,-31.375,3.));
#6993=CARTESIAN_POINT('',(-10.2124999999999,-31.375,3.));
#6994=CARTESIAN_POINT('',(-10.2124999999999,-31.375,0.));
#6995=CARTESIAN_POINT('Origin',(22.4250000000001,-31.375,3.));
#6996=CARTESIAN_POINT('',(22.4250000000001,-31.375,3.));
#6997=CARTESIAN_POINT('',(22.4250000000001,-50.425,3.));
#6998=CARTESIAN_POINT('',(22.4250000000001,-25.6625,3.));
#6999=CARTESIAN_POINT('',(22.4250000000001,-31.375,0.));
#7000=CARTESIAN_POINT('',(22.4250000000001,-31.375,3.));
#7001=CARTESIAN_POINT('',(22.4250000000001,-50.425,0.));
#7002=CARTESIAN_POINT('',(22.4250000000001,-25.6625,0.));
#7003=CARTESIAN_POINT('',(22.4250000000001,-50.425,3.));
#7004=CARTESIAN_POINT('Origin',(3.37500000000008,-31.375,3.));
#7005=CARTESIAN_POINT('',(3.37500000000008,-31.375,3.));
#7006=CARTESIAN_POINT('',(1.03750000000006,-31.375,3.));
#7007=CARTESIAN_POINT('',(3.37500000000008,-31.375,0.));
#7008=CARTESIAN_POINT('',(3.37500000000008,-31.375,3.));
#7009=CARTESIAN_POINT('',(1.03750000000006,-31.375,0.));
#7010=CARTESIAN_POINT('Origin',(3.37500000000008,-50.425,3.));
#7011=CARTESIAN_POINT('',(3.37500000000008,-50.425,3.));
#7012=CARTESIAN_POINT('',(3.37500000000008,-35.1875,3.));
#7013=CARTESIAN_POINT('',(3.37500000000008,-50.425,0.));
#7014=CARTESIAN_POINT('',(3.37500000000008,-50.425,3.));
#7015=CARTESIAN_POINT('',(3.37500000000008,-35.1875,0.));
#7016=CARTESIAN_POINT('Origin',(22.4250000000001,-50.425,3.));
#7017=CARTESIAN_POINT('',(10.5625000000001,-50.425,3.));
#7018=CARTESIAN_POINT('',(10.5625000000001,-50.425,0.));
#7019=CARTESIAN_POINT('Origin',(-45.0000006705523,-60.0000008940697,3.));
#7020=CARTESIAN_POINT('',(-42.9500006705523,-60.0000008940697,3.));
#7021=CARTESIAN_POINT('Origin',(-45.0000006705523,-60.0000008940697,3.));
#7022=CARTESIAN_POINT('',(-42.9500006705523,-60.0000008940697,0.));
#7023=CARTESIAN_POINT('',(-42.9500006705523,-60.0000008940697,3.));
#7024=CARTESIAN_POINT('Origin',(-45.0000006705523,-60.0000008940697,0.));
#7025=CARTESIAN_POINT('Origin',(42.4000000000001,-59.9,3.));
#7026=CARTESIAN_POINT('',(44.4500000000001,-59.9,3.));
#7027=CARTESIAN_POINT('Origin',(42.4000000000001,-59.9,3.));
#7028=CARTESIAN_POINT('',(44.4500000000001,-59.9,0.));
#7029=CARTESIAN_POINT('',(44.4500000000001,-59.9,3.));
#7030=CARTESIAN_POINT('Origin',(42.4000000000001,-59.9,0.));
#7031=CARTESIAN_POINT('Origin',(42.3999990522861,19.9999995529652,3.));
#7032=CARTESIAN_POINT('',(44.4499990522861,19.9999995529652,3.));
#7033=CARTESIAN_POINT('Origin',(42.3999990522861,19.9999995529652,3.));
#7034=CARTESIAN_POINT('',(44.4499990522861,19.9999995529652,0.));
#7035=CARTESIAN_POINT('',(44.4499990522861,19.9999995529652,3.));
#7036=CARTESIAN_POINT('Origin',(42.3999990522861,19.9999995529652,0.));
#7037=CARTESIAN_POINT('Origin',(-45.0000006705523,20.0000002980232,3.));
#7038=CARTESIAN_POINT('',(-42.9500006705523,20.0000002980232,3.));
#7039=CARTESIAN_POINT('Origin',(-45.0000006705523,20.0000002980232,3.));
#7040=CARTESIAN_POINT('',(-42.9500006705523,20.0000002980232,0.));
#7041=CARTESIAN_POINT('',(-42.9500006705523,20.0000002980232,3.));
#7042=CARTESIAN_POINT('Origin',(-45.0000006705523,20.0000002980232,0.));
#7043=CARTESIAN_POINT('Origin',(-50.,25.,0.));
#7044=CARTESIAN_POINT('',(-50.,-64.9,0.));
#7045=CARTESIAN_POINT('',(-50.,25.,0.));
#7046=CARTESIAN_POINT('',(-50.,-64.9,0.));
#7047=CARTESIAN_POINT('',(-50.,-64.9,3.));
#7048=CARTESIAN_POINT('',(-50.,-64.9,0.));
#7049=CARTESIAN_POINT('',(-50.,25.,3.));
#7050=CARTESIAN_POINT('',(-50.,-64.9,3.));
#7051=CARTESIAN_POINT('',(-50.,25.,0.));
#7052=CARTESIAN_POINT('Origin',(47.4000000000001,25.,0.));
#7053=CARTESIAN_POINT('',(47.4000000000001,25.,0.));
#7054=CARTESIAN_POINT('',(-50.,25.,0.));
#7055=CARTESIAN_POINT('',(47.4000000000001,25.,3.));
#7056=CARTESIAN_POINT('',(-50.,25.,3.));
#7057=CARTESIAN_POINT('',(47.4000000000001,25.,0.));
#7058=CARTESIAN_POINT('Origin',(47.4000000000001,-64.9,0.));
#7059=CARTESIAN_POINT('',(47.4000000000001,-64.9,0.));
#7060=CARTESIAN_POINT('',(47.4000000000001,25.,0.));
#7061=CARTESIAN_POINT('',(47.4000000000001,-64.9,3.));
#7062=CARTESIAN_POINT('',(47.4000000000001,25.,3.));
#7063=CARTESIAN_POINT('',(47.4000000000001,-64.9,0.));
#7064=CARTESIAN_POINT('Origin',(-50.,-64.9,0.));
#7065=CARTESIAN_POINT('',(47.4000000000001,-64.9,0.));
#7066=CARTESIAN_POINT('',(47.4000000000001,-64.9,3.));
#7067=CARTESIAN_POINT('Origin',(-1.29999999999995,-19.95,3.));
#7068=CARTESIAN_POINT('Origin',(-1.29999999999995,-19.95,0.));
#7069=CARTESIAN_POINT('',(0.,0.,0.));
#7070=CARTESIAN_POINT('',(0.,0.,0.));
#7071=CARTESIAN_POINT('',(20.,-4.99999999999999,13.));
#7072=UNCERTAINTY_MEASURE_WITH_UNIT(LENGTH_MEASURE(0.01),#7088,
'DISTANCE_ACCURACY_VALUE',
'Maximum model space distance between geometric entities at asserted c
onnectivities');
#7073=UNCERTAINTY_MEASURE_WITH_UNIT(LENGTH_MEASURE(0.01),#7088,
'DISTANCE_ACCURACY_VALUE',
'Maximum model space distance between geometric entities at asserted c
onnectivities');
#7074=UNCERTAINTY_MEASURE_WITH_UNIT(LENGTH_MEASURE(0.01),#7088,
'DISTANCE_ACCURACY_VALUE',
'Maximum model space distance between geometric entities at asserted c
onnectivities');
#7075=UNCERTAINTY_MEASURE_WITH_UNIT(LENGTH_MEASURE(0.01),#7088,
'DISTANCE_ACCURACY_VALUE',
'Maximum model space distance between geometric entities at asserted c
onnectivities');
#7076=UNCERTAINTY_MEASURE_WITH_UNIT(LENGTH_MEASURE(0.01),#7088,
'DISTANCE_ACCURACY_VALUE',
'Maximum model space distance between geometric entities at asserted c
onnectivities');
#7077=UNCERTAINTY_MEASURE_WITH_UNIT(LENGTH_MEASURE(0.01),#7088,
'DISTANCE_ACCURACY_VALUE',
'Maximum model space distance between geometric entities at asserted c
onnectivities');
#7078=UNCERTAINTY_MEASURE_WITH_UNIT(LENGTH_MEASURE(0.01),#7088,
'DISTANCE_ACCURACY_VALUE',
'Maximum model space distance between geometric entities at asserted c
onnectivities');
#7079=UNCERTAINTY_MEASURE_WITH_UNIT(LENGTH_MEASURE(0.01),#7088,
'DISTANCE_ACCURACY_VALUE',
'Maximum model space distance between geometric entities at asserted c
onnectivities');
#7080=(
GEOMETRIC_REPRESENTATION_CONTEXT(3)
GLOBAL_UNCERTAINTY_ASSIGNED_CONTEXT((#7072))
GLOBAL_UNIT_ASSIGNED_CONTEXT((#7088,#7090,#7091))
REPRESENTATION_CONTEXT('','3D')
);
#7081=(
GEOMETRIC_REPRESENTATION_CONTEXT(3)
GLOBAL_UNCERTAINTY_ASSIGNED_CONTEXT((#7073))
GLOBAL_UNIT_ASSIGNED_CONTEXT((#7088,#7090,#7091))
REPRESENTATION_CONTEXT('','3D')
);
#7082=(
GEOMETRIC_REPRESENTATION_CONTEXT(3)
GLOBAL_UNCERTAINTY_ASSIGNED_CONTEXT((#7074))
GLOBAL_UNIT_ASSIGNED_CONTEXT((#7088,#7090,#7091))
REPRESENTATION_CONTEXT('','3D')
);
#7083=(
GEOMETRIC_REPRESENTATION_CONTEXT(3)
GLOBAL_UNCERTAINTY_ASSIGNED_CONTEXT((#7075))
GLOBAL_UNIT_ASSIGNED_CONTEXT((#7088,#7090,#7091))
REPRESENTATION_CONTEXT('','3D')
);
#7084=(
GEOMETRIC_REPRESENTATION_CONTEXT(3)
GLOBAL_UNCERTAINTY_ASSIGNED_CONTEXT((#7076))
GLOBAL_UNIT_ASSIGNED_CONTEXT((#7088,#7090,#7091))
REPRESENTATION_CONTEXT('','3D')
);
#7085=(
GEOMETRIC_REPRESENTATION_CONTEXT(3)
GLOBAL_UNCERTAINTY_ASSIGNED_CONTEXT((#7077))
GLOBAL_UNIT_ASSIGNED_CONTEXT((#7088,#7090,#7091))
REPRESENTATION_CONTEXT('','3D')
);
#7086=(
GEOMETRIC_REPRESENTATION_CONTEXT(3)
GLOBAL_UNCERTAINTY_ASSIGNED_CONTEXT((#7078))
GLOBAL_UNIT_ASSIGNED_CONTEXT((#7088,#7090,#7091))
REPRESENTATION_CONTEXT('','3D')
);
#7087=(
GEOMETRIC_REPRESENTATION_CONTEXT(3)
GLOBAL_UNCERTAINTY_ASSIGNED_CONTEXT((#7079))
GLOBAL_UNIT_ASSIGNED_CONTEXT((#7088,#7090,#7091))
REPRESENTATION_CONTEXT('','3D')
);
#7088=(
LENGTH_UNIT()
NAMED_UNIT(*)
SI_UNIT(.MILLI.,.METRE.)
);
#7089=(
LENGTH_UNIT()
NAMED_UNIT(*)
SI_UNIT($,.METRE.)
);
#7090=(
NAMED_UNIT(*)
PLANE_ANGLE_UNIT()
SI_UNIT($,.RADIAN.)
);
#7091=(
NAMED_UNIT(*)
SI_UNIT($,.STERADIAN.)
SOLID_ANGLE_UNIT()
);
#7092=SHAPE_DEFINITION_REPRESENTATION(#7099,#7112);
#7093=SHAPE_DEFINITION_REPRESENTATION(#7100,#7113);
#7094=SHAPE_DEFINITION_REPRESENTATION(#7101,#7114);
#7095=SHAPE_DEFINITION_REPRESENTATION(#7102,#7115);
#7096=SHAPE_DEFINITION_REPRESENTATION(#7103,#7116);
#7097=SHAPE_DEFINITION_REPRESENTATION(#7105,#7117);
#7098=SHAPE_DEFINITION_REPRESENTATION(#7108,#7118);
#7099=PRODUCT_DEFINITION_SHAPE('',$,#7120);
#7100=PRODUCT_DEFINITION_SHAPE('',$,#7121);
#7101=PRODUCT_DEFINITION_SHAPE('',$,#7122);
#7102=PRODUCT_DEFINITION_SHAPE('',$,#7123);
#7103=PRODUCT_DEFINITION_SHAPE('',$,#7124);
#7104=PRODUCT_DEFINITION_SHAPE($,$,#29);
#7105=PRODUCT_DEFINITION_SHAPE('',$,#7125);
#7106=PRODUCT_DEFINITION_SHAPE($,$,#30);
#7107=PRODUCT_DEFINITION_SHAPE($,$,#31);
#7108=PRODUCT_DEFINITION_SHAPE('',$,#7126);
#7109=PRODUCT_DEFINITION_SHAPE($,$,#32);
#7110=PRODUCT_DEFINITION_SHAPE($,$,#33);
#7111=PRODUCT_DEFINITION_SHAPE($,$,#34);
#7112=SHAPE_REPRESENTATION('',(#4408,#4762,#4763,#4764),#7080);
#7113=SHAPE_REPRESENTATION('',(#4409),#7081);
#7114=SHAPE_REPRESENTATION('',(#4436,#4713,#4714),#7082);
#7115=SHAPE_REPRESENTATION('',(#4437,#4542),#7083);
#7116=SHAPE_REPRESENTATION('',(#4438),#7084);
#7117=SHAPE_REPRESENTATION('',(#4543),#7085);
#7118=SHAPE_REPRESENTATION('',(#4715),#7086);
#7119=PRODUCT_DEFINITION_CONTEXT('part definition',#7142,'design');
#7120=PRODUCT_DEFINITION('2026-08-02-16-54-25-223',
'Jarned V1 -assembled-final',#7127,#7119);
#7121=PRODUCT_DEFINITION('2026-08-02-16-25-32-052',
'Jarned V1 - Bottom 2',#7128,#7119);
#7122=PRODUCT_DEFINITION('2026-08-02-14-09-28-721','pcb',#7129,#7119);
#7123=PRODUCT_DEFINITION('2026-08-02-14-09-28-722',
'FanPinHeader_1x04_P2.54mm_Vertical',#7130,#7119);
#7124=PRODUCT_DEFINITION('2026-08-02-14-09-28-723',
'Fan_Pin_Header_Straight_1x04',#7131,#7119);
#7125=PRODUCT_DEFINITION('2026-08-02-14-09-28-724','Jarned V1_PCB',#7132,
#7119);
#7126=PRODUCT_DEFINITION('2026-08-03-10-12-00-794','Jarned V1 - Top 2',
#7133,#7119);
#7127=PRODUCT_DEFINITION_FORMATION('',$,#7144);
#7128=PRODUCT_DEFINITION_FORMATION('',$,#7145);
#7129=PRODUCT_DEFINITION_FORMATION('',$,#7146);
#7130=PRODUCT_DEFINITION_FORMATION('',$,#7147);
#7131=PRODUCT_DEFINITION_FORMATION('',$,#7148);
#7132=PRODUCT_DEFINITION_FORMATION('',$,#7149);
#7133=PRODUCT_DEFINITION_FORMATION('',$,#7150);
#7134=PRODUCT_RELATED_PRODUCT_CATEGORY('Jarned V1 -assembled-final',
'Jarned V1 -assembled-final',(#7144));
#7135=PRODUCT_RELATED_PRODUCT_CATEGORY('Jarned V1 - Bottom 2',
'Jarned V1 - Bottom 2',(#7145));
#7136=PRODUCT_RELATED_PRODUCT_CATEGORY('pcb','pcb',(#7146));
#7137=PRODUCT_RELATED_PRODUCT_CATEGORY(
'FanPinHeader_1x04_P2.54mm_Vertical',
'FanPinHeader_1x04_P2.54mm_Vertical',(#7147));
#7138=PRODUCT_RELATED_PRODUCT_CATEGORY('Fan_Pin_Header_Straight_1x04',
'Fan_Pin_Header_Straight_1x04',(#7148));
#7139=PRODUCT_RELATED_PRODUCT_CATEGORY('Jarned V1_PCB','Jarned V1_PCB',
(#7149));
#7140=PRODUCT_RELATED_PRODUCT_CATEGORY('Jarned V1 - Top 2',
'Jarned V1 - Top 2',(#7150));
#7141=APPLICATION_PROTOCOL_DEFINITION('international standard',
'automotive_design',2009,#7142);
#7142=APPLICATION_CONTEXT(
'Core Data for Automotive Mechanical Design Process');
#7143=PRODUCT_CONTEXT('part definition',#7142,'mechanical');
#7144=PRODUCT('2026-08-02-16-54-25-223','Jarned V1 -assembled-final',$,
(#7143));
#7145=PRODUCT('2026-08-02-16-25-32-052','Jarned V1 - Bottom 2',$,(#7143));
#7146=PRODUCT('2026-08-02-14-09-28-721','pcb',
'KiCad electronic assembly',(#7143));
#7147=PRODUCT('2026-08-02-14-09-28-722',
'FanPinHeader_1x04_P2.54mm_Vertical',$,(#7143));
#7148=PRODUCT('2026-08-02-14-09-28-723','Fan_Pin_Header_Straight_1x04',
$,(#7143));
#7149=PRODUCT('2026-08-02-14-09-28-724','Jarned V1_PCB',$,(#7143));
#7150=PRODUCT('2026-08-03-10-12-00-794','Jarned V1 - Top 2',$,(#7143));
#7151=PRESENTATION_STYLE_ASSIGNMENT((#7155));
#7152=PRESENTATION_STYLE_ASSIGNMENT((#7156));
#7153=PRESENTATION_STYLE_ASSIGNMENT((#7157));
#7154=PRESENTATION_STYLE_ASSIGNMENT((#7158));
#7155=SURFACE_STYLE_USAGE(.BOTH.,#7159);
#7156=SURFACE_STYLE_USAGE(.BOTH.,#7160);
#7157=SURFACE_STYLE_USAGE(.BOTH.,#7161);
#7158=SURFACE_STYLE_USAGE(.BOTH.,#7162);
#7159=SURFACE_SIDE_STYLE('',(#7163));
#7160=SURFACE_SIDE_STYLE('',(#7164));
#7161=SURFACE_SIDE_STYLE('',(#7165));
#7162=SURFACE_SIDE_STYLE('',(#7166));
#7163=SURFACE_STYLE_FILL_AREA(#7167);
#7164=SURFACE_STYLE_FILL_AREA(#7168);
#7165=SURFACE_STYLE_FILL_AREA(#7169);
#7166=SURFACE_STYLE_FILL_AREA(#7170);
#7167=FILL_AREA_STYLE('Steel - Satin',(#7171));
#7168=FILL_AREA_STYLE('Opaque(228,227,207)',(#7172));
#7169=FILL_AREA_STYLE('Opaque(219,188,126)',(#7173));
#7170=FILL_AREA_STYLE('Opaque(80,124,105)',(#7174));
#7171=FILL_AREA_STYLE_COLOUR('Steel - Satin',#7175);
#7172=FILL_AREA_STYLE_COLOUR('Opaque(228,227,207)',#7176);
#7173=FILL_AREA_STYLE_COLOUR('Opaque(219,188,126)',#7177);
#7174=FILL_AREA_STYLE_COLOUR('Opaque(80,124,105)',#7178);
#7175=COLOUR_RGB('Steel - Satin',0.627450980392157,0.627450980392157,0.627450980392157);
#7176=COLOUR_RGB('Opaque(228,227,207)',0.894117647058824,0.890196078431372,
0.811764705882353);
#7177=COLOUR_RGB('Opaque(219,188,126)',0.858823529411765,0.737254901960784,
0.494117647058824);
#7178=COLOUR_RGB('Opaque(80,124,105)',0.313725490196078,0.486274509803922,
0.411764705882353);
ENDSEC;
END-ISO-10303-21;
